"beach","date","year","day_of_year","ecoli","exceed","ecoli_cat","ecoli_lag1","rain_lag1_in","rain_48h_in","tmax_lag1_f","wind_lag1_mph","lake_lag1_ft","lock_open_lag1"
"12th",2006-05-25,2006,145,113.3,0,"low",2.4,0.627,0.627,77.84,12.45,577.846,0
"12th",2006-05-26,2006,146,18.5,0,"low",113.3,0.023,0.65,74.1,11.08,577.922,0
"12th",2006-06-01,2006,152,17.3,0,"low",5.7,0,0.394,73.21,7.89,578.078,0
"12th",2006-06-02,2006,153,1,0,"low",17.3,0,0,70.48,8.86,578.091,0
"12th",2006-06-07,2006,158,326.7,1,"exceed",26.2,0,0,82.02,11.59,577.94,0
"12th",2006-06-08,2006,159,22,0,"low",326.7,0,0,76.99,4.86,578.118,0
"12th",2006-06-09,2006,160,1,0,"low",22,0,0,78.41,6.58,578.066,0
"12th",2006-06-14,2006,165,23.1,0,"low",1,0,0,68.97,6.83,578.077,0
"12th",2006-06-15,2006,166,5.2,0,"low",23.1,0.006,0.006,76.55,7.12,578.113,0
"12th",2006-06-16,2006,167,22.8,0,"low",5.2,0,0.006,85.27,5.06,578.093,0
"12th",2006-06-21,2006,172,501.3,1,"exceed",60.8,0,0,77.5,3.89,578.005,0
"12th",2006-06-22,2006,173,64.1,0,"low",501.3,0.066,0.066,87.47,9.45,577.913,0
"12th",2006-06-23,2006,174,21.3,0,"low",64.1,0.229,0.295,78.75,3.81,578.022,0
"12th",2006-06-28,2006,179,2,0,"low",102.8,0,0.647,76.64,3.95,578.035,0
"12th",2006-06-29,2006,180,3.2,0,"low",2,0.261,0.261,76.96,6.24,578.013,0
"12th",2006-06-30,2006,181,50.1,0,"low",3.2,0,0.261,77.22,3.66,577.952,0
"12th",2006-07-12,2006,193,272.5,1,"exceed",237.5,0.226,0.226,75.02,3.75,578.091,0
"12th",2006-07-13,2006,194,48.7,0,"low",272.5,0.007,0.233,75.76,11.1,578.161,0
"12th",2006-07-14,2006,195,596.4,1,"exceed",48.7,0,0.007,80.69,6.33,578.034,0
"12th",2006-07-19,2006,200,184,0,"moderate",461.9,0.067,0.2,80.22,11.58,578.065,0
"12th",2006-07-20,2006,201,79.1,0,"low",184,0.003,0.071,88.34,6.7,578.016,0
"12th",2006-07-21,2006,202,86.7,0,"low",79.1,0.884,0.888,81.22,4.12,577.928,0
"12th",2006-07-26,2006,207,67.4,0,"low",33.7,0,0.003,89.35,12.28,577.764,0
"12th",2006-07-27,2006,208,136.4,0,"moderate",67.4,0.107,0.107,83.38,11.37,577.861,0
"12th",2006-07-28,2006,209,2192.3,1,"exceed",136.4,0.014,0.121,86.48,5.13,577.947,0
"12th",2006-07-29,2006,210,32.1,0,"low",2192.3,0,0.014,90.7,3.97,577.942,0
"12th",2006-08-02,2006,214,9.1,0,"low",28,0,0,96.06,12.49,577.792,0
"12th",2006-08-03,2006,215,52.3,0,"low",9.1,0.362,0.362,95.22,13.83,577.893,0
"12th",2006-08-04,2006,216,43.4,0,"low",52.3,0.432,0.794,79.44,4.48,578.06,0
"12th",2006-08-09,2006,221,66.5,0,"low",435.1,0,0,78.78,10.64,578.109,0
"12th",2006-08-10,2006,222,210.9,0,"moderate",66.5,0.074,0.074,81.39,6.9,577.977,0
"12th",2006-08-11,2006,223,1304.2,1,"exceed",210.9,0.304,0.378,76.72,5.49,578.171,0
"12th",2006-08-12,2006,224,1355.5,1,"exceed",1304.2,0,0.304,75.19,13.5,578.331,0
"12th",2006-08-13,2006,225,35.2,0,"low",1355.5,0,0,76.21,8.73,578.067,0
"12th",2006-08-14,2006,226,19,0,"low",35.2,0,0,80.39,5.08,577.938,0
"12th",2006-08-15,2006,227,36.8,0,"low",19,0,0,81.5,5.71,577.885,0
"12th",2006-08-16,2006,228,275.2,1,"exceed",36.8,0,0,78.56,2.48,577.826,0
"12th",2006-08-17,2006,229,55.2,0,"low",275.2,0,0,79.24,6.36,577.919,0
"12th",2006-08-18,2006,230,924.2,1,"exceed",55.2,0.006,0.006,81.25,5.36,577.95,0
"12th",2006-08-23,2006,235,125.8,0,"low",11.4,0,0,82.6,2.24,577.883,0
"12th",2006-08-24,2006,236,68.6,0,"low",125.8,0,0,86.25,4.47,577.925,0
"12th",2006-08-25,2006,237,153.5,0,"moderate",68.6,0.421,0.421,83.16,6.8,577.945,0
"12th",2006-08-30,2006,242,72.8,0,"low",233.3,0.069,0.72,69.03,11.11,578.246,0
"12th",2006-08-31,2006,243,57.4,0,"low",72.8,0.02,0.09,72.96,11.56,578.4,0
"12th",2006-09-01,2006,244,188,0,"moderate",57.4,0,0.02,73,12.7,578.358,0
"12th",2007-05-30,2007,150,27.6,0,"low",56.2,0,0,84.62,7.15,577.877,0
"12th",2007-05-31,2007,151,47.6,0,"low",27.6,0,0,87.17,9.71,577.828,0
"12th",2007-06-01,2007,152,893.2,1,"exceed",47.6,0.152,0.152,77.66,8.33,577.775,0
"12th",2007-06-06,2007,157,172.8,0,"moderate",27.4,0.319,0.556,66.35,8.51,577.92,0
"12th",2007-06-07,2007,158,175.8,0,"moderate",172.8,0.003,0.322,83.46,8.86,577.75,0
"12th",2007-06-08,2007,159,19.2,0,"low",175.8,0,0.003,91.16,20.28,577.59,0
"12th",2007-06-13,2007,164,98.8,0,"low",72.3,0,0,77.44,7.87,577.911,0
"12th",2007-06-14,2007,165,54.6,0,"low",98.8,0,0,78.51,6.52,577.919,0
"12th",2007-06-15,2007,166,21,0,"low",54.6,0,0,81.37,5.27,577.939,0
"12th",2007-06-20,2007,171,20.7,0,"low",15.1,0.628,0.735,79.52,9.75,577.746,0
"12th",2007-06-21,2007,172,15.6,0,"low",20.7,0,0.628,80.33,3.01,577.675,0
"12th",2007-06-22,2007,173,398.7,1,"exceed",15.6,0,0,77.21,3.17,577.785,0
"12th",2007-06-27,2007,178,10.4,0,"low",16.5,0.052,0.052,86.4,6.74,577.738,0
"12th",2007-06-28,2007,179,264.9,1,"exceed",10.4,0.272,0.324,86.72,7.26,577.706,0
"12th",2007-06-29,2007,180,841,1,"exceed",264.9,0,0.272,73.83,11.11,578.045,0
"12th",2007-07-04,2007,185,16.6,0,"low",91.9,0.016,0.016,80.51,6.95,577.696,0
"12th",2007-07-05,2007,186,84.1,0,"low",16.6,0.43,0.446,79.63,3.46,577.806,0
"12th",2007-07-06,2007,187,66.9,0,"low",84.1,0,0.43,81.96,3.49,577.759,0
"12th",2007-07-11,2007,192,20,0,"low",35,0.29,0.397,87.17,7.55,577.716,0
"12th",2007-07-12,2007,193,30.7,0,"low",20,0,0.29,76.84,7.42,577.669,0
"12th",2007-07-13,2007,194,41.7,0,"low",30.7,0,0,78.97,9.98,577.625,0
"12th",2007-07-18,2007,199,12.2,0,"low",86.6,0.104,0.104,82.7,5.34,577.769,0
"12th",2007-07-19,2007,200,89.2,0,"low",12.2,0.34,0.444,84.34,8.31,577.683,0
"12th",2007-07-20,2007,201,211.5,0,"moderate",89.2,0.201,0.541,76.85,6.69,577.95,0
"12th",2007-07-25,2007,206,97.6,0,"low",61.6,0,0,77.74,1.57,577.688,0
"12th",2007-07-26,2007,207,329.1,1,"exceed",97.6,0,0,81.36,6.12,577.674,0
"12th",2007-07-27,2007,208,550,1,"exceed",329.1,0.571,0.571,82.25,7.41,577.661,0
"12th",2007-07-28,2007,209,161,0,"moderate",550,0.086,0.657,79.2,1.16,577.755,0
"12th",2007-08-01,2007,213,111.1,0,"low",12.3,0,0,85.75,2.62,577.675,0
"12th",2007-08-02,2007,214,163.4,0,"moderate",111.1,0,0,87.93,2.4,577.682,0
"12th",2007-08-03,2007,215,35.7,0,"low",163.4,0,0,89.2,6.11,577.563,0
"12th",2007-08-08,2007,220,31,0,"low",124.5,0.503,0.536,91.67,5.23,577.645,0
"12th",2007-08-09,2007,221,25.4,0,"low",31,0.046,0.55,83.4,3.82,577.665,0
"12th",2007-08-10,2007,222,14.6,0,"low",25.4,0.142,0.188,84.22,1.82,577.71,0
"12th",2007-08-15,2007,227,3.1,0,"low",60,0.394,0.394,83.28,6.98,577.495,0
"12th",2007-08-16,2007,228,174,0,"moderate",3.1,0.807,1.201,79.09,5.06,577.561,0
"12th",2007-08-17,2007,229,29.9,0,"low",174,0,0.807,75.49,4.57,577.507,0
"12th",2007-08-22,2007,234,21.9,0,"low",127.6,0.014,0.496,82.94,3.97,577.727,0
"12th",2007-08-23,2007,235,13.3,0,"low",21.9,0.765,0.778,89.07,5.24,577.464,0
"12th",2007-08-24,2007,236,55.6,0,"low",13.3,1.444,2.209,87.57,8.83,577.425,1
"12th",2007-08-25,2007,237,18.7,0,"low",55.6,0.303,1.747,79.96,6.26,577.509,1
"12th",2007-08-26,2007,238,20,0,"low",18.7,0.376,0.678,74.19,2.88,577.618,0
"12th",2007-08-27,2007,239,75.4,0,"low",20,0,0.376,75.15,1.87,577.588,0
"12th",2007-08-28,2007,240,855.1,1,"exceed",75.4,0,0,84.73,6.21,577.524,0
"12th",2007-08-29,2007,241,51.1,0,"low",855.1,0,0,91.44,7.75,577.484,0
"12th",2007-08-30,2007,242,125.5,0,"low",51.1,0,0,82.25,3.49,577.699,0
"12th",2007-08-31,2007,243,116.7,0,"low",125.5,0,0,71.66,12.03,577.78,0
"12th",2008-05-29,2008,150,7.1,0,"low",53.7,0,0,57.37,8.72,577.973,0
"12th",2008-05-30,2008,151,56.4,0,"low",7.1,0.091,0.091,65.64,2.73,577.753,0
"12th",2008-06-04,2008,156,9.5,0,"low",30.8,0.424,0.424,67.07,5.55,577.949,0
"12th",2008-06-05,2008,157,23.7,0,"low",9.5,0,0.424,69.87,5.7,578.065,0
"12th",2008-06-06,2008,158,42.6,0,"low",23.7,0.373,0.373,85.84,13.57,577.936,0
"12th",2008-06-11,2008,163,2.5,0,"low",3.9,0.007,0.708,80.1,9.06,577.908,0
"12th",2008-06-12,2008,164,59.5,0,"low",2.5,0,0.007,83.05,13.3,578.155,0
"12th",2008-06-13,2008,165,17.1,0,"low",59.5,0,0,87.44,20.36,578.215,0
"12th",2008-06-18,2008,170,3.1,0,"low",3.6,0,0,74.43,9.87,578.079,0
"12th",2008-06-19,2008,171,90.8,0,"low",3.1,0,0,67.51,5.48,578.15,0
"12th",2008-06-20,2008,172,12.8,0,"low",90.8,0.007,0.007,74.31,3.49,578.13,0
"12th",2008-06-25,2008,177,15.9,0,"low",10.3,0,0,76.16,4.61,578.148,0
"12th",2008-06-26,2008,178,35.1,0,"low",15.9,0.073,0.073,81.3,10.19,578.1,0
"12th",2008-06-27,2008,179,21.7,0,"low",35.1,0,0.073,84.92,7.36,578.16,0
"12th",2008-07-02,2008,184,5.7,0,"low",18.4,0.01,0.01,81.72,8.39,578.09,0
"12th",2008-07-03,2008,185,254.4,1,"exceed",5.7,0.062,0.072,85.84,12.93,578.098,0
"12th",2008-07-04,2008,186,6.3,0,"low",254.4,0,0.062,67.79,17.79,578.525,0
"12th",2008-07-09,2008,191,547.5,1,"exceed",6.6,0.378,0.536,83.06,9.37,578.235,0
"12th",2008-07-10,2008,192,15.7,0,"low",547.5,0.03,0.408,77.88,4.99,578.223,0
"12th",2008-07-11,2008,193,46.7,0,"low",15.7,0.336,0.366,81.57,11.07,578.145,0
"12th",2008-07-16,2008,198,108.1,0,"low",139.9,0,0,88.94,8.75,578.149,0
"12th",2008-07-17,2008,199,42.2,0,"low",108.1,0,0,88.17,6.52,578.227,0
"12th",2008-07-18,2008,200,5.2,0,"low",42.2,0,0,87.59,9.49,578.239,0
"12th",2008-07-23,2008,205,37.9,0,"low",160.3,0.041,0.123,72.51,9.97,578.575,0
"12th",2008-07-24,2008,206,6.2,0,"low",37.9,0,0.041,75.87,9.82,578.516,0
"12th",2008-07-25,2008,207,93.9,0,"low",6.2,0,0,78.52,1.74,578.37,0
"12th",2008-07-30,2008,212,5.1,0,"low",182.2,0.141,0.141,86.49,5.16,578.319,0
"12th",2008-07-31,2008,213,6.2,0,"low",5.1,0.027,0.168,83.16,6.02,578.298,0
"12th",2008-08-01,2008,214,125.2,0,"low",6.2,0.489,0.516,82.21,4.41,578.233,0
"12th",2008-08-06,2008,219,41.2,0,"low",387.3,0.061,0.96,81.18,2.56,578.461,0
"12th",2008-08-07,2008,220,13.6,0,"low",41.2,0.007,0.068,79.5,4.99,578.291,0
"12th",2008-08-08,2008,221,24.6,0,"low",13.6,0.007,0.014,76.86,8.2,578.517,0
"12th",2008-08-13,2008,226,27.9,0,"low",93.6,0,0,73.79,3.97,578.41,0
"12th",2008-08-14,2008,227,51.7,0,"low",27.9,0.02,0.02,73.57,2.82,578.427,0
"12th",2008-08-15,2008,228,270.7,1,"exceed",51.7,0,0.02,73.84,8.43,578.574,0
"12th",2008-08-16,2008,229,8.5,0,"low",270.7,0,0,74.59,8.57,578.525,0
"12th",2008-08-20,2008,233,27.4,0,"low",132.2,0,0,77.55,6.53,578.565,0
"12th",2008-08-21,2008,234,63.4,0,"low",27.4,0,0,76.09,7.28,578.485,0
"12th",2008-08-22,2008,235,3,0,"low",63.4,0,0,79.19,7.57,578.367,0
"12th",2008-08-27,2008,240,1,0,"low",8.2,0,0,72.62,10.15,578.403,0
"12th",2008-08-28,2008,241,12.5,0,"low",1,0,0,76.08,5.17,578.309,0
"12th",2008-08-29,2008,242,153.9,0,"moderate",12.5,0.023,0.023,79.07,6.49,578.204,0
"12th",2009-05-28,2009,148,2.7,0,"low",1,0.081,0.941,68.21,1.89,579.11,0
"12th",2009-05-29,2009,149,1.8,0,"low",2.7,0,0.081,60.14,5.87,578.911,0
"12th",2009-06-03,2009,154,20,0,"low",309.8,0.036,0.817,56.58,10.14,579.017,0
"12th",2009-06-04,2009,155,5.2,0,"low",20,0,0.036,58.26,12,579.015,0
"12th",2009-06-05,2009,156,1,0,"low",5.2,0,0,70.72,6.54,578.901,0
"12th",2009-06-10,2009,161,12.1,0,"low",182.2,0,0.168,64.73,5.26,579.142,0
"12th",2009-06-11,2009,162,110.8,0,"low",12.1,0.03,0.03,62.63,8.29,579.027,0
"12th",2009-06-12,2009,163,40.4,0,"low",110.8,0.53,0.561,62.31,10.41,579.194,0
"12th",2009-06-17,2009,168,387.3,1,"exceed",1441.6,0.578,0.848,69.21,11.06,579.153,0
"12th",2009-06-18,2009,169,52.9,0,"low",387.3,0,0.578,73.85,2.6,579.141,0
"12th",2009-06-19,2009,170,292.5,1,"exceed",52.9,0.162,0.162,80.18,5.44,579.036,0
"12th",2009-06-20,2009,171,6.3,0,"low",292.5,1.233,1.395,87.15,7.92,578.927,0
"12th",2009-06-24,2009,175,30.9,0,"low",9.6,0,0.067,86.18,4.48,579.09,0
"12th",2009-06-25,2009,176,7,0,"low",30.9,0.06,0.06,88.66,1.08,579.048,0
"12th",2009-06-26,2009,177,5.1,0,"low",7,0,0.06,84.76,1.48,579.084,0
"12th",2009-07-01,2009,182,29.5,0,"low",11.4,0,0,67.88,8.88,579.061,0
"12th",2009-07-02,2009,183,11.6,0,"low",29.5,0,0,67.3,6.31,579.068,0
"12th",2009-07-08,2009,189,706.6,1,"exceed",11.4,0,0,72.17,5.71,579.018,0
"12th",2009-07-09,2009,190,47.6,0,"low",706.6,0.134,0.134,69.59,7.14,579.049,0
"12th",2009-07-10,2009,191,42.2,0,"low",47.6,0,0.134,77.09,5.52,579.128,0
"12th",2009-07-15,2009,196,172.8,0,"moderate",1420.8,0,0,78.16,6.91,578.959,0
"12th",2009-07-16,2009,197,5.2,0,"low",172.8,0.609,0.609,84.99,9.24,578.83,0
"12th",2009-07-17,2009,198,44.9,0,"low",5.2,0.115,0.724,80.48,8.61,578.827,0
"12th",2009-07-22,2009,203,373.4,1,"exceed",278.3,0.013,0.013,75.78,5.38,579.032,0
"12th",2009-07-23,2009,204,86.4,0,"low",373.4,0,0.013,73.56,2.83,579.107,0
"12th",2009-07-24,2009,205,78.3,0,"low",86.4,0.115,0.115,74.45,2.68,579.058,0
"12th",2009-07-29,2009,210,289.4,1,"exceed",6.6,0.037,0.037,82.46,4.85,578.877,0
"12th",2009-07-30,2009,211,44.5,0,"low",289.4,0,0.037,73.7,4.93,578.896,0
"12th",2009-07-31,2009,212,16.1,0,"low",44.5,0,0,77.29,5.36,578.84,0
"12th",2009-08-05,2009,217,89.4,0,"low",12.8,0,0.086,78.31,1.13,578.907,0
"12th",2009-08-06,2009,218,32.1,0,"low",89.4,0,0,73.4,5.24,578.799,0
"12th",2009-08-07,2009,219,44.3,0,"low",32.1,0.006,0.006,75.18,2.12,578.84,0
"12th",2009-08-12,2009,224,24.8,0,"low",16.6,0,0,75.27,6.13,579.043,0
"12th",2009-08-13,2009,225,23.4,0,"low",24.8,0,0,76.45,5.32,578.94,0
"12th",2009-08-14,2009,226,9.6,0,"low",23.4,0,0,80.49,3.45,578.885,0
"12th",2009-08-19,2009,231,1938.7,1,"exceed",11.7,0.099,0.585,82.34,7.35,578.846,0
"12th",2009-08-20,2009,232,21.1,0,"low",1938.7,0.129,0.228,78.4,4.67,578.865,0
"12th",2009-08-21,2009,233,2.9,0,"low",21.1,0.077,0.206,76.57,13.32,578.875,0
"12th",2009-08-26,2009,238,2.7,0,"low",2.5,0,0,79.49,10.03,578.733,0
"12th",2009-08-27,2009,239,300.4,1,"exceed",2.7,0.499,0.499,72.55,4.21,578.996,0
"12th",2009-08-28,2009,240,61.4,0,"low",300.4,0.591,1.09,66.8,11.41,579.078,0
"12th",2009-09-02,2009,245,212.5,0,"moderate",1,0,0,67.55,5.36,578.965,0
"12th",2009-09-03,2009,246,45.9,0,"low",212.5,0,0,68.55,4.39,578.963,0
"12th",2010-05-28,2010,148,21.2,0,"low",14.7,0,0,68.74,12.11,578.183,0
"12th",2010-06-03,2010,154,84.5,0,"low",36.4,1.092,1.092,75.25,2.54,578.187,0
"12th",2010-06-04,2010,155,32.9,0,"low",84.5,0,1.092,69.94,7.94,578.22,0
"12th",2010-06-09,2010,160,78.8,0,"low",63.9,0.326,0.326,71.96,9.27,578.131,0
"12th",2010-06-10,2010,161,28.8,0,"low",78.8,0,0.326,82.05,9.27,578.265,0
"12th",2010-06-11,2010,162,212.3,0,"moderate",28.8,0,0,78.29,4.19,578.175,0
"12th",2010-06-16,2010,167,21.6,0,"low",51.3,0.505,0.606,76.3,1.25,578.43,0
"12th",2010-06-17,2010,168,55,0,"low",21.6,0,0.505,79.65,6.26,578.48,0
"12th",2010-06-18,2010,169,55,0,"low",55,0,0,76.84,5.9,578.355,0
"12th",2010-06-23,2010,174,37.8,0,"low",38.8,0.706,1.004,85.44,7.41,578.446,0
"12th",2010-06-24,2010,175,42.4,0,"low",37.8,0.681,1.387,86.02,10.27,578.17,0
"12th",2010-06-25,2010,176,65.6,0,"low",42.4,0,0.681,76.71,2.75,578.34,0
"12th",2010-06-30,2010,181,30.5,0,"low",131.7,0,0.868,69.5,8.21,578.385,0
"12th",2010-07-01,2010,182,35,0,"low",30.5,0,0,70.32,4.55,578.399,0
"12th",2010-07-02,2010,183,53.2,0,"low",35,0,0,75.76,6.21,578.397,0
"12th",2010-07-08,2010,189,168.5,0,"moderate",21.5,0.131,0.177,89.29,4.21,578.271,0
"12th",2010-07-09,2010,190,379.1,1,"exceed",168.5,0.14,0.272,81.14,0.61,578.34,0
"12th",2010-07-14,2010,195,130.6,0,"moderate",196.9,0.069,0.076,82.33,5.48,578.445,0
"12th",2010-07-15,2010,196,122.7,0,"low",130.6,0,0.069,88.29,8.21,578.348,0
"12th",2010-07-16,2010,197,2.7,0,"low",122.7,0.003,0.003,89.71,6.68,578.358,0
"12th",2010-07-21,2010,202,219.6,0,"moderate",448.6,0,0.003,82.64,6.44,578.354,0
"12th",2010-07-22,2010,203,843.5,1,"exceed",219.6,0,0,84.11,1.53,578.33,0
"12th",2010-07-23,2010,204,26.2,0,"low",843.5,1.07,1.07,87.85,9.25,578.234,0
"12th",2010-07-28,2010,209,78.3,0,"low",86.2,0,0,87.02,5.99,578.336,0
"12th",2010-07-29,2010,210,1773.3,1,"exceed",78.3,0,0,88.06,5.75,578.268,0
"12th",2010-07-30,2010,211,212.7,0,"moderate",1773.3,0,0,77.9,5.76,578.413,0
"12th",2010-08-04,2010,216,962.6,1,"exceed",86,0.769,0.81,82.56,3.79,578.278,0
"12th",2010-08-05,2010,217,112.9,0,"low",962.6,0.521,1.291,79.23,3.3,578.327,0
"12th",2010-08-06,2010,218,398,1,"exceed",112.9,0,0.521,82.97,9.68,578.252,0
"12th",2010-08-07,2010,219,56.7,0,"low",398,0,0,78.74,3.82,578.307,0
"12th",2010-08-11,2010,223,2.5,0,"low",21,0,0.049,82.32,3.87,578.372,0
"12th",2010-08-12,2010,224,36.4,0,"low",2.5,0,0,88.67,2.81,578.417,0
"12th",2010-08-13,2010,225,28.6,0,"low",36.4,0,0,85.03,2.5,578.441,0
"12th",2010-08-18,2010,230,36.6,0,"low",11.5,0,0,76.09,3.47,578.056,0
"12th",2010-08-19,2010,231,54.7,0,"low",36.6,0.073,0.073,80.87,2.04,578.04,0
"12th",2010-08-20,2010,232,57.4,0,"low",54.7,0,0.073,84.83,4.96,578.133,0
"12th",2010-08-25,2010,237,338.2,1,"exceed",46.9,0,0,78.9,3.69,578.324,0
"12th",2010-08-26,2010,238,16.6,0,"low",338.2,0,0,76.54,8.92,578.394,0
"12th",2010-08-27,2010,239,48.4,0,"low",16.6,0,0,78.27,2.73,578.22,0
"12th",2010-09-01,2010,244,48.2,0,"low",3.5,0,0,90.34,12.61,577.888,0
"12th",2010-09-02,2010,245,35.2,0,"low",48.2,0.146,0.146,80.74,6.54,578.083,0
"12th",2010-09-03,2010,246,5.5,0,"low",35.2,0.643,0.79,81.95,7.68,578.112,0
"12th",2011-05-28,2011,148,116.5,0,"low",313.2,0.014,0.93,53.71,9.18,578.391,0
"12th",2011-06-02,2011,153,66.1,0,"low",12,0,0.052,81.06,12.25,577.848,0
"12th",2011-06-03,2011,154,124.1,0,"low",66.1,0,0,70.7,7.2,578.122,0
"12th",2011-06-08,2011,159,10.3,0,"low",10.1,0,0,95.09,11.06,578.207,0
"12th",2011-06-09,2011,160,2419.6,1,"exceed",10.3,0,0,94.04,12.62,578.026,0
"12th",2011-06-10,2011,161,215.8,0,"moderate",2419.6,1.764,1.764,70.17,6.54,578.433,0
"12th",2011-06-14,2011,165,29.5,0,"low",12.5,0,0,65.43,6.91,578.269,0
"12th",2011-06-15,2011,166,199.9,0,"moderate",29.5,0.056,0.056,70.06,7.11,578.393,0
"12th",2011-06-16,2011,167,213.7,0,"moderate",199.9,0.509,0.566,71.49,10.45,578.392,0
"12th",2011-06-17,2011,168,77.2,0,"low",213.7,0.033,0.543,77.42,4.88,578.404,0
"12th",2011-06-22,2011,173,6.8,0,"low",22.2,0.26,0.712,86.59,13,578.507,0
"12th",2011-06-23,2011,174,10.3,0,"low",6.8,0.017,0.277,73.21,13.51,578.479,0
"12th",2011-06-24,2011,175,2,0,"low",10.3,0.037,0.054,70.8,12.31,578.452,0
"12th",2011-06-29,2011,180,27.5,0,"low",2,0,0.074,76.34,5.8,578.418,0
"12th",2011-06-30,2011,181,34.8,0,"low",27.5,0,0,76.15,2.97,578.346,0
"12th",2011-07-01,2011,182,133.5,0,"moderate",34.8,0,0,84.01,8.15,578.499,0
"12th",2011-07-07,2011,188,122.3,0,"low",36.3,0,0,81.25,6.07,578.427,0
"12th",2011-07-08,2011,189,43.5,0,"low",122.3,0.047,0.047,75.61,5.32,578.479,0
"12th",2011-07-13,2011,194,287.5,1,"exceed",16,0.01,0.212,80.87,5.22,578.425,0
"12th",2011-07-14,2011,195,34.3,0,"low",287.5,0,0.01,71.45,12.28,578.567,0
"12th",2011-07-15,2011,196,35.1,0,"low",34.3,0,0,76.04,7.02,578.524,0
"12th",2011-07-20,2011,201,142.3,0,"moderate",11.2,0,0.003,84.92,2.63,578.506,0
"12th",2011-07-21,2011,202,7.3,0,"low",142.3,0.006,0.006,97.47,6.68,578.262,0
"12th",2011-07-22,2011,203,148.6,0,"moderate",7.3,0.007,0.013,96.91,5.15,578.262,0
"12th",2011-07-23,2011,204,283.1,1,"exceed",148.6,0.429,0.436,86.74,3.72,578.352,0
"12th",2011-07-24,2011,205,434.4,1,"exceed",283.1,1.708,2.137,82.04,0.92,578.388,0
"12th",2011-07-25,2011,206,106.5,0,"low",434.4,0.092,1.8,82.8,1.4,578.48,0
"12th",2011-07-26,2011,207,143.1,0,"moderate",106.5,0.014,0.106,79.59,3.25,578.434,1
"12th",2011-07-27,2011,208,80.2,0,"low",143.1,0.007,0.02,81.27,4.6,578.367,0
"12th",2011-07-28,2011,209,236.2,1,"exceed",80.2,0.139,0.146,88.99,6.88,578.342,0
"12th",2011-07-29,2011,210,207.6,0,"moderate",236.2,0.222,0.361,82.43,3.53,578.504,0
"12th",2011-08-03,2011,215,316.9,1,"exceed",157.7,0.225,0.225,91.15,8.45,578.36,0
"12th",2011-08-04,2011,216,76.4,0,"low",316.9,0,0.225,80.76,8.83,578.64,0
"12th",2011-08-05,2011,217,416,1,"exceed",76.4,0,0,78.05,6.43,578.494,0
"12th",2011-08-06,2011,218,14,0,"low",416,0,0,79.82,5.42,578.483,0
"12th",2011-08-10,2011,222,28.4,0,"low",23.8,0.033,0.332,80.32,10.49,578.409,0
"12th",2011-08-11,2011,223,29.4,0,"low",28.4,0,0.033,74.66,5.66,578.37,0
"12th",2011-08-12,2011,224,49.3,0,"low",29.4,0,0,77.27,1.57,578.252,0
"12th",2011-08-17,2011,229,48.3,0,"low",249.4,0,0,79.67,2.97,578.422,0
"12th",2011-08-18,2011,230,8.4,0,"low",48.3,0,0,81.94,6.52,578.338,0
"12th",2011-08-19,2011,231,6.6,0,"low",8.4,0,0,79.49,3.44,578.409,0
"12th",2011-08-24,2011,236,5.1,0,"low",11.1,0.228,0.228,79.85,10.67,577.898,0
"12th",2011-08-25,2011,237,54.6,0,"low",5.1,0,0.228,90.68,9.66,578.087,0
"12th",2011-08-26,2011,238,32.1,0,"low",54.6,0,0,75.48,6.29,578.259,0
"12th",2011-08-31,2011,243,37.3,0,"low",10.9,0.01,0.01,80.55,7.28,578.113,0
"12th",2011-09-01,2011,244,30.2,0,"low",37.3,0.05,0.06,88.09,6.88,578.181,0
"12th",2011-09-02,2011,245,29.3,0,"low",30.2,0,0.05,92.52,5.36,578.263,0
"12th",2012-05-24,2012,145,37.6,0,"low",62,0,0,73.51,5.16,577.847,0
"12th",2012-05-25,2012,146,52,0,"low",37.6,0,0,85.42,16.48,577.695,0
"12th",2012-05-31,2012,152,158.4,0,"moderate",3.6,0,0.007,67.68,6.82,577.868,0
"12th",2012-06-01,2012,153,152.5,0,"moderate",158.4,0.83,0.83,54.29,13.22,577.991,0
"12th",2012-06-06,2012,158,841,1,"exceed",61.7,0,0,63.65,9.53,578.029,0
"12th",2012-06-07,2012,159,8,0,"low",841,0,0,68.69,6.77,577.873,0
"12th",2012-06-08,2012,160,29.1,0,"low",8,0,0,72.18,2.84,577.767,0
"12th",2012-06-13,2012,165,178.1,0,"moderate",8.3,0,0,77.26,7.59,577.847,0
"12th",2012-06-14,2012,166,103,0,"low",178.1,0,0,66.9,8.02,577.781,0
"12th",2012-06-15,2012,167,174.3,0,"moderate",103,0,0,77.87,7.9,577.847,0
"12th",2012-06-20,2012,172,2.9,0,"low",5.7,0,0,90.03,15.65,577.656,0
"12th",2012-06-21,2012,173,2.3,0,"low",2.9,0,0,90.03,15.56,577.635,0
"12th",2012-06-22,2012,174,7.1,0,"low",2.3,0.024,0.024,82.01,6.92,577.678,0
"12th",2012-06-27,2012,179,11.8,0,"low",45.8,0,0,74.79,6.71,577.866,0
"12th",2012-06-28,2012,180,1.8,0,"low",11.8,0,0,87.8,11.95,577.697,0
"12th",2012-06-29,2012,181,53.9,0,"low",1.8,0.04,0.04,97.19,7.98,577.777,0
"12th",2012-07-11,2012,193,41.5,0,"low",36.7,0,0,77.32,11.35,577.973,0
"12th",2012-07-12,2012,194,32,0,"low",41.5,0,0,80.17,7.6,577.899,0
"12th",2012-07-13,2012,195,12,0,"low",32,0,0,85.93,7.43,577.818,0
"12th",2012-07-18,2012,200,422.7,1,"exceed",15.9,0,0,97.48,9.35,577.557,0
"12th",2012-07-19,2012,201,207.7,0,"moderate",422.7,0.166,0.166,83.78,6.14,577.851,0
"12th",2012-07-20,2012,202,184.4,0,"moderate",207.7,0.779,0.944,79.52,3.83,578.002,0
"12th",2012-07-25,2012,207,21.9,0,"low",730.4,0.427,0.44,87.57,6.05,577.691,0
"12th",2012-07-26,2012,208,1216.1,1,"exceed",21.9,0.003,0.43,98.17,9.18,577.568,0
"12th",2012-07-27,2012,209,64.1,0,"low",1216.1,0.301,0.304,89.52,7.15,577.626,0
"12th",2012-08-01,2012,214,65.9,0,"low",43.5,0.219,0.219,82.11,3.53,577.69,0
"12th",2012-08-02,2012,215,5.1,0,"low",65.9,0,0.219,82.49,5.11,577.611,0
"12th",2012-08-03,2012,216,61,0,"low",5.1,0,0,87.66,4.16,577.487,0
"12th",2012-08-08,2012,221,226.5,0,"moderate",11.6,0,0,91.2,6.8,577.429,0
"12th",2012-08-09,2012,222,651.6,1,"exceed",226.5,0.007,0.007,81.53,8.77,577.633,0
"12th",2012-08-10,2012,223,1500.7,1,"exceed",651.6,0.016,0.023,74.86,9.15,577.712,0
"12th",2012-08-11,2012,224,78,0,"low",1500.7,0.191,0.207,72.53,16.81,578.254,0
"12th",2012-08-15,2012,228,45.2,0,"low",22.9,0.007,0.305,76.83,0.81,577.66,0
"12th",2012-08-16,2012,229,376.3,1,"exceed",45.2,0,0.007,84.69,5.27,577.546,0
"12th",2012-08-17,2012,230,74.8,0,"low",376.3,0.269,0.269,75.27,8.25,577.427,0
"12th",2012-08-22,2012,235,36.4,0,"low",10.4,0,0.408,74.27,2.01,577.366,0
"12th",2012-08-23,2012,236,118.5,0,"low",36.4,0,0,79.74,5.96,577.252,0
"12th",2012-08-24,2012,237,65.4,0,"low",118.5,0.01,0.01,87.6,8.58,577.205,0
"12th",2012-08-29,2012,242,64.1,0,"low",26,0,0,79.16,4.49,577.305,0
"12th",2012-08-30,2012,243,11.3,0,"low",64.1,0,0,78.2,5.89,577.268,0
"12th",2012-08-31,2012,244,24.8,0,"low",11.3,0,0,88.37,10.91,576.952,0
"12th",2013-05-23,2013,143,1849.6,1,"exceed",488,0.611,0.865,71.65,5.45,577.623,0
"12th",2013-05-24,2013,144,188.8,0,"moderate",1849.6,0.056,0.668,54.84,20.05,578.166,0
"12th",2013-05-25,2013,145,502.3,1,"exceed",188.8,0,0.056,50.79,11.09,577.762,0
"12th",2013-05-26,2013,146,48,0,"low",502.3,0,0,52.52,4.82,577.604,0
"12th",2013-05-27,2013,147,317.7,1,"exceed",48,0.006,0.006,61.71,4.58,577.661,0
"12th",2013-05-28,2013,148,24.2,0,"low",317.7,0.048,0.054,60.51,9.41,577.776,0
"12th",2013-05-29,2013,149,118.7,0,"low",24.2,0.507,0.555,75.8,10.29,577.772,0
"12th",2013-05-30,2013,150,15.7,0,"low",118.7,0.017,0.524,80.56,7.01,577.632,0
"12th",2013-05-31,2013,151,6.2,0,"low",15.7,0.231,0.248,80.54,15.32,577.582,0
"12th",2013-06-05,2013,156,64.4,0,"low",138.2,0,0,64.69,4.89,577.762,0
"12th",2013-06-06,2013,157,85.7,0,"low",64.4,0.003,0.003,67.87,6.45,577.928,0
"12th",2013-06-07,2013,158,29.3,0,"low",85.7,0.096,0.099,59.51,9.37,577.971,0
"12th",2013-06-12,2013,163,14.8,0,"low",18.2,0.297,0.447,78.86,2.48,577.747,0
"12th",2013-06-13,2013,164,100.6,0,"low",14.8,0.35,0.647,79.33,1.81,577.887,0
"12th",2013-06-14,2013,165,37.9,0,"low",100.6,0.06,0.41,65.45,12.69,578.018,0
"12th",2013-06-19,2013,170,28.8,0,"low",667.6,0,0.077,63.91,13.51,578.197,0
"12th",2013-06-20,2013,171,57.9,0,"low",28.8,0,0,68.41,6.24,577.927,0
"12th",2013-06-21,2013,172,31.4,0,"low",57.9,0,0,78.76,6.91,577.877,0
"12th",2013-06-26,2013,177,51.4,0,"low",546.6,0.013,0.285,84.67,5.34,577.835,0
"12th",2013-06-27,2013,178,26.9,0,"low",51.4,0.387,0.4,78.84,4.26,577.893,0
"12th",2013-06-28,2013,179,42.8,0,"low",26.9,0.946,1.334,87.04,3.72,577.911,0
"12th",2013-06-29,2013,180,596,1,"exceed",42.8,0.196,1.142,79.72,8.3,577.887,0
"12th",2013-06-30,2013,181,143.5,0,"moderate",596,0,0.196,67.51,12.15,578.161,0
"12th",2013-07-01,2013,182,44,0,"low",143.5,0,0,69.28,14.12,578.244,0
"12th",2013-07-02,2013,183,104.9,0,"low",44,0,0,69.24,13.14,578.278,0
"12th",2013-07-03,2013,184,49.3,0,"low",104.9,0,0,65.06,12.32,578.215,0
"12th",2013-07-10,2013,191,26.6,0,"low",71.3,0.007,0.316,83.66,7.07,577.957,0
"12th",2013-07-11,2013,192,338.3,1,"exceed",26.6,0,0.007,80.35,3.62,577.85,0
"12th",2013-07-12,2013,193,55.2,0,"low",338.3,0,0,75.49,5.23,577.914,0
"12th",2013-07-16,2013,197,7.3,0,"low",32.9,0.043,0.043,82.73,5.04,577.975,0
"12th",2013-07-17,2013,198,44,0,"low",7.3,0.007,0.05,89.24,5.98,577.91,0
"12th",2013-07-18,2013,199,55.5,0,"low",44,0,0.007,88.49,3.66,577.791,0
"12th",2013-07-19,2013,200,5.5,0,"low",55.5,0,0,93.09,7.34,577.741,0
"12th",2013-07-24,2013,205,956,1,"exceed",13.7,0.01,0.01,79.86,8.63,578.108,0
"12th",2013-07-25,2013,206,74.7,0,"low",956,0,0.01,68.77,11.35,577.943,0
"12th",2013-07-26,2013,207,16.9,0,"low",74.7,0,0,75.83,1.22,577.821,0
"12th",2013-07-27,2013,208,632.8,1,"exceed",16.9,0.114,0.114,72.32,10.57,577.694,0
"12th",2013-07-28,2013,209,22.2,0,"low",632.8,0,0.114,67.31,9.29,577.947,0
"12th",2013-07-29,2013,210,39.6,0,"low",22.2,0,0,68.25,9.73,577.807,0
"12th",2013-07-30,2013,211,30,0,"low",39.6,0,0,69.38,2.51,577.903,0
"12th",2013-07-31,2013,212,159.8,0,"moderate",30,0.013,0.013,72.23,5.89,577.825,0
"12th",2013-08-01,2013,213,34.1,0,"low",159.8,0.2,0.213,73.52,1.15,577.864,0
"12th",2013-08-02,2013,214,94.5,0,"low",34.1,0,0.2,76.81,4.49,577.818,0
"12th",2013-08-07,2013,219,10.4,0,"low",12.2,0.013,0.046,80.79,8.2,577.758,0
"12th",2013-08-08,2013,220,561,1,"exceed",10.4,0.007,0.02,84.32,2.44,577.949,0
"12th",2013-08-09,2013,221,5.1,0,"low",561,0,0.007,73.98,10.58,577.943,0
"12th",2013-08-14,2013,226,32.9,0,"low",1170.8,0,0.421,70.22,12.62,578.078,0
"12th",2013-08-15,2013,227,13.8,0,"low",32.9,0,0,66.67,6.14,577.859,0
"12th",2013-08-16,2013,228,20,0,"low",13.8,0,0,72.45,4.68,577.698,0
"12th",2013-08-20,2013,232,5.2,0,"low",17.9,0,0,79.98,2.23,577.727,0
"12th",2013-08-21,2013,233,6.9,0,"low",5.2,0,0,85.65,6.87,577.648,0
"12th",2013-08-22,2013,234,980,1,"exceed",6.9,0.02,0.02,88.22,9.29,577.654,0
"12th",2013-08-23,2013,235,322.7,1,"exceed",980,0.197,0.218,77.78,2.96,577.695,0
"12th",2013-08-24,2013,236,35.1,0,"low",322.7,0,0.197,76.47,7.55,577.873,0
"12th",2013-08-28,2013,240,38.4,0,"low",1.7,0,0,92.72,12.06,577.68,0
"12th",2013-08-29,2013,241,30,0,"low",38.4,0,0,84.49,6.87,577.875,0
"12th",2013-08-30,2013,242,5.5,0,"low",30,0,0,79.35,3.22,577.822,0
"12th",2013-08-31,2013,243,502.3,1,"exceed",5.5,0.174,0.174,93.94,6.12,577.794,0
"12th",2013-09-01,2013,244,51.4,0,"low",502.3,0.509,0.684,74.02,6.02,577.938,0
"12th",2013-09-11,2013,254,44.9,0,"low",22.8,0,0,93.68,12.08,577.666,0
"12th",2013-09-12,2013,255,2420,1,"exceed",44.9,0,0,87.55,4.61,577.76,0
"12th",2014-05-22,2014,142,20.6,0,"low",12,0.035,0.52,78.5,1.25,578.717,0
"12th",2014-05-23,2014,143,68.9,0,"low",20.6,0,0.035,64.12,5.66,578.625,0
"12th",2014-05-29,2014,149,51.1,0,"low",30.9,0.318,0.464,61.21,8.38,578.878,0
"12th",2014-05-30,2014,150,26.8,0,"low",51.1,0,0.318,64.59,8.31,578.922,0
"12th",2014-06-04,2014,155,2420,1,"exceed",48.2,0,0.154,76.42,4.54,578.649,0
"12th",2014-06-05,2014,156,62,0,"low",2420,0.086,0.086,68.31,6.9,578.836,0
"12th",2014-06-06,2014,157,21.1,0,"low",62,0,0.086,67.43,5.41,578.784,0
"12th",2014-06-11,2014,162,57.8,0,"low",36.9,0.402,0.402,60.98,9.29,579.007,0
"12th",2014-06-12,2014,163,65.3,0,"low",57.8,0.193,0.595,63.23,4.48,579.091,0
"12th",2014-06-13,2014,164,7.1,0,"low",65.3,0.01,0.203,80.34,7.6,578.845,0
"12th",2014-06-18,2014,169,3.2,0,"low",10.5,0,0,86.51,10.56,578.796,0
"12th",2014-06-19,2014,170,235.7,1,"exceed",3.2,0.219,0.219,81.28,3.72,579.096,0
"12th",2014-06-20,2014,171,22.2,0,"low",235.7,0.386,0.605,72.13,5.58,579.167,0
"12th",2014-06-25,2014,176,578.9,1,"exceed",71.3,0.388,0.48,79.3,1.23,579.042,0
"12th",2014-06-26,2014,177,160.6,0,"moderate",578.9,0.019,0.407,69.74,7.02,579.183,0
"12th",2014-06-27,2014,178,75.6,0,"low",160.6,0,0.019,66.93,5.66,579.117,0
"12th",2014-07-02,2014,183,2.4,0,"low",9.5,0.091,1.496,80.5,11.52,578.823,1
"12th",2014-07-03,2014,184,9,0,"low",2.4,0.099,0.19,72.32,6.1,578.957,0
"12th",2014-07-09,2014,190,36.9,0,"low",11,0.362,0.709,80.76,10.64,579.037,0
"12th",2014-07-10,2014,191,41.5,0,"low",36.9,0,0.362,73.16,3.37,579.036,0
"12th",2014-07-11,2014,192,50.4,0,"low",41.5,0,0,72.49,5.8,579.09,0
"12th",2014-07-16,2014,197,21.8,0,"low",20.9,0.033,0.301,67.84,9.99,579.219,0
"12th",2014-07-17,2014,198,18.5,0,"low",21.8,0.005,0.038,67.59,4.08,579.122,0
"12th",2014-07-18,2014,199,23.9,0,"low",18.5,0,0.005,72.82,3.62,579.121,0
"12th",2014-07-23,2014,204,1393.2,1,"exceed",44.6,0.002,0.002,87.65,11.35,578.974,0
"12th",2014-07-24,2014,205,24.9,0,"low",1393.2,0.051,0.054,74.73,17.07,579.474,0
"12th",2014-07-25,2014,206,207.8,0,"moderate",24.9,0,0.051,69.74,7.46,579.242,0
"12th",2014-07-30,2014,211,10.5,0,"low",4.5,0.002,0.002,73.51,2.67,579.144,0
"12th",2014-07-31,2014,212,103.3,0,"low",10.5,0,0.002,72.02,2.43,579.143,0
"12th",2014-08-01,2014,213,8.1,0,"low",103.3,0,0,82.37,7.96,579.062,0
"12th",2014-08-06,2014,218,367,1,"exceed",33.9,0.239,1.119,74.74,3.17,579.265,0
"12th",2014-08-07,2014,219,38.9,0,"low",367,0,0.239,74.15,6.24,579.249,0
"12th",2014-08-08,2014,220,1300,1,"exceed",38.9,0,0,76.24,7.7,579.216,0
"12th",2014-08-13,2014,225,60.9,0,"low",1141.2,0.02,1.181,69.98,10.29,579.486,0
"12th",2014-08-14,2014,226,58.1,0,"low",60.9,0,0.02,78.52,3.39,579.225,0
"12th",2014-08-15,2014,227,8,0,"low",58.1,0,0,67.91,8.65,579.275,0
"12th",2014-08-20,2014,232,10.4,0,"low",16,0.11,0.11,83.43,10.54,579.32,0
"12th",2014-08-21,2014,233,30.3,0,"low",10.4,0,0.11,85.21,7.43,579.33,0
"12th",2014-08-22,2014,234,109.9,0,"low",30.3,0.913,0.913,78.17,5.28,579.35,0
"12th",2014-08-27,2014,239,19.6,0,"low",17.5,0,0.766,79.91,0.23,579.28,0
"12th",2014-08-28,2014,240,657.1,1,"exceed",19.6,0,0,75.63,6.77,579.262,0
"12th",2014-08-29,2014,241,17.1,0,"low",657.1,0.01,0.01,72.97,8.69,579.322,0
"12th",2015-05-21,2015,141,12.7,0,"low",553.6,0.02,0.02,46.05,8.91,579.495,0
"12th",2015-05-22,2015,142,400.1,1,"exceed",12.7,0,0.02,67.24,7.47,579.462,0
"12th",2015-05-28,2015,148,115.9,0,"low",6,0.031,0.339,73.68,8.66,579.525,0
"12th",2015-05-29,2015,149,37.5,0,"low",115.9,0,0.031,77.04,5.81,579.607,0
"12th",2015-06-03,2015,154,173.4,0,"moderate",21.4,0,0,63.73,4.49,579.794,0
"12th",2015-06-04,2015,155,18.6,0,"low",173.4,0,0,71.25,6.24,579.82,0
"12th",2015-06-05,2015,156,487.1,1,"exceed",18.6,0,0,78.13,7.5,579.79,0
"12th",2015-06-06,2015,157,13.5,0,"low",487.1,0,0,72.35,12.98,579.854,0
"12th",2015-06-10,2015,161,9.6,0,"low",10.8,0,0.088,83.3,6.72,579.718,0
"12th",2015-06-11,2015,162,94.1,0,"low",9.6,0.046,0.046,91.63,7.7,579.761,0
"12th",2015-06-12,2015,163,562.7,1,"exceed",94.1,0.092,0.138,68.25,5.35,579.944,0
"12th",2015-06-13,2015,164,28.3,0,"low",562.7,0.236,0.328,68.7,5.15,580.123,0
"12th",2015-06-17,2015,168,894.2,1,"exceed",275.1,0.01,0.887,71.36,9.47,580.016,1
"12th",2015-06-18,2015,169,82.6,0,"low",894.2,0.125,0.136,64.81,2.66,580.048,0
"12th",2015-06-19,2015,170,67.4,0,"low",82.6,0.119,0.244,80.58,5.96,580.048,0
"12th",2015-06-24,2015,175,75.7,0,"low",7.1,0,0.025,76.49,4.07,580.017,0
"12th",2015-06-25,2015,176,455.1,1,"exceed",75.7,0,0,76.56,4.43,579.875,0
"12th",2015-06-26,2015,177,214.8,0,"moderate",455.1,0.361,0.361,76.44,0.38,580.153,0
"12th",2015-07-01,2015,182,48.1,0,"low",1.7,0.084,0.216,72.8,3.53,580.06,0
"12th",2015-07-02,2015,183,8.8,0,"low",48.1,0,0.084,61.88,8.06,580.091,0
"12th",2015-07-08,2015,189,73.5,0,"low",771.3,0.242,0.542,73.02,11.34,580.256,0
"12th",2015-07-09,2015,190,94.9,0,"low",73.5,0.005,0.247,63.67,6.85,580.11,0
"12th",2015-07-10,2015,191,2.2,0,"low",94.9,0.026,0.031,67.98,6.07,580.118,0
"12th",2015-07-15,2015,196,93.5,0,"low",5.5,0,0.7,77.5,9,580.248,0
"12th",2015-07-16,2015,197,29.6,0,"low",93.5,0,0,69.56,9.75,580.217,0
"12th",2015-07-17,2015,198,35.7,0,"low",29.6,0.319,0.319,74.87,6.38,580.058,0
"12th",2015-07-22,2015,203,82,0,"low",62.4,0,0.002,75.98,5.99,579.976,0
"12th",2015-07-23,2015,204,202.1,0,"moderate",82,0,0,77.68,2.14,579.948,0
"12th",2015-07-24,2015,205,57.4,0,"low",202.1,0,0,79.28,2.63,579.985,0
"12th",2015-07-29,2015,210,73.1,0,"low",25.4,0,0,85.6,4.9,580.004,0
"12th",2015-07-30,2015,211,13,0,"low",73.1,0.036,0.036,86.54,6.73,579.91,0
"12th",2015-07-31,2015,212,24.4,0,"low",13,0,0.036,86.99,10.7,579.79,0
"12th",2015-08-05,2015,217,3,0,"low",9.9,0,0.634,80.51,3.21,579.96,0
"12th",2015-08-06,2015,218,222,0,"moderate",3,0,0,78.28,4.56,580.036,0
"12th",2015-08-07,2015,219,20.4,0,"low",222,0,0,77.66,8.27,580.113,0
"12th",2015-08-12,2015,224,38.4,0,"low",85,0,0.236,76.24,6.21,580.042,0
"12th",2015-08-13,2015,225,2.4,0,"low",38.4,0,0,73.78,4.79,579.88,0
"12th",2015-08-14,2015,226,2.2,0,"low",2.4,0,0,83.1,9.58,579.753,0
"12th",2015-08-19,2015,231,4.2,0,"low",6.9,0.58,0.81,81.45,8.68,579.95,0
"12th",2015-08-20,2015,232,1,0,"low",4.2,0.002,0.583,76.11,13.64,579.717,0
"12th",2015-08-21,2015,233,1.4,0,"low",1,0,0.002,73.39,13.88,579.684,0
"12th",2015-08-26,2015,238,31.8,0,"low",3.2,0,0,67.25,4.97,579.697,0
"12th",2015-08-27,2015,239,21.6,0,"low",31.8,0,0,64.49,5.22,579.754,0
"12th",2015-08-28,2015,240,224.5,0,"moderate",21.6,0,0,70.19,1.36,579.792,0
"12th",2015-09-02,2015,245,1.7,0,"low",8.1,0,0,87.53,9.07,579.762,0
"12th",2015-09-03,2015,246,10.4,0,"low",1.7,0,0,89.09,6.79,579.77,0
"12th",2015-09-04,2015,247,166.5,0,"moderate",10.4,0,0,90.13,5.66,579.905,0
"12th",2016-05-28,2016,149,110.9,0,"low",1093.5,0.091,0.091,78.83,11,580.322,0
"12th",2016-06-02,2016,154,44.6,0,"low",164.6,0.189,0.68,76.08,1.35,580.465,0
"12th",2016-06-03,2016,155,187.4,0,"moderate",44.6,0,0.189,76.64,3.5,580.335,0
"12th",2016-06-07,2016,159,45.8,0,"low",9.5,0.04,0.131,81.58,9.78,580.213,0
"12th",2016-06-08,2016,160,275,1,"exceed",45.8,0,0.04,63.2,7.4,580.418,0
"12th",2016-06-09,2016,161,51.2,0,"low",275,0,0,62.89,3.45,580.28,0
"12th",2016-06-10,2016,162,181,0,"moderate",51.2,0.063,0.063,70.06,5.78,580.367,0
"12th",2016-06-14,2016,166,38.5,0,"low",14.5,0.005,0.005,81.92,4.19,580.574,0
"12th",2016-06-15,2016,167,16.2,0,"low",38.5,0,0.005,80.44,6.79,580.531,0
"12th",2016-06-16,2016,168,14.5,0,"low",16.2,0.171,0.171,85.77,6.67,580.513,0
"12th",2016-06-17,2016,169,26.9,0,"low",14.5,0,0.171,82.84,10.52,580.684,0
"12th",2016-06-21,2016,173,18.9,0,"low",17,0,0,91.67,10.56,580.242,0
"12th",2016-06-22,2016,174,63.1,0,"low",18.9,0,0,79.88,3.88,580.311,0
"12th",2016-06-23,2016,175,1481.9,1,"exceed",63.1,0.52,0.52,74.99,4.16,580.435,0
"12th",2016-06-24,2016,176,37.1,0,"low",1481.9,0,0.52,73.39,7.42,580.579,0
"12th",2016-06-28,2016,180,75.9,0,"low",7.7,0,0.115,89.84,5.89,580.343,0
"12th",2016-06-29,2016,181,104.4,0,"low",75.9,0,0,71.16,12.35,580.589,0
"12th",2016-06-30,2016,182,6.3,0,"low",104.4,0,0,74.21,3.14,580.371,0
"12th",2016-07-01,2016,183,125.9,0,"low",6.3,0,0,76.89,8.83,580.284,0
"12th",2016-07-07,2016,189,33.5,0,"low",7.1,1.205,1.205,86.19,6.85,580.282,0
"12th",2016-07-08,2016,190,45,0,"low",33.5,0.13,1.335,81.07,2.53,580.371,0
"12th",2016-07-12,2016,194,2.2,0,"low",28.2,0,0,88.25,12.05,580.358,0
"12th",2016-07-13,2016,195,1,0,"low",2.2,0,0,88.16,12.54,580.23,0
"12th",2016-07-14,2016,196,131.7,0,"moderate",1,0.246,0.246,83.57,9.36,580.112,0
"12th",2016-07-15,2016,197,112.8,0,"low",131.7,0,0.246,86.2,13.27,580.105,0
"12th",2016-07-19,2016,201,447.8,1,"exceed",122,0.329,0.612,80.06,0.56,580.249,0
"12th",2016-07-20,2016,202,121.4,0,"low",447.8,0,0.329,82.04,3.02,580.308,0
"12th",2016-07-21,2016,203,57.3,0,"low",121.4,0,0,85.43,5.47,580.289,0
"12th",2016-07-22,2016,204,91.2,0,"low",57.3,0.398,0.398,88.42,6.02,580.039,0
"12th",2016-07-26,2016,208,250.4,1,"exceed",647,0,0.418,82.67,0.56,580.19,0
"12th",2016-07-27,2016,209,224.4,0,"moderate",250.4,0,0,83.73,3.32,580.223,0
"12th",2016-07-28,2016,210,284.9,1,"exceed",224.4,0,0,85.09,2.44,580.259,0
"12th",2016-07-29,2016,211,26.4,0,"low",284.9,0.13,0.13,80.77,2.76,580.394,0
"12th",2016-08-02,2016,215,38.5,0,"low",19,0,0,79.19,6.33,580.413,0
"12th",2016-08-03,2016,216,9.8,0,"low",38.5,0,0,82.06,5.44,580.397,0
"12th",2016-08-04,2016,217,42.9,0,"low",9.8,0,0,85.75,4.71,580.364,0
"12th",2016-08-05,2016,218,303.3,1,"exceed",42.9,0,0,88.67,6.08,580.276,0
"12th",2016-08-06,2016,219,37.5,0,"low",303.3,0.005,0.005,81.94,2.44,580.243,0
"12th",2016-08-09,2016,222,37.7,0,"low",398.8,0,0,80.81,10.43,580.318,0
"12th",2016-08-10,2016,223,30.6,0,"low",37.7,0,0,84.08,4.74,580.18,0
"12th",2016-08-11,2016,224,112.5,0,"low",30.6,0,0,84.73,3.69,580.164,0
"12th",2016-08-12,2016,225,198,0,"moderate",112.5,0,0,91.01,9.86,580.105,0
"12th",2016-08-16,2016,229,99.4,0,"low",219.3,0.08,0.08,75.55,7.2,580.335,0
"12th",2016-08-17,2016,230,31.5,0,"low",99.4,0.056,0.136,80.68,2.14,580.308,0
"12th",2016-08-18,2016,231,42.2,0,"low",31.5,0.012,0.068,85.44,5.28,580.249,0
"12th",2016-08-19,2016,232,24.5,0,"low",42.2,0.221,0.233,83.79,7.41,580.213,0
"12th",2016-08-23,2016,236,4.5,0,"low",1.4,0,0,77.31,4.56,580.135,0
"12th",2016-08-24,2016,237,1.4,0,"low",4.5,0,0,79.74,10.94,579.918,0
"12th",2016-08-30,2016,243,51.7,0,"low",4.1,0.104,0.104,83.02,5.07,580.226,0
"12th",2016-08-31,2016,244,630.7,1,"exceed",51.7,0.069,0.172,82.63,1.12,580.223,0
"12th",2016-09-01,2016,245,42,0,"low",630.7,0,0.069,74.74,12.17,580.489,0
"12th",2016-09-02,2016,246,25.3,0,"low",42,0,0,71.79,13.06,580.577,0
"31st",2006-05-25,2006,145,89.3,0,"low",3.9,0.638,0.638,77.81,12.68,577.846,0
"31st",2006-05-26,2006,146,28.5,0,"low",89.3,0.022,0.66,74.16,11.26,577.922,0
"31st",2006-06-01,2006,152,9.5,0,"low",7.4,0,0.388,73.22,8.06,578.078,0
"31st",2006-06-02,2006,153,1,0,"low",9.5,0,0,70.23,9.01,578.091,0
"31st",2006-06-07,2006,158,315.4,1,"exceed",30.5,0,0,82,11.82,577.94,0
"31st",2006-06-08,2006,159,20.4,0,"low",315.4,0,0,76.7,4.93,578.118,0
"31st",2006-06-09,2006,160,1,0,"low",20.4,0,0,78.21,6.71,578.066,0
"31st",2006-06-14,2006,165,23.1,0,"low",1,0,0,68.66,6.92,578.077,0
"31st",2006-06-15,2006,166,5.2,0,"low",23.1,0.006,0.006,76.06,7.18,578.113,0
"31st",2006-06-16,2006,167,19.1,0,"low",5.2,0,0.006,84.98,5.1,578.093,0
"31st",2006-06-21,2006,172,477.2,1,"exceed",68.1,0,0,77.13,3.96,578.005,0
"31st",2006-06-22,2006,173,72.7,0,"low",477.2,0.066,0.066,87.55,9.56,577.913,0
"31st",2006-06-23,2006,174,19.6,0,"low",72.7,0.235,0.301,78.5,3.72,578.022,0
"31st",2006-06-28,2006,179,2.5,0,"low",91.1,0,0.616,76.53,3.83,578.035,0
"31st",2006-06-29,2006,180,2.3,0,"low",2.5,0.24,0.24,77,6.29,578.013,0
"31st",2006-06-30,2006,181,48.4,0,"low",2.3,0,0.24,77.03,3.7,577.952,0
"31st",2006-07-12,2006,193,90.4,0,"low",332.5,0.225,0.225,75.04,3.45,578.091,0
"31st",2006-07-13,2006,194,435.1,1,"exceed",90.4,0.007,0.232,75.88,10.72,578.161,0
"31st",2006-07-14,2006,195,93.7,0,"low",435.1,0,0.007,80.76,6.23,578.034,0
"31st",2006-07-19,2006,200,297.7,1,"exceed",2419.6,0.07,0.19,80.19,11.3,578.065,0
"31st",2006-07-20,2006,201,1732.9,1,"exceed",297.7,0.003,0.072,88.33,6.49,578.016,0
"31st",2006-07-21,2006,202,2419.6,1,"exceed",1732.9,0.865,0.868,81.24,4.17,577.928,0
"31st",2006-07-22,2006,203,154.8,0,"moderate",2419.6,0.036,0.901,76.33,12.26,578.108,0
"31st",2006-07-26,2006,207,144,0,"moderate",40.6,0,0.003,89.32,12.51,577.764,0
"31st",2006-07-27,2006,208,219,0,"moderate",144,0.109,0.109,83.33,11.62,577.861,0
"31st",2006-07-28,2006,209,336.2,1,"exceed",219,0.014,0.124,86.44,5.18,577.947,0
"31st",2006-07-29,2006,210,1,0,"low",336.2,0,0.014,90.65,3.93,577.942,0
"31st",2006-08-02,2006,214,30.4,0,"low",20.7,0,0,95.92,12.71,577.792,0
"31st",2006-08-03,2006,215,1938.5,1,"exceed",30.4,0.371,0.371,95.14,14.14,577.893,0
"31st",2006-08-04,2006,216,104.5,0,"low",1938.5,0.438,0.809,79.22,4.55,578.06,0
"31st",2006-08-09,2006,221,93.5,0,"low",1123.1,0,0,78.55,10.84,578.109,0
"31st",2006-08-10,2006,222,203,0,"moderate",93.5,0.078,0.078,81.29,7.04,577.977,0
"31st",2006-08-11,2006,223,924.3,1,"exceed",203,0.318,0.395,76.65,5.47,578.171,0
"31st",2006-08-16,2006,228,307.6,1,"exceed",1206.5,0,0,78.29,2.57,577.826,0
"31st",2006-08-17,2006,229,203.9,0,"moderate",307.6,0,0,78.99,6.5,577.919,0
"31st",2006-08-18,2006,230,27.6,0,"low",203.9,0.006,0.006,81,5.48,577.95,0
"31st",2006-08-23,2006,235,35.2,0,"low",64.4,0,0,82.43,2.11,577.883,0
"31st",2006-08-24,2006,236,43.8,0,"low",35.2,0,0,86.22,4.48,577.925,0
"31st",2006-08-25,2006,237,30.5,0,"low",43.8,0.425,0.425,83.13,6.76,577.945,0
"31st",2006-08-30,2006,242,129.4,0,"moderate",220.1,0.066,0.719,68.92,11.24,578.246,0
"31st",2006-08-31,2006,243,63.4,0,"low",129.4,0.021,0.088,72.95,11.64,578.4,0
"31st",2006-09-01,2006,244,166.9,0,"moderate",63.4,0,0.021,72.97,12.79,578.358,0
"31st",2007-05-30,2007,150,4.1,0,"low",46.2,0,0,84.95,7.02,577.877,0
"31st",2007-05-31,2007,151,7,0,"low",4.1,0,0,87.18,9.53,577.828,0
"31st",2007-06-01,2007,152,82.4,0,"low",7,0.158,0.158,77.89,8.2,577.775,0
"31st",2007-06-06,2007,157,516.9,1,"exceed",271.8,0.314,0.552,65.9,8.43,577.92,0
"31st",2007-06-07,2007,158,267.7,1,"exceed",516.9,0.003,0.317,83.06,8.67,577.75,0
"31st",2007-06-08,2007,159,89.3,0,"low",267.7,0,0.003,91.17,19.86,577.59,0
"31st",2007-06-13,2007,164,188.2,0,"moderate",325.7,0,0,77.19,7.85,577.911,0
"31st",2007-06-14,2007,165,184.4,0,"moderate",188.2,0,0,78.18,6.49,577.919,0
"31st",2007-06-15,2007,166,151.6,0,"moderate",184.4,0,0,80.96,5.21,577.939,0
"31st",2007-06-20,2007,171,181.8,0,"moderate",10.2,0.619,0.717,79.62,9.44,577.746,0
"31st",2007-06-21,2007,172,114.5,0,"low",181.8,0,0.619,80.09,2.85,577.675,0
"31st",2007-06-22,2007,173,422.6,1,"exceed",114.5,0,0,77.31,3.15,577.785,0
"31st",2007-06-27,2007,178,8.5,0,"low",23.9,0.047,0.047,86.28,6.73,577.738,0
"31st",2007-06-28,2007,179,2419.6,1,"exceed",8.5,0.279,0.327,86.58,7.15,577.706,0
"31st",2007-06-29,2007,180,1938.5,1,"exceed",2419.6,0,0.279,73.87,10.89,578.045,0
"31st",2007-06-30,2007,181,133.5,0,"moderate",1938.5,0,0,70.25,8.99,578.002,0
"31st",2007-07-04,2007,185,18.5,0,"low",34.9,0.016,0.016,80.46,6.77,577.696,0
"31st",2007-07-05,2007,186,52.8,0,"low",18.5,0.441,0.457,79.34,3.26,577.806,0
"31st",2007-07-06,2007,187,119.2,0,"low",52.8,0,0.441,81.67,3.38,577.759,0
"31st",2007-07-11,2007,192,2419.6,1,"exceed",67,0.276,0.386,87.07,7.41,577.716,0
"31st",2007-07-12,2007,193,54.5,0,"low",2419.6,0,0.276,76.76,7.25,577.669,0
"31st",2007-07-13,2007,194,84.1,0,"low",54.5,0,0,79.1,9.64,577.625,0
"31st",2007-07-18,2007,199,42.8,0,"low",124.1,0.104,0.104,82.66,5.29,577.769,0
"31st",2007-07-19,2007,200,256.7,1,"exceed",42.8,0.341,0.445,84.37,8.18,577.683,0
"31st",2007-07-20,2007,201,2192.3,1,"exceed",256.7,0.194,0.535,76.92,6.63,577.95,0
"31st",2007-07-21,2007,202,50.6,0,"low",2192.3,0,0.194,71.6,12.42,577.907,0
"31st",2007-07-25,2007,206,144,0,"moderate",546.1,0,0,77.54,1.49,577.688,0
"31st",2007-07-26,2007,207,162.4,0,"moderate",144,0,0,81.39,6.09,577.674,0
"31st",2007-07-27,2007,208,238.5,1,"exceed",162.4,0.586,0.586,82.35,7.25,577.661,0
"31st",2007-07-28,2007,209,956.2,1,"exceed",238.5,0.083,0.669,79.1,1.2,577.755,0
"31st",2007-07-29,2007,210,261.6,1,"exceed",956.2,0,0.083,77.11,10.47,577.925,0
"31st",2007-07-30,2007,211,90.7,0,"low",261.6,0,0,80.38,6.01,577.829,0
"31st",2007-07-31,2007,212,41.5,0,"low",90.7,0,0,81.71,4.94,577.699,0
"31st",2007-08-01,2007,213,458.4,1,"exceed",41.5,0,0,85.42,2.64,577.675,0
"31st",2007-08-02,2007,214,248.6,1,"exceed",458.4,0,0,87.65,2.36,577.682,0
"31st",2007-08-03,2007,215,1012.8,1,"exceed",248.6,0,0,89.28,6.04,577.563,0
"31st",2007-08-04,2007,216,409.9,1,"exceed",1012.8,0.003,0.003,81.7,3.98,577.671,0
"31st",2007-08-05,2007,217,327.2,1,"exceed",409.9,0.006,0.009,78.83,5.06,577.646,0
"31st",2007-08-06,2007,218,352.2,1,"exceed",327.2,0.955,0.961,85.79,6.25,577.639,0
"31st",2007-08-07,2007,219,176.6,0,"moderate",352.2,0.032,0.986,82.81,2.18,577.629,0
"31st",2007-08-08,2007,220,197.8,0,"moderate",176.6,0.47,0.501,91.66,5.19,577.645,0
"31st",2007-08-09,2007,221,214.2,0,"moderate",197.8,0.046,0.515,83.41,3.67,577.665,0
"31st",2007-08-10,2007,222,223.5,0,"moderate",214.2,0.147,0.193,84.4,1.83,577.71,0
"31st",2007-08-15,2007,227,335.3,1,"exceed",1646.1,0.396,0.396,83.34,6.9,577.495,0
"31st",2007-08-16,2007,228,186.9,0,"moderate",335.3,0.842,1.238,79.08,5.01,577.561,0
"31st",2007-08-17,2007,229,133,0,"moderate",186.9,0,0.842,75.43,4.46,577.507,0
"31st",2007-08-22,2007,234,306.4,1,"exceed",261.1,0.014,0.494,83.34,3.74,577.727,0
"31st",2007-08-23,2007,235,31,0,"low",306.4,0.781,0.795,89.2,5.23,577.464,0
"31st",2007-08-24,2007,236,84.9,0,"low",31,1.412,2.193,87.68,8.51,577.425,1
"31st",2007-08-25,2007,237,1082.4,1,"exceed",84.9,0.302,1.714,80.09,6.16,577.509,1
"31st",2007-08-26,2007,238,250.7,1,"exceed",1082.4,0.371,0.673,74,2.84,577.618,0
"31st",2007-08-27,2007,239,175.9,0,"moderate",250.7,0,0.371,75.21,1.92,577.588,0
"31st",2007-08-28,2007,240,113.9,0,"low",175.9,0,0,84.49,6.04,577.524,0
"31st",2007-08-29,2007,241,25.6,0,"low",113.9,0,0,91.44,7.7,577.484,0
"31st",2007-08-30,2007,242,254.6,1,"exceed",25.6,0,0,82.5,3.43,577.699,0
"31st",2007-08-31,2007,243,161.6,0,"moderate",254.6,0,0,71.67,11.88,577.78,0
"31st",2008-05-29,2008,150,7,0,"low",36.8,0,0,56.92,8.92,577.973,0
"31st",2008-05-30,2008,151,11.5,0,"low",7,0.13,0.13,65.25,2.84,577.753,0
"31st",2008-06-04,2008,156,157.7,0,"moderate",2047.7,0.56,0.56,67.24,4.33,577.949,0
"31st",2008-06-05,2008,157,18.1,0,"low",157.7,0,0.56,70.78,5.54,578.065,0
"31st",2008-06-06,2008,158,32.5,0,"low",18.1,0.25,0.25,86.58,13.37,577.936,0
"31st",2008-06-11,2008,163,86.6,0,"low",23.4,0.01,0.38,80.5,8.96,577.908,0
"31st",2008-06-12,2008,164,120.4,0,"low",86.6,0,0.01,83.54,12.88,578.155,0
"31st",2008-06-13,2008,165,18.9,0,"low",120.4,0,0,88,20,578.215,0
"31st",2008-06-18,2008,170,22.5,0,"low",67.6,0,0,75.05,9.54,578.079,0
"31st",2008-06-19,2008,171,73.8,0,"low",22.5,0,0,67.56,5.68,578.15,0
"31st",2008-06-20,2008,172,21.1,0,"low",73.8,0.007,0.007,74.3,3.3,578.13,0
"31st",2008-06-25,2008,177,20.6,0,"low",226.7,0,0,76.35,4.48,578.148,0
"31st",2008-06-26,2008,178,51.7,0,"low",20.6,0.072,0.072,81.38,10.13,578.1,0
"31st",2008-06-27,2008,179,57.7,0,"low",51.7,0,0.072,85.03,7.33,578.16,0
"31st",2008-07-02,2008,184,153.4,0,"moderate",86,0.009,0.009,81.83,8.27,578.09,0
"31st",2008-07-03,2008,185,2419.6,1,"exceed",153.4,0.057,0.066,85.97,12.76,578.098,0
"31st",2008-07-04,2008,186,189.2,0,"moderate",2419.6,0,0.057,67.87,17.82,578.525,0
"31st",2008-07-09,2008,191,630.7,1,"exceed",25.1,0.392,0.556,83.2,9.21,578.235,0
"31st",2008-07-10,2008,192,17.7,0,"low",630.7,0.031,0.423,78,4.87,578.223,0
"31st",2008-07-11,2008,193,211.5,0,"moderate",17.7,0.335,0.366,81.62,10.99,578.145,0
"31st",2008-07-16,2008,198,2,0,"low",198.6,0,0,89.03,8.58,578.149,0
"31st",2008-07-17,2008,199,161.2,0,"moderate",2,0,0,88.2,6.42,578.227,0
"31st",2008-07-18,2008,200,25.8,0,"low",161.2,0,0,87.69,9.3,578.239,0
"31st",2008-07-23,2008,205,52.5,0,"low",981.5,0.042,0.123,72.66,9.84,578.575,0
"31st",2008-07-24,2008,206,88.5,0,"low",52.5,0,0.042,75.97,9.66,578.516,0
"31st",2008-07-25,2008,207,35.3,0,"low",88.5,0,0,78.71,1.72,578.37,0
"31st",2008-07-30,2008,212,532,1,"exceed",502.6,0.146,0.146,86.63,4.98,578.319,0
"31st",2008-07-31,2008,213,106.9,0,"low",532,0.028,0.174,83.23,5.95,578.298,0
"31st",2008-08-01,2008,214,31.4,0,"low",106.9,0.509,0.537,82.41,4.23,578.233,0
"31st",2008-08-06,2008,219,183.4,0,"moderate",207.6,0.064,0.935,81.19,2.5,578.461,0
"31st",2008-08-07,2008,220,2419.6,1,"exceed",183.4,0.007,0.071,79.55,4.76,578.291,0
"31st",2008-08-08,2008,221,727.2,1,"exceed",2419.6,0.007,0.014,77.01,7.98,578.517,0
"31st",2008-08-09,2008,222,104.5,0,"low",727.2,0,0.007,74.16,7.26,578.385,0
"31st",2008-08-13,2008,226,49.6,0,"low",244,0,0,73.89,3.83,578.41,0
"31st",2008-08-14,2008,227,47.1,0,"low",49.6,0.018,0.018,73.58,2.85,578.427,0
"31st",2008-08-15,2008,228,131.6,0,"moderate",47.1,0,0.018,73.96,8.31,578.574,0
"31st",2008-08-20,2008,233,30.3,0,"low",76,0,0,77.72,6.37,578.565,0
"31st",2008-08-21,2008,234,34.1,0,"low",30.3,0,0,76.21,7.1,578.485,0
"31st",2008-08-22,2008,235,2,0,"low",34.1,0,0,79.39,7.31,578.367,0
"31st",2008-08-27,2008,240,11,0,"low",19.1,0,0,72.65,9.95,578.403,0
"31st",2008-08-28,2008,241,54,0,"low",11,0,0,75.92,5.06,578.309,0
"31st",2008-08-29,2008,242,18.2,0,"low",54,0.023,0.023,79.16,6.38,578.204,0
"31st",2009-05-28,2009,148,149.3,0,"moderate",15.3,0.075,0.945,69.14,1.87,579.11,0
"31st",2009-05-29,2009,149,65.1,0,"low",149.3,0,0.075,60.34,5.77,578.911,0
"31st",2009-06-03,2009,154,11.5,0,"low",153.1,0.034,0.83,56.38,10,579.017,0
"31st",2009-06-04,2009,155,1.7,0,"low",11.5,0,0.034,58.4,11.83,579.015,0
"31st",2009-06-05,2009,156,19.9,0,"low",1.7,0,0,70.13,6.44,578.901,0
"31st",2009-06-10,2009,161,96.3,0,"low",89.9,0,0.159,64.56,5.29,579.142,0
"31st",2009-06-11,2009,162,57,0,"low",96.3,0.031,0.031,62.41,8.22,579.027,0
"31st",2009-06-12,2009,163,38.1,0,"low",57,0.553,0.585,61.97,10.18,579.194,0
"31st",2009-06-17,2009,168,474.6,1,"exceed",1481.7,0.581,0.852,69.16,10.69,579.153,0
"31st",2009-06-18,2009,169,2.5,0,"low",474.6,0,0.581,73.38,2.55,579.141,0
"31st",2009-06-19,2009,170,107.9,0,"low",2.5,0.157,0.157,80.26,5.21,579.036,0
"31st",2009-06-20,2009,171,1.4,0,"low",107.9,1.234,1.391,87.19,7.65,578.927,0
"31st",2009-06-24,2009,175,37.8,0,"low",12,0,0.068,86.34,4.23,579.09,0
"31st",2009-06-25,2009,176,35.8,0,"low",37.8,0.061,0.061,88.64,0.99,579.048,0
"31st",2009-06-26,2009,177,2.4,0,"low",35.8,0,0.061,84.51,1.47,579.084,0
"31st",2009-07-01,2009,182,69.9,0,"low",6.9,0,0,67.97,8.58,579.061,0
"31st",2009-07-02,2009,183,69.1,0,"low",69.9,0,0,67.03,6.11,579.068,0
"31st",2009-07-08,2009,189,150.1,0,"moderate",283.5,0,0,72.06,5.62,579.018,0
"31st",2009-07-09,2009,190,902.3,1,"exceed",150.1,0.138,0.138,69.66,7.03,579.049,0
"31st",2009-07-10,2009,191,106.8,0,"low",902.3,0,0.138,76.83,5.47,579.128,0
"31st",2009-07-15,2009,196,59.3,0,"low",78.1,0,0,78.46,6.74,578.959,0
"31st",2009-07-16,2009,197,112,0,"low",59.3,0.618,0.618,85.01,8.96,578.83,0
"31st",2009-07-17,2009,198,31.5,0,"low",112,0.12,0.738,80.52,8.41,578.827,0
"31st",2009-07-22,2009,203,65,0,"low",336.1,0.012,0.012,75.96,5.16,579.032,0
"31st",2009-07-23,2009,204,648.9,1,"exceed",65,0,0.012,73.72,2.8,579.107,0
"31st",2009-07-24,2009,205,39.3,0,"low",648.9,0.12,0.12,74.7,2.6,579.058,0
"31st",2009-07-29,2009,210,16,0,"low",4,0.037,0.037,82.74,4.85,578.877,0
"31st",2009-07-30,2009,211,43.2,0,"low",16,0,0.037,73.77,4.89,578.896,0
"31st",2009-07-31,2009,212,25.5,0,"low",43.2,0,0,77.35,5.4,578.84,0
"31st",2009-08-05,2009,217,58.5,0,"low",8.6,0,0.084,78.45,1.15,578.907,0
"31st",2009-08-06,2009,218,32.7,0,"low",58.5,0,0,73.44,5.24,578.799,0
"31st",2009-08-07,2009,219,109.7,0,"low",32.7,0.006,0.006,75.2,2.18,578.84,0
"31st",2009-08-12,2009,224,410.2,1,"exceed",46.3,0,0,75.39,5.96,579.043,0
"31st",2009-08-13,2009,225,111.9,0,"low",410.2,0,0,76.42,5.27,578.94,0
"31st",2009-08-14,2009,226,30.7,0,"low",111.9,0,0,80.62,3.29,578.885,0
"31st",2009-08-19,2009,231,69.2,0,"low",37.8,0.095,0.591,82.54,7.15,578.846,0
"31st",2009-08-20,2009,232,12.6,0,"low",69.2,0.125,0.221,78.55,4.56,578.865,0
"31st",2009-08-21,2009,233,37.1,0,"low",12.6,0.078,0.204,76.62,12.99,578.875,0
"31st",2009-08-26,2009,238,34.4,0,"low",253.5,0,0,79.65,9.74,578.733,0
"31st",2009-08-27,2009,239,117.1,0,"low",34.4,0.483,0.483,72.49,4.03,578.996,0
"31st",2009-09-02,2009,245,78.2,0,"low",37.4,0,0,67.66,5.22,578.965,0
"31st",2009-09-03,2009,246,126.6,0,"moderate",78.2,0,0,68.65,4.36,578.963,0
"31st",2010-05-28,2010,148,86.7,0,"low",940.3,0,0,68.86,11.95,578.183,0
"31st",2010-06-03,2010,154,1367.1,1,"exceed",44.8,1.109,1.109,75.44,2.53,578.187,0
"31st",2010-06-04,2010,155,64.3,0,"low",1367.1,0,1.109,70.06,7.79,578.22,0
"31st",2010-06-09,2010,160,20.8,0,"low",21.5,0.325,0.325,72.14,8.97,578.131,0
"31st",2010-06-10,2010,161,613.1,1,"exceed",20.8,0,0.325,82.16,8.92,578.265,0
"31st",2010-06-11,2010,162,51.5,0,"low",613.1,0,0,79.18,4.09,578.175,0
"31st",2010-06-16,2010,167,24.9,0,"low",212.1,0.512,0.617,76.52,1.13,578.43,0
"31st",2010-06-17,2010,168,73.9,0,"low",24.9,0,0.512,79.82,6.11,578.48,0
"31st",2010-06-18,2010,169,17.2,0,"low",73.9,0,0,77.06,5.69,578.355,0
"31st",2010-06-23,2010,174,119.2,0,"low",7.3,0.737,1.041,85.57,7.26,578.446,0
"31st",2010-06-24,2010,175,131.2,0,"moderate",119.2,0.696,1.433,86.07,9.81,578.17,0
"31st",2010-06-25,2010,176,10.6,0,"low",131.2,0,0.696,76.95,2.6,578.34,0
"31st",2010-06-30,2010,181,182.3,0,"moderate",870.3,0,0.906,69.57,8.09,578.385,0
"31st",2010-07-01,2010,182,30.5,0,"low",182.3,0,0,70.38,4.49,578.399,0
"31st",2010-07-02,2010,183,36,0,"low",30.5,0,0,75.81,6.11,578.397,0
"31st",2010-07-08,2010,189,95.9,0,"low",249.7,0.124,0.168,89.53,4.09,578.271,0
"31st",2010-07-09,2010,190,2419.6,1,"exceed",95.9,0.142,0.266,81.16,0.6,578.34,0
"31st",2010-07-10,2010,191,128.4,0,"moderate",2419.6,0.007,0.149,80.42,5.71,578.354,0
"31st",2010-07-14,2010,195,222.7,0,"moderate",110.5,0.064,0.071,82.43,5.41,578.445,0
"31st",2010-07-15,2010,196,389.9,1,"exceed",222.7,0,0.064,88.46,8.05,578.348,0
"31st",2010-07-16,2010,197,41.6,0,"low",389.9,0.003,0.003,89.89,6.6,578.358,0
"31st",2010-07-21,2010,202,86.1,0,"low",613.2,0,0.003,82.68,6.3,578.354,0
"31st",2010-07-22,2010,203,88,0,"low",86.1,0,0,84.12,1.38,578.33,0
"31st",2010-07-23,2010,204,62.6,0,"low",88,1.116,1.116,87.92,8.96,578.234,0
"31st",2010-07-28,2010,209,97.3,0,"low",56.6,0,0,87.01,5.77,578.336,0
"31st",2010-07-29,2010,210,2420.3,1,"exceed",97.3,0,0,88.21,5.59,578.268,0
"31st",2010-07-30,2010,211,109.1,0,"low",2420.3,0,0,78.01,5.7,578.413,0
"31st",2010-08-04,2010,216,110.9,0,"low",184.3,0.791,0.833,82.65,3.63,578.278,0
"31st",2010-08-05,2010,217,225.9,0,"moderate",110.9,0.526,1.317,79.32,3.31,578.327,0
"31st",2010-08-06,2010,218,1938.5,1,"exceed",225.9,0,0.526,83.2,9.32,578.252,0
"31st",2010-08-07,2010,219,50.5,0,"low",1938.5,0,0,78.77,3.64,578.307,0
"31st",2010-08-11,2010,223,167.1,0,"moderate",139.9,0,0.044,82.55,3.85,578.372,0
"31st",2010-08-12,2010,224,2047.7,1,"exceed",167.1,0,0,88.76,2.93,578.417,0
"31st",2010-08-13,2010,225,56.3,0,"low",2047.7,0,0,85.05,2.6,578.441,0
"31st",2010-08-18,2010,230,71.8,0,"low",54.4,0,0,76.16,3.36,578.056,0
"31st",2010-08-19,2010,231,275.2,1,"exceed",71.8,0.073,0.073,80.97,1.96,578.04,0
"31st",2010-08-20,2010,232,136.5,0,"moderate",275.2,0,0.073,85.15,4.83,578.133,0
"31st",2010-08-25,2010,237,34.7,0,"low",72.8,0,0,78.7,3.78,578.324,0
"31st",2010-08-26,2010,238,32.1,0,"low",34.7,0,0,76.45,8.9,578.394,0
"31st",2010-08-27,2010,239,51.5,0,"low",32.1,0,0,77.94,2.83,578.22,0
"31st",2010-09-01,2010,244,45.5,0,"low",3.7,0,0,90.43,12.34,577.888,0
"31st",2010-09-02,2010,245,72.7,0,"low",45.5,0.146,0.146,80.78,6.31,578.083,0
"31st",2010-09-03,2010,246,15.7,0,"low",72.7,0.643,0.789,82.02,7.44,578.112,0
"31st",2011-06-02,2011,153,1252.9,1,"exceed",11.6,0,0.047,81.2,11.81,577.848,0
"31st",2011-06-03,2011,154,31.6,0,"low",1252.9,0,0,70.65,7.06,578.122,0
"31st",2011-06-08,2011,159,9.8,0,"low",6.1,0,0,95.25,10.7,578.207,0
"31st",2011-06-09,2011,160,309.1,1,"exceed",9.8,0,0,94.1,12.15,578.026,0
"31st",2011-06-10,2011,161,184.9,0,"moderate",309.1,1.812,1.812,70.57,6.39,578.433,0
"31st",2011-06-14,2011,165,312.1,1,"exceed",29.4,0,0,65.49,6.86,578.269,0
"31st",2011-06-15,2011,166,849.8,1,"exceed",312.1,0.054,0.054,70.39,6.97,578.393,0
"31st",2011-06-16,2011,167,82.8,0,"low",849.8,0.508,0.561,71.74,10.18,578.392,0
"31st",2011-06-17,2011,168,22.8,0,"low",82.8,0.033,0.541,77.86,4.89,578.404,0
"31st",2011-06-22,2011,173,3.5,0,"low",4.1,0.249,0.717,86.91,12.72,578.507,0
"31st",2011-06-23,2011,174,12.6,0,"low",3.5,0.017,0.266,73.33,13.13,578.479,0
"31st",2011-06-24,2011,175,7.1,0,"low",12.6,0.038,0.055,70.88,12,578.452,0
"31st",2011-06-29,2011,180,119.4,0,"low",22.7,0,0.076,76.4,5.59,578.418,0
"31st",2011-06-30,2011,181,104.7,0,"low",119.4,0,0,76.35,2.99,578.346,0
"31st",2011-07-01,2011,182,145.2,0,"moderate",104.7,0,0,84.48,7.87,578.499,0
"31st",2011-07-07,2011,188,893.2,1,"exceed",38.3,0,0,81.27,5.93,578.427,0
"31st",2011-07-08,2011,189,80.2,0,"low",893.2,0.049,0.049,75.71,5.22,578.479,0
"31st",2011-07-13,2011,194,2419.6,1,"exceed",10.8,0.01,0.204,81.05,5.05,578.425,0
"31st",2011-07-14,2011,195,350.3,1,"exceed",2419.6,0,0.01,71.51,12.11,578.567,0
"31st",2011-07-15,2011,196,59.3,0,"low",350.3,0,0,76.21,6.89,578.524,0
"31st",2011-07-20,2011,201,184.4,0,"moderate",129.5,0,0.003,85.06,2.57,578.506,0
"31st",2011-07-21,2011,202,7.1,0,"low",184.4,0.006,0.006,97.56,6.48,578.262,0
"31st",2011-07-22,2011,203,1365,1,"exceed",7.1,0.007,0.013,97.17,5,578.262,0
"31st",2011-07-23,2011,204,133.5,0,"moderate",1365,0.401,0.408,87.12,3.63,578.352,0
"31st",2011-07-24,2011,205,41.4,0,"low",133.5,1.562,1.963,82.11,0.93,578.388,0
"31st",2011-07-25,2011,206,79.4,0,"low",41.4,0.088,1.651,83.01,1.37,578.48,0
"31st",2011-07-26,2011,207,28.9,0,"low",79.4,0.014,0.103,79.5,3.22,578.434,1
"31st",2011-07-27,2011,208,121.2,0,"low",28.9,0.007,0.021,81.43,4.49,578.367,0
"31st",2011-07-28,2011,209,101,0,"low",121.2,0.126,0.134,89.12,6.69,578.342,0
"31st",2011-07-29,2011,210,67.8,0,"low",101,0.205,0.331,82.55,3.46,578.504,0
"31st",2011-08-03,2011,215,521.8,1,"exceed",42.7,0.23,0.23,91.3,8.18,578.36,0
"31st",2011-08-04,2011,216,124.5,0,"low",521.8,0,0.23,80.9,8.68,578.64,0
"31st",2011-08-05,2011,217,30.7,0,"low",124.5,0,0,78.12,6.33,578.494,0
"31st",2011-08-10,2011,222,187.7,0,"moderate",61,0.031,0.325,80.48,10.11,578.409,0
"31st",2011-08-11,2011,223,39.7,0,"low",187.7,0,0.031,74.71,5.46,578.37,0
"31st",2011-08-12,2011,224,9.1,0,"low",39.7,0,0,77.32,1.48,578.252,0
"31st",2011-08-17,2011,229,19.8,0,"low",15.3,0,0,79.83,2.88,578.422,0
"31st",2011-08-18,2011,230,24.9,0,"low",19.8,0,0,82.07,6.33,578.338,0
"31st",2011-08-19,2011,231,29.6,0,"low",24.9,0,0,79.56,3.4,578.409,0
"31st",2011-08-24,2011,236,19.4,0,"low",51.3,0.231,0.231,79.95,10.24,577.898,0
"31st",2011-08-25,2011,237,807.3,1,"exceed",19.4,0,0.231,90.74,9.32,578.087,0
"31st",2011-08-26,2011,238,17.1,0,"low",807.3,0,0,75.53,6.11,578.259,0
"31st",2011-08-31,2011,243,39.1,0,"low",89.9,0.01,0.01,80.73,7.06,578.113,0
"31st",2011-09-01,2011,244,9.5,0,"low",39.1,0.051,0.061,88.28,6.67,578.181,0
"31st",2011-09-02,2011,245,32.9,0,"low",9.5,0,0.051,92.55,5.26,578.263,0
"31st",2012-05-24,2012,145,4.6,0,"low",78.2,0,0,73.57,4.94,577.847,0
"31st",2012-05-25,2012,146,73.1,0,"low",4.6,0,0,85.75,16.09,577.695,0
"31st",2012-05-31,2012,152,2047.8,1,"exceed",1118.8,0,0.007,67.73,6.64,577.868,0
"31st",2012-06-01,2012,153,355.3,1,"exceed",2047.8,0.83,0.83,54.32,13.04,577.991,0
"31st",2012-06-02,2012,154,104.1,0,"low",355.3,0.077,0.906,58.76,11.57,578.112,0
"31st",2012-06-06,2012,158,18.4,0,"low",687.8,0,0,63.82,9.41,578.029,0
"31st",2012-06-07,2012,159,106.5,0,"low",18.4,0,0,68.88,6.71,577.873,0
"31st",2012-06-08,2012,160,18.2,0,"low",106.5,0,0,72.28,2.92,577.767,0
"31st",2012-06-13,2012,165,255,1,"exceed",670.6,0,0,77.22,7.39,577.847,0
"31st",2012-06-14,2012,166,94.9,0,"low",255,0,0,67.01,7.89,577.781,0
"31st",2012-06-15,2012,167,41.7,0,"low",94.9,0,0,77.98,7.62,577.847,0
"31st",2012-06-20,2012,172,5.1,0,"low",33.3,0,0,90.12,15.18,577.656,0
"31st",2012-06-21,2012,173,19.4,0,"low",5.1,0,0,90.14,15.06,577.635,0
"31st",2012-06-22,2012,174,64.7,0,"low",19.4,0.024,0.024,81.94,6.69,577.678,0
"31st",2012-06-27,2012,179,5.7,0,"low",156.5,0,0,74.89,6.6,577.866,0
"31st",2012-06-28,2012,180,15.4,0,"low",5.7,0,0,87.94,11.62,577.697,0
"31st",2012-06-29,2012,181,102.4,0,"low",15.4,0.041,0.041,97.4,7.81,577.777,0
"31st",2012-07-07,2012,189,2420,1,"exceed",445.4,0,0,92.47,3.61,577.785,0
"31st",2012-07-08,2012,190,579.1,1,"exceed",2420,0,0,91.82,7,577.941,0
"31st",2012-07-09,2012,191,121.6,0,"low",579.1,0,0,78.87,13.56,577.964,0
"31st",2012-07-10,2012,192,1003.8,1,"exceed",121.6,0,0,81.44,5.07,577.932,0
"31st",2012-07-11,2012,193,75.5,0,"low",1003.8,0,0,77.37,11.18,577.973,0
"31st",2012-07-12,2012,194,21.7,0,"low",75.5,0,0,80.35,7.4,577.899,0
"31st",2012-07-13,2012,195,14.7,0,"low",21.7,0,0,85.7,7.28,577.818,0
"31st",2012-07-18,2012,200,377.9,1,"exceed",39.1,0,0,97.62,9.05,577.557,0
"31st",2012-07-19,2012,201,42.4,0,"low",377.9,0.15,0.15,83.93,6.01,577.851,0
"31st",2012-07-20,2012,202,422.7,1,"exceed",42.4,0.798,0.948,79.6,3.77,578.002,0
"31st",2012-07-21,2012,203,149.1,0,"moderate",422.7,0.007,0.805,77.18,12.13,577.992,0
"31st",2012-07-25,2012,207,21.6,0,"low",562.5,0.403,0.417,87.65,5.88,577.691,0
"31st",2012-07-26,2012,208,345.2,1,"exceed",21.6,0.003,0.406,98.22,8.89,577.568,0
"31st",2012-07-27,2012,209,54.5,0,"low",345.2,0.281,0.284,89.43,6.96,577.626,0
"31st",2012-08-01,2012,214,19.6,0,"low",27.2,0.214,0.214,82.08,3.59,577.69,0
"31st",2012-08-02,2012,215,13.5,0,"low",19.6,0,0.214,82.58,5.04,577.611,0
"31st",2012-08-03,2012,216,12.7,0,"low",13.5,0,0,87.81,4,577.487,0
"31st",2012-08-08,2012,221,76.6,0,"low",8.5,0,0,91.28,6.7,577.429,0
"31st",2012-08-09,2012,222,125.4,0,"low",76.6,0.007,0.007,81.49,8.51,577.633,0
"31st",2012-08-10,2012,223,335.3,1,"exceed",125.4,0.015,0.022,74.96,8.88,577.712,0
"31st",2012-08-11,2012,224,55.9,0,"low",335.3,0.195,0.209,72.68,16.4,578.254,0
"31st",2012-08-15,2012,228,7.4,0,"low",14,0.007,0.3,76.9,0.79,577.66,0
"31st",2012-08-16,2012,229,10.9,0,"low",7.4,0,0.007,84.75,5.25,577.546,0
"31st",2012-08-17,2012,230,330.5,1,"exceed",10.9,0.266,0.266,75.3,7.98,577.427,0
"31st",2012-08-18,2012,231,14,0,"low",330.5,0,0.266,71.68,5.72,577.454,0
"31st",2012-08-22,2012,235,2.3,0,"low",45.7,0,0.424,74.31,2.03,577.366,0
"31st",2012-08-23,2012,236,7.4,0,"low",2.3,0,0,79.87,5.63,577.252,0
"31st",2012-08-24,2012,237,14.5,0,"low",7.4,0.009,0.009,87.85,8.3,577.205,0
"31st",2012-08-29,2012,242,33.8,0,"low",57.3,0,0,79.27,4.52,577.305,0
"31st",2012-08-30,2012,243,4.3,0,"low",33.8,0,0,78.24,5.8,577.268,0
"31st",2012-08-31,2012,244,14.6,0,"low",4.3,0,0,88.49,10.53,576.952,0
"31st",2012-09-01,2012,245,156.2,0,"moderate",14.6,0,0,90.55,7.67,577.051,0
"31st",2012-09-02,2012,246,98.6,0,"low",156.2,0.113,0.113,75.77,9.52,577.438,0
"31st",2013-05-23,2013,143,2420,1,"exceed",27,0.592,0.849,71.66,5.54,577.623,0
"31st",2013-05-24,2013,144,194.7,0,"moderate",2420,0.056,0.648,55.07,19.58,578.166,0
"31st",2013-05-25,2013,145,80.9,0,"low",194.7,0,0.056,50.95,10.93,577.762,0
"31st",2013-05-26,2013,146,31.9,0,"low",80.9,0,0,52.6,4.75,577.604,0
"31st",2013-05-27,2013,147,68.9,0,"low",31.9,0.006,0.006,61.93,4.42,577.661,0
"31st",2013-05-28,2013,148,5.1,0,"low",68.9,0.05,0.055,60.88,9.12,577.776,0
"31st",2013-05-29,2013,149,30.3,0,"low",5.1,0.519,0.569,75.89,9.97,577.772,0
"31st",2013-05-30,2013,150,82.7,0,"low",30.3,0.017,0.536,80.67,6.84,577.632,0
"31st",2013-05-31,2013,151,34.5,0,"low",82.7,0.21,0.227,80.82,14.96,577.582,0
"31st",2013-06-05,2013,156,62.1,0,"low",124.4,0,0,64.85,4.75,577.762,0
"31st",2013-06-06,2013,157,613,1,"exceed",62.1,0.003,0.003,68.23,6.22,577.928,0
"31st",2013-06-07,2013,158,30.5,0,"low",613,0.092,0.095,59.69,9.21,577.971,0
"31st",2013-06-12,2013,163,113.8,0,"low",30.7,0.311,0.46,79.26,2.24,577.747,0
"31st",2013-06-13,2013,164,312.6,1,"exceed",113.8,0.338,0.648,79.96,1.72,577.887,0
"31st",2013-06-14,2013,165,180.6,0,"moderate",312.6,0.062,0.4,65.59,12.48,578.018,0
"31st",2013-06-19,2013,170,62.2,0,"low",133.9,0,0.079,64.11,13.22,578.197,0
"31st",2013-06-20,2013,171,19.5,0,"low",62.2,0,0,68.62,6.23,577.927,0
"31st",2013-06-21,2013,172,30.4,0,"low",19.5,0,0,78.95,6.69,577.877,0
"31st",2013-06-26,2013,177,11.5,0,"low",89.8,0.012,0.281,84.77,5.15,577.835,0
"31st",2013-06-27,2013,178,8.7,0,"low",11.5,0.367,0.379,78.98,4.11,577.893,0
"31st",2013-06-28,2013,179,2047.9,1,"exceed",8.7,0.968,1.335,87.28,3.67,577.911,0
"31st",2013-06-29,2013,180,547,1,"exceed",2047.9,0.205,1.173,79.89,7.96,577.887,0
"31st",2013-06-30,2013,181,113.9,0,"low",547,0,0.205,67.56,11.8,578.161,0
"31st",2013-07-01,2013,182,52.9,0,"low",113.9,0,0,69.42,13.79,578.244,0
"31st",2013-07-02,2013,183,38.1,0,"low",52.9,0,0,69.35,12.86,578.278,0
"31st",2013-07-03,2013,184,72.7,0,"low",38.1,0,0,65.16,12.14,578.215,0
"31st",2013-07-10,2013,191,243.9,1,"exceed",55.5,0.007,0.315,83.69,6.96,577.957,0
"31st",2013-07-11,2013,192,321.8,1,"exceed",243.9,0,0.007,80.32,3.56,577.85,0
"31st",2013-07-12,2013,193,324.4,1,"exceed",321.8,0,0,75.6,5.18,577.914,0
"31st",2013-07-13,2013,194,20.5,0,"low",324.4,0,0,76.19,4.95,577.992,0
"31st",2013-07-14,2013,195,67.5,0,"low",20.5,0,0,77.55,5.04,578.008,0
"31st",2013-07-15,2013,196,20,0,"low",67.5,0,0,81.89,7.64,577.963,0
"31st",2013-07-16,2013,197,50.1,0,"low",20,0.041,0.041,82.94,4.94,577.975,0
"31st",2013-07-17,2013,198,27.2,0,"low",50.1,0.007,0.048,89.55,5.9,577.91,0
"31st",2013-07-18,2013,199,115.5,0,"low",27.2,0,0.007,88.73,3.5,577.791,0
"31st",2013-07-19,2013,200,7.1,0,"low",115.5,0,0,93.16,7.2,577.741,0
"31st",2013-07-23,2013,204,11.5,0,"low",28.8,0,0,84.28,5.16,577.925,0
"31st",2013-07-24,2013,205,63.5,0,"low",11.5,0.009,0.009,79.81,8.42,578.108,0
"31st",2013-07-25,2013,206,3.9,0,"low",63.5,0,0.009,68.89,11.22,577.943,0
"31st",2013-07-26,2013,207,8.1,0,"low",3.9,0,0,75.95,1.13,577.821,0
"31st",2013-07-27,2013,208,377.7,1,"exceed",8.1,0.104,0.104,72.55,10.25,577.694,0
"31st",2013-07-28,2013,209,27.6,0,"low",377.7,0,0.104,67.28,8.97,577.947,0
"31st",2013-07-29,2013,210,30.8,0,"low",27.6,0,0,68.42,9.38,577.807,0
"31st",2013-07-30,2013,211,7.9,0,"low",30.8,0,0,69.49,2.43,577.903,0
"31st",2013-07-31,2013,212,158.3,0,"moderate",7.9,0.012,0.012,72.36,5.75,577.825,0
"31st",2013-08-01,2013,213,14.1,0,"low",158.3,0.198,0.21,73.51,1.2,577.864,0
"31st",2013-08-02,2013,214,15,0,"low",14.1,0,0.198,77.13,4.36,577.818,0
"31st",2013-08-07,2013,219,53.5,0,"low",18.6,0.012,0.044,80.81,8.06,577.758,0
"31st",2013-08-08,2013,220,358.4,1,"exceed",53.5,0.007,0.019,84.69,2.42,577.949,0
"31st",2013-08-09,2013,221,46,0,"low",358.4,0,0.007,74.1,10.4,577.943,0
"31st",2013-08-14,2013,226,50.2,0,"low",1258.4,0,0.426,70.2,12.37,578.078,0
"31st",2013-08-15,2013,227,10.4,0,"low",50.2,0,0,66.72,6.05,577.859,0
"31st",2013-08-16,2013,228,6,0,"low",10.4,0,0,72.46,4.49,577.698,0
"31st",2013-08-20,2013,232,16.3,0,"low",5.9,0,0,80.18,2.05,577.727,0
"31st",2013-08-21,2013,233,18.8,0,"low",16.3,0,0,85.76,6.7,577.648,0
"31st",2013-08-22,2013,234,26.8,0,"low",18.8,0.021,0.021,88.28,9.04,577.654,0
"31st",2013-08-23,2013,235,115.4,0,"low",26.8,0.2,0.221,77.67,2.83,577.695,0
"31st",2013-08-28,2013,240,114.6,0,"low",3.2,0,0,92.74,11.69,577.68,0
"31st",2013-08-29,2013,241,33.8,0,"low",114.6,0,0,84.47,6.64,577.875,0
"31st",2013-08-30,2013,242,8.4,0,"low",33.8,0,0,79.53,3.27,577.822,0
"31st",2013-08-31,2013,243,142,0,"moderate",8.4,0.166,0.166,94.03,6.02,577.794,0
"31st",2013-09-11,2013,254,62.9,0,"low",9.4,0,0,93.81,11.68,577.666,0
"31st",2013-09-12,2013,255,355.8,1,"exceed",62.9,0,0,88.26,4.48,577.76,0
"31st",2014-05-22,2014,142,12.5,0,"low",820.5,0.032,0.523,78.74,1.37,578.717,0
"31st",2014-05-23,2014,143,23.9,0,"low",12.5,0,0.032,64.27,5.65,578.625,0
"31st",2014-05-29,2014,149,89,0,"low",840.6,0.329,0.473,61.54,8.2,578.878,0
"31st",2014-05-30,2014,150,30.4,0,"low",89,0,0.329,64.87,8.21,578.922,0
"31st",2014-06-04,2014,155,1227.9,1,"exceed",325.9,0,0.158,76.66,4.29,578.649,0
"31st",2014-06-05,2014,156,88.6,0,"low",1227.9,0.085,0.085,68.56,6.8,578.836,0
"31st",2014-06-06,2014,157,19.4,0,"low",88.6,0,0.085,67.72,5.39,578.784,0
"31st",2014-06-11,2014,162,14.1,0,"low",46,0.388,0.388,61.23,9.02,579.007,0
"31st",2014-06-12,2014,163,21.4,0,"low",14.1,0.18,0.568,63.62,4.27,579.091,0
"31st",2014-06-13,2014,164,7.9,0,"low",21.4,0.011,0.19,80.36,7.57,578.845,0
"31st",2014-06-18,2014,169,4.6,0,"low",6,0,0,86.77,10.27,578.796,0
"31st",2014-06-19,2014,170,4.4,0,"low",4.6,0.221,0.221,81.33,3.67,579.096,0
"31st",2014-06-20,2014,171,50,0,"low",4.4,0.394,0.615,72.49,5.42,579.167,0
"31st",2014-06-25,2014,176,31.7,0,"low",4,0.404,0.499,79.55,1.16,579.042,0
"31st",2014-06-26,2014,177,138.4,0,"moderate",31.7,0.019,0.424,69.91,6.8,579.183,0
"31st",2014-06-27,2014,178,62,0,"low",138.4,0,0.019,67.06,5.57,579.117,0
"31st",2014-07-02,2014,183,12.3,0,"low",1.7,0.093,1.445,80.7,11.23,578.823,1
"31st",2014-07-03,2014,184,37.5,0,"low",12.3,0.1,0.193,72.37,5.86,578.957,0
"31st",2014-07-09,2014,190,44,0,"low",1106.6,0.373,0.72,80.94,10.39,579.037,0
"31st",2014-07-10,2014,191,23.7,0,"low",44,0,0.373,73.27,3.38,579.036,0
"31st",2014-07-11,2014,192,42.9,0,"low",23.7,0,0,72.59,5.71,579.09,0
"31st",2014-07-16,2014,197,93.9,0,"low",434.6,0.032,0.3,67.97,9.69,579.219,0
"31st",2014-07-17,2014,198,43.3,0,"low",93.9,0.005,0.038,67.69,4.01,579.122,0
"31st",2014-07-18,2014,199,22,0,"low",43.3,0,0.005,72.92,3.42,579.121,0
"31st",2014-07-23,2014,204,1074.2,1,"exceed",5.5,0.002,0.002,87.76,11.1,578.974,0
"31st",2014-07-24,2014,205,434.8,1,"exceed",1074.2,0.052,0.054,74.77,16.66,579.474,0
"31st",2014-07-25,2014,206,253.1,1,"exceed",434.8,0,0.052,69.87,7.34,579.242,0
"31st",2014-07-26,2014,207,11.5,0,"low",253.1,0,0,73.77,8.72,579.039,0
"31st",2014-07-30,2014,211,15.9,0,"low",22.4,0.002,0.002,73.69,2.65,579.144,0
"31st",2014-07-31,2014,212,3.7,0,"low",15.9,0,0.002,72.23,2.37,579.143,0
"31st",2014-08-01,2014,213,13.9,0,"low",3.7,0,0,82.49,7.71,579.062,0
"31st",2014-08-06,2014,218,222.3,0,"moderate",31.9,0.243,1.09,74.87,3.22,579.265,0
"31st",2014-08-07,2014,219,53.1,0,"low",222.3,0,0.243,74.31,6.15,579.249,0
"31st",2014-08-08,2014,220,34.3,0,"low",53.1,0,0,76.39,7.6,579.216,0
"31st",2014-08-13,2014,225,65.4,0,"low",241,0.02,1.214,69.95,9.87,579.486,0
"31st",2014-08-14,2014,226,24.2,0,"low",65.4,0,0.02,78.62,3.23,579.225,0
"31st",2014-08-15,2014,227,9.5,0,"low",24.2,0,0,67.93,8.51,579.275,0
"31st",2014-08-20,2014,232,7.7,0,"low",6.7,0.112,0.112,83.38,10.26,579.32,0
"31st",2014-08-21,2014,233,14,0,"low",7.7,0,0.112,85.31,7.27,579.33,0
"31st",2014-08-22,2014,234,30.7,0,"low",14,0.9,0.9,78.32,5.11,579.35,0
"31st",2014-08-27,2014,239,21,0,"low",39.5,0,0.795,80.08,0.19,579.28,0
"31st",2014-08-28,2014,240,142.2,0,"moderate",21,0,0,75.74,6.7,579.262,0
"31st",2014-08-29,2014,241,17.5,0,"low",142.2,0.011,0.011,73.06,8.5,579.322,0
"31st",2015-05-21,2015,141,52.1,0,"low",379.6,0.02,0.02,46.18,8.81,579.495,0
"31st",2015-05-22,2015,142,8.8,0,"low",52.1,0,0.02,67.41,7.29,579.462,0
"31st",2015-05-28,2015,148,39.3,0,"low",13,0.032,0.336,73.91,8.48,579.525,0
"31st",2015-05-29,2015,149,9.7,0,"low",39.3,0,0.032,77.64,5.63,579.607,0
"31st",2015-06-03,2015,154,21.4,0,"low",24.5,0,0,63.98,4.49,579.794,0
"31st",2015-06-04,2015,155,15.1,0,"low",21.4,0,0,71.4,5.98,579.82,0
"31st",2015-06-05,2015,156,639.6,1,"exceed",15.1,0,0,78.42,7.28,579.79,0
"31st",2015-06-06,2015,157,44,0,"low",639.6,0,0,72.29,12.7,579.854,0
"31st",2015-06-10,2015,161,16.1,0,"low",6.3,0,0.087,83.45,6.56,579.718,0
"31st",2015-06-11,2015,162,650.1,1,"exceed",16.1,0.048,0.048,91.65,7.48,579.761,0
"31st",2015-06-12,2015,163,64.6,0,"low",650.1,0.094,0.142,68.53,5.2,579.944,0
"31st",2015-06-17,2015,168,182.7,0,"moderate",509.3,0.011,0.871,71.43,9.31,580.016,1
"31st",2015-06-18,2015,169,156.5,0,"moderate",182.7,0.128,0.138,64.95,2.61,580.048,0
"31st",2015-06-19,2015,170,183.9,0,"moderate",156.5,0.107,0.235,80.77,5.81,580.048,0
"31st",2015-06-24,2015,175,62,0,"low",51.4,0,0.026,76.48,4,580.017,0
"31st",2015-06-25,2015,176,58.7,0,"low",62,0,0,76.67,4.21,579.875,0
"31st",2015-06-26,2015,177,706.9,1,"exceed",58.7,0.36,0.36,76.88,0.38,580.153,0
"31st",2015-06-27,2015,178,110.5,0,"low",706.9,0.506,0.867,65.24,8.66,580.217,0
"31st",2015-07-01,2015,182,460.7,1,"exceed",22.5,0.076,0.196,73.18,3.5,580.06,0
"31st",2015-07-02,2015,183,126.6,0,"moderate",460.7,0,0.076,61.94,7.98,580.091,0
"31st",2015-07-08,2015,189,41,0,"low",387.3,0.243,0.547,73.16,11.09,580.256,0
"31st",2015-07-09,2015,190,67.3,0,"low",41,0.004,0.248,63.83,6.73,580.11,0
"31st",2015-07-10,2015,191,19.2,0,"low",67.3,0.027,0.031,67.99,5.98,580.118,0
"31st",2015-07-15,2015,196,176.7,0,"moderate",6.3,0,0.719,77.88,8.74,580.248,0
"31st",2015-07-16,2015,197,97,0,"low",176.7,0,0,69.77,9.59,580.217,0
"31st",2015-07-17,2015,198,13.3,0,"low",97,0.308,0.308,75.23,6.22,580.058,0
"31st",2015-07-22,2015,203,36.3,0,"low",266.9,0,0.002,75.95,5.89,579.976,0
"31st",2015-07-23,2015,204,245.4,1,"exceed",36.3,0,0,77.9,2.18,579.948,0
"31st",2015-07-24,2015,205,147.2,0,"moderate",245.4,0,0,79.45,2.59,579.985,0
"31st",2015-07-29,2015,210,27.5,0,"low",235.8,0,0,85.75,4.72,580.004,0
"31st",2015-07-30,2015,211,47.6,0,"low",27.5,0.037,0.037,86.78,6.58,579.91,0
"31st",2015-07-31,2015,212,42.9,0,"low",47.6,0,0.037,87.12,10.38,579.79,0
"31st",2015-08-05,2015,217,4.2,0,"low",30,0,0.646,80.65,3.09,579.96,0
"31st",2015-08-06,2015,218,33.8,0,"low",4.2,0,0,78.33,4.56,580.036,0
"31st",2015-08-07,2015,219,25.3,0,"low",33.8,0,0,77.85,8.14,580.113,0
"31st",2015-08-12,2015,224,43.2,0,"low",185.5,0,0.245,76.33,6.12,580.042,0
"31st",2015-08-13,2015,225,19.3,0,"low",43.2,0,0,73.72,4.75,579.88,0
"31st",2015-08-14,2015,226,22.4,0,"low",19.3,0,0,83.21,9.32,579.753,0
"31st",2015-08-19,2015,231,4.9,0,"low",21.9,0.591,0.823,81.59,8.44,579.95,0
"31st",2015-08-20,2015,232,2.4,0,"low",4.9,0.002,0.593,76.26,13.34,579.717,0
"31st",2015-08-21,2015,233,6.6,0,"low",2.4,0,0.002,73.54,13.5,579.684,0
"31st",2015-08-26,2015,238,31.5,0,"low",13.4,0,0,67.38,4.84,579.697,0
"31st",2015-08-27,2015,239,19.8,0,"low",31.5,0,0,64.56,5.13,579.754,0
"31st",2015-08-28,2015,240,21,0,"low",19.8,0,0,70.25,1.42,579.792,0
"31st",2015-09-02,2015,245,3.9,0,"low",8.5,0,0,87.51,8.81,579.762,0
"31st",2015-09-03,2015,246,62.9,0,"low",3.9,0,0,89.16,6.7,579.77,0
"31st",2015-09-04,2015,247,25.7,0,"low",62.9,0,0,90.29,5.52,579.905,0
"31st",2016-06-02,2016,154,21.7,0,"low",237.3,0.182,0.684,76.59,1.28,580.465,0
"31st",2016-06-03,2016,155,212,0,"moderate",21.7,0,0.182,77.05,3.57,580.335,0
"31st",2016-06-07,2016,159,2192.3,1,"exceed",31.7,0.042,0.135,81.74,9.58,580.213,0
"31st",2016-06-08,2016,160,91.4,0,"low",2192.3,0,0.042,63.26,7.23,580.418,0
"31st",2016-06-09,2016,161,25.1,0,"low",91.4,0,0,63,3.5,580.28,0
"31st",2016-06-10,2016,162,29,0,"low",25.1,0.061,0.061,70.13,5.58,580.367,0
"31st",2016-06-14,2016,166,16,0,"low",48.9,0.004,0.004,82.41,4.16,580.574,0
"31st",2016-06-15,2016,167,3.5,0,"low",16,0,0.004,80.78,6.57,580.531,0
"31st",2016-06-16,2016,168,9.9,0,"low",3.5,0.167,0.167,86.18,6.63,580.513,0
"31st",2016-06-17,2016,169,289.4,1,"exceed",9.9,0,0.167,82.84,10.26,580.684,0
"31st",2016-06-18,2016,170,30.8,0,"low",289.4,0,0,75.62,8.46,580.502,0
"31st",2016-06-21,2016,173,28.1,0,"low",3.5,0,0,91.64,10.33,580.242,0
"31st",2016-06-22,2016,174,104.8,0,"low",28.1,0,0,80.31,3.97,580.311,0
"31st",2016-06-23,2016,175,259.3,1,"exceed",104.8,0.516,0.516,74.95,4.17,580.435,0
"31st",2016-06-24,2016,176,37.1,0,"low",259.3,0,0.516,73.55,7.27,580.579,0
"31st",2016-06-28,2016,180,204.3,0,"moderate",24.8,0,0.118,90.01,5.66,580.343,0
"31st",2016-06-29,2016,181,90.5,0,"low",204.3,0,0,71.16,12.16,580.589,0
"31st",2016-06-30,2016,182,12.7,0,"low",90.5,0,0,74.47,3.2,580.371,0
"31st",2016-07-01,2016,183,231.4,0,"moderate",12.7,0,0,76.97,8.71,580.284,0
"31st",2016-07-07,2016,189,47.4,0,"low",223.5,1.226,1.226,86.51,6.74,580.282,0
"31st",2016-07-08,2016,190,89.4,0,"low",47.4,0.12,1.346,81.4,2.6,580.371,0
"31st",2016-07-12,2016,194,8.5,0,"low",3.2,0,0,88.42,11.81,580.358,0
"31st",2016-07-13,2016,195,115.6,0,"low",8.5,0,0,88.23,12.25,580.23,0
"31st",2016-07-14,2016,196,12.5,0,"low",115.6,0.255,0.255,83.62,9.09,580.112,0
"31st",2016-07-15,2016,197,17.2,0,"low",12.5,0,0.255,86.25,12.9,580.105,0
"31st",2016-07-20,2016,202,126.7,0,"moderate",19.2,0,0.337,82.17,3.04,580.308,0
"31st",2016-07-21,2016,203,27.9,0,"low",126.7,0,0,85.48,5.29,580.289,0
"31st",2016-07-22,2016,204,2420,1,"exceed",27.9,0.379,0.379,88.47,5.86,580.039,0
"31st",2016-07-26,2016,208,57.3,0,"low",188,0,0.402,82.85,0.41,580.19,0
"31st",2016-07-27,2016,209,51,0,"low",57.3,0,0,83.96,3.39,580.223,0
"31st",2016-07-28,2016,210,2420,1,"exceed",51,0,0,85.37,2.33,580.259,0
"31st",2016-07-29,2016,211,162.3,0,"moderate",2420,0.123,0.123,80.86,2.66,580.394,0
"31st",2016-08-02,2016,215,17.5,0,"low",94,0,0,79.25,6.26,580.413,0
"31st",2016-08-03,2016,216,22,0,"low",17.5,0,0,82.13,5.35,580.397,0
"31st",2016-08-04,2016,217,293.8,1,"exceed",22,0,0,86.02,4.59,580.364,0
"31st",2016-08-05,2016,218,160.7,0,"moderate",293.8,0,0,88.9,5.97,580.276,0
"31st",2016-08-09,2016,222,9.9,0,"low",877.2,0,0,80.89,10.27,580.318,0
"31st",2016-08-10,2016,223,10.7,0,"low",9.9,0,0,84.16,4.51,580.18,0
"31st",2016-08-11,2016,224,18,0,"low",10.7,0,0,84.79,3.68,580.164,0
"31st",2016-08-12,2016,225,25.3,0,"low",18,0,0,91.11,9.65,580.105,0
"31st",2016-08-16,2016,229,36.1,0,"low",238.7,0.082,0.082,75.52,7.01,580.335,0
"31st",2016-08-17,2016,230,11,0,"low",36.1,0.057,0.139,80.66,2.05,580.308,0
"31st",2016-08-18,2016,231,578.9,1,"exceed",11,0.011,0.068,85.5,5.26,580.249,0
"31st",2016-08-19,2016,232,4.9,0,"low",578.9,0.22,0.231,83.81,7.3,580.213,0
"31st",2016-08-23,2016,236,2.4,0,"low",14.3,0,0,77.35,4.48,580.135,0
"31st",2016-08-24,2016,237,6.3,0,"low",2.4,0,0,79.84,10.67,579.918,0
"31st",2016-08-29,2016,242,68.9,0,"low",796.5,0,0.428,78.85,4.66,580.269,0
"31st",2016-08-30,2016,243,62.4,0,"low",68.9,0.094,0.094,83.18,5.02,580.226,0
"31st",2016-08-31,2016,244,1311.4,1,"exceed",62.4,0.069,0.162,82.84,1.11,580.223,0
"31st",2016-09-01,2016,245,111.2,0,"low",1311.4,0,0.069,74.83,11.84,580.489,0
"31st",2016-09-02,2016,246,56.9,0,"low",111.2,0,0,71.81,12.74,580.577,0
"39th",2009-05-28,2009,148,5.5,0,"low",12.8,0.037,1.034,70.52,1.99,579.11,0
"39th",2009-05-29,2009,149,2.5,0,"low",5.5,0,0.037,60.66,5.41,578.911,0
"39th",2009-06-03,2009,154,4.4,0,"low",226.8,0.01,1.061,56.26,9.59,579.017,0
"39th",2009-06-04,2009,155,1.8,0,"low",4.4,0,0.01,57.67,11.44,579.015,0
"39th",2009-06-05,2009,156,11,0,"low",1.8,0,0,68.9,6.51,578.901,0
"39th",2009-06-10,2009,161,440.2,1,"exceed",104.5,0,0.08,64.2,5.43,579.142,0
"39th",2009-06-11,2009,162,272.5,1,"exceed",440.2,0.076,0.076,62,7.93,579.027,0
"39th",2009-06-12,2009,163,1.4,0,"low",272.5,0.848,0.924,60.96,9.56,579.194,0
"39th",2009-06-17,2009,168,41.6,0,"low",1499.9,0.818,1.098,67.95,10.3,579.153,0
"39th",2009-06-18,2009,169,2,0,"low",41.6,0,0.818,72.71,2.46,579.141,0
"39th",2009-06-19,2009,170,596,1,"exceed",2,0.131,0.131,80.75,4.76,579.036,0
"39th",2009-06-20,2009,171,1.4,0,"low",596,1.053,1.184,87.34,7.3,578.927,0
"39th",2009-06-24,2009,175,60.8,0,"low",35.8,0,0.08,86.25,3.87,579.09,0
"39th",2009-06-25,2009,176,131.3,0,"moderate",60.8,0.07,0.07,88.46,0.98,579.048,0
"39th",2009-06-26,2009,177,1849.4,1,"exceed",131.3,0,0.07,84.42,1.43,579.084,0
"39th",2009-06-27,2009,178,254.7,1,"exceed",1849.4,0,0,78.92,5.66,579.098,0
"39th",2009-07-01,2009,182,65.6,0,"low",169.4,0,0,68.18,8.06,579.061,0
"39th",2009-07-02,2009,183,37.2,0,"low",65.6,0,0,66.48,5.42,579.068,0
"39th",2009-07-08,2009,189,119,0,"low",318.1,0,0,71.23,5.43,579.018,0
"39th",2009-07-09,2009,190,920.8,1,"exceed",119,0.17,0.17,69.25,6.54,579.049,0
"39th",2009-07-10,2009,191,85.9,0,"low",920.8,0,0.17,76.6,5.22,579.128,0
"39th",2009-07-15,2009,196,14.4,0,"low",77.6,0,0,78.54,6.67,578.959,0
"39th",2009-07-16,2009,197,6.7,0,"low",14.4,0.7,0.7,85.29,8.43,578.83,0
"39th",2009-07-17,2009,198,24.3,0,"low",6.7,0.17,0.87,80.97,7.92,578.827,0
"39th",2009-07-22,2009,203,124.3,0,"low",547.4,0,0,76.24,5.05,579.032,0
"39th",2009-07-23,2009,204,27.1,0,"low",124.3,0,0,74.01,2.59,579.107,0
"39th",2009-07-24,2009,205,22.6,0,"low",27.1,0.17,0.17,74.8,2.51,579.058,0
"39th",2009-07-29,2009,210,17.9,0,"low",15.2,0.04,0.04,82.97,4.91,578.877,0
"39th",2009-07-30,2009,211,44.9,0,"low",17.9,0,0.04,74.03,4.8,578.896,0
"39th",2009-07-31,2009,212,17.1,0,"low",44.9,0,0,77.14,5.39,578.84,0
"39th",2009-08-05,2009,217,27,0,"low",8.4,0,0.06,78.36,0.99,578.907,0
"39th",2009-08-06,2009,218,35.7,0,"low",27,0,0,73.27,5.2,578.799,0
"39th",2009-08-07,2009,219,122.6,0,"low",35.7,0,0,75.11,2.31,578.84,0
"39th",2009-08-12,2009,224,109.1,0,"low",53.3,0,0,75.32,5.7,579.043,0
"39th",2009-08-13,2009,225,66.6,0,"low",109.1,0,0,76.13,5.31,578.94,0
"39th",2009-08-14,2009,226,38.9,0,"low",66.6,0,0,80.58,3.03,578.885,0
"39th",2009-08-19,2009,231,52.5,0,"low",16.6,0.06,0.603,83.06,6.72,578.846,0
"39th",2009-08-20,2009,232,20.9,0,"low",52.5,0.238,0.298,78.71,4.53,578.865,0
"39th",2009-08-21,2009,233,26.2,0,"low",20.9,0.087,0.325,76.57,12.91,578.875,0
"39th",2009-08-26,2009,238,18,0,"low",53.8,0,0,79.62,9.43,578.733,0
"39th",2009-08-27,2009,239,807.1,1,"exceed",18,0.472,0.472,71.41,3.68,578.996,0
"39th",2009-08-28,2009,240,141.2,0,"moderate",807.1,0.766,1.239,67.43,10.7,579.078,0
"39th",2009-09-02,2009,245,139.6,0,"moderate",3.6,0,0,67.77,4.9,578.965,0
"39th",2009-09-03,2009,246,77.8,0,"low",139.6,0,0,68.64,4.17,578.963,0
"39th",2010-05-27,2010,147,28.6,0,"low",39,0,0,77.49,3.35,578.118,0
"39th",2010-05-28,2010,148,16.5,0,"low",28.6,0,0,68.11,11.71,578.183,0
"39th",2010-06-03,2010,154,122.7,0,"low",22.2,1.28,1.28,75.55,2.61,578.187,0
"39th",2010-06-04,2010,155,15.9,0,"low",122.7,0,1.28,69.39,7.79,578.22,0
"39th",2010-06-09,2010,160,15.7,0,"low",9,0.307,0.307,71.85,8.46,578.131,0
"39th",2010-06-10,2010,161,8.5,0,"low",15.7,0,0.307,82.25,8.38,578.265,0
"39th",2010-06-11,2010,162,63.2,0,"low",8.5,0,0,78.8,3.99,578.175,0
"39th",2010-06-16,2010,167,9.6,0,"low",23.8,0.574,0.714,76.76,0.89,578.43,0
"39th",2010-06-17,2010,168,7.1,0,"low",9.6,0,0.574,80.17,5.89,578.48,0
"39th",2010-06-18,2010,169,2.3,0,"low",7.1,0,0,77.27,5.23,578.355,0
"39th",2010-06-23,2010,174,10.9,0,"low",7.3,0.948,1.32,85.76,6.99,578.446,0
"39th",2010-06-24,2010,175,5.7,0,"low",10.9,1.155,2.103,86.42,9.43,578.17,0
"39th",2010-06-25,2010,176,9.6,0,"low",5.7,0.092,1.246,76.7,1.99,578.34,0
"39th",2010-06-30,2010,181,4,0,"low",7.4,0,1.28,69.71,7.93,578.385,0
"39th",2010-07-01,2010,182,6.3,0,"low",4,0,0,70.63,4.32,578.399,0
"39th",2010-07-02,2010,183,18.1,0,"low",6.3,0,0,75.41,5.92,578.397,0
"39th",2010-07-08,2010,189,110.4,0,"low",15.8,0.097,0.127,89.96,3.83,578.271,0
"39th",2010-07-09,2010,190,35.9,0,"low",110.4,0.234,0.332,80.86,0.8,578.34,0
"39th",2010-07-14,2010,195,35.6,0,"low",52.5,0.059,0.072,82.02,5.11,578.445,0
"39th",2010-07-15,2010,196,13.4,0,"low",35.6,0,0.059,88.62,7.87,578.348,0
"39th",2010-07-16,2010,197,3.2,0,"low",13.4,0,0,90.56,6.65,578.358,0
"39th",2010-07-21,2010,202,68.7,0,"low",116.5,0,0,82.43,6.21,578.354,0
"39th",2010-07-22,2010,203,13.9,0,"low",68.7,0,0,83.82,0.85,578.33,0
"39th",2010-07-23,2010,204,9.5,0,"low",13.9,1.56,1.56,87.94,8.25,578.234,0
"39th",2010-07-28,2010,209,66.1,0,"low",6.7,0,0,87.23,5.68,578.336,0
"39th",2010-07-29,2010,210,184.6,0,"moderate",66.1,0,0,88.86,5.39,578.268,0
"39th",2010-07-30,2010,211,263.2,1,"exceed",184.6,0,0,78.02,5.65,578.413,0
"39th",2010-07-31,2010,212,34.7,0,"low",263.2,0,0,77.36,5.15,578.436,0
"39th",2010-08-04,2010,216,21,0,"low",4.7,1.211,1.28,82.91,3.47,578.278,0
"39th",2010-08-05,2010,217,10.4,0,"low",21,0.57,1.781,79.26,3.19,578.327,0
"39th",2010-08-06,2010,218,24.4,0,"low",10.4,0,0.57,83.93,8.74,578.252,0
"39th",2010-08-11,2010,223,30.3,0,"low",16.5,0,0,82.74,3.66,578.372,0
"39th",2010-08-12,2010,224,36.6,0,"low",30.3,0,0,89.16,3.23,578.417,0
"39th",2010-08-13,2010,225,11.4,0,"low",36.6,0,0,84.8,2.57,578.441,0
"39th",2010-08-18,2010,230,32,0,"low",60.5,0.012,0.012,75.95,2.86,578.056,0
"39th",2010-08-19,2010,231,16,0,"low",32,0.07,0.082,80.56,2.06,578.04,0
"39th",2010-08-20,2010,232,188.8,0,"moderate",16,0,0.07,85.48,4.67,578.133,0
"39th",2010-08-25,2010,237,45.3,0,"low",94.8,0,0,78.5,3.96,578.324,0
"39th",2010-08-26,2010,238,30.9,0,"low",45.3,0,0,76.71,8.18,578.394,0
"39th",2010-08-27,2010,239,2,0,"low",30.9,0,0,76.34,2.92,578.22,0
"39th",2010-09-01,2010,244,10.1,0,"low",7.3,0,0,90.45,11.7,577.888,0
"39th",2010-09-02,2010,245,27.9,0,"low",10.1,0.164,0.164,80.55,5.9,578.083,0
"39th",2010-09-03,2010,246,22.1,0,"low",27.9,0.637,0.801,81.82,7.57,578.112,0
"39th",2011-06-02,2011,153,204.3,0,"moderate",3,0,0,81.39,11.44,577.848,0
"39th",2011-06-03,2011,154,53.1,0,"low",204.3,0,0,70.42,6.71,578.122,0
"39th",2011-06-08,2011,159,26.9,0,"low",6.1,0,0,95.13,10.21,578.207,0
"39th",2011-06-09,2011,160,2192.3,1,"exceed",26.9,0,0,94.12,11.68,578.026,0
"39th",2011-06-10,2011,161,12.2,0,"low",2192.3,2.642,2.642,71.65,6.12,578.433,0
"39th",2011-06-14,2011,165,16.3,0,"low",1,0,0,65.4,6.66,578.269,0
"39th",2011-06-15,2011,166,34.9,0,"low",16.3,0.048,0.048,70.75,6.44,578.393,0
"39th",2011-06-16,2011,167,1.4,0,"low",34.9,0.523,0.57,71.61,9.84,578.392,0
"39th",2011-06-17,2011,168,2.3,0,"low",1.4,0.08,0.603,78.32,4.77,578.404,0
"39th",2011-06-22,2011,173,3.9,0,"low",1.4,0.08,0.577,87.2,12.52,578.507,0
"39th",2011-06-23,2011,174,24.8,0,"low",3.9,0.02,0.1,73.47,13.11,578.479,0
"39th",2011-06-24,2011,175,16.3,0,"low",24.8,0.05,0.07,71.04,11.68,578.452,0
"39th",2011-06-29,2011,180,14.9,0,"low",5.5,0,0.1,76.4,4.87,578.418,0
"39th",2011-06-30,2011,181,27.5,0,"low",14.9,0,0,76.01,2.82,578.346,0
"39th",2011-07-01,2011,182,24.1,0,"low",27.5,0.22,0.22,84.8,7.48,578.499,0
"39th",2011-07-07,2011,188,118.9,0,"low",4.1,0,0,81.04,5.84,578.427,0
"39th",2011-07-08,2011,189,9.1,0,"low",118.9,0.07,0.07,75.08,5.01,578.479,0
"39th",2011-07-13,2011,194,687.8,1,"exceed",15.6,0.01,0.13,81.4,4.83,578.425,0
"39th",2011-07-14,2011,195,52.8,0,"low",687.8,0,0.01,71.81,11.69,578.567,0
"39th",2011-07-15,2011,196,22.1,0,"low",52.8,0,0,76.28,6.65,578.524,0
"39th",2011-07-20,2011,201,16.4,0,"low",20.1,0,0,84.63,2.65,578.506,0
"39th",2011-07-21,2011,202,1.4,0,"low",16.4,0,0,97.69,6.49,578.262,0
"39th",2011-07-22,2011,203,190.4,0,"moderate",1.4,0.01,0.01,97.76,4.65,578.262,0
"39th",2011-07-23,2011,204,12.1,0,"low",190.4,0.533,0.543,87.58,3.66,578.352,0
"39th",2011-07-24,2011,205,2.3,0,"low",12.1,0.16,0.693,82.6,0.91,578.388,0
"39th",2011-07-25,2011,206,26.7,0,"low",2.3,0.186,0.346,83,1.12,578.48,0
"39th",2011-07-26,2011,207,16.5,0,"low",26.7,0.02,0.206,79.01,3.04,578.434,1
"39th",2011-07-27,2011,208,20.1,0,"low",16.5,0.01,0.03,81.37,4.24,578.367,0
"39th",2011-07-28,2011,209,19.6,0,"low",20.1,0,0.01,89.28,6.51,578.342,0
"39th",2011-07-29,2011,210,33.1,0,"low",19.6,0.527,0.527,83.3,3.51,578.504,0
"39th",2011-08-03,2011,215,180.7,0,"moderate",33.4,0.28,0.28,91.13,7.82,578.36,0
"39th",2011-08-04,2011,216,24.9,0,"low",180.7,0,0.28,80.49,8.49,578.64,0
"39th",2011-08-05,2011,217,11.3,0,"low",24.9,0,0,78.17,6.26,578.494,0
"39th",2011-08-10,2011,222,228.3,0,"moderate",11.1,0.01,0.26,80.8,9.78,578.409,0
"39th",2011-08-11,2011,223,30.3,0,"low",228.3,0,0.01,74.83,5.07,578.37,0
"39th",2011-08-12,2011,224,19.6,0,"low",30.3,0,0,77.43,1.47,578.252,0
"39th",2011-08-17,2011,229,7.4,0,"low",21.7,0,0,80.1,2.74,578.422,0
"39th",2011-08-18,2011,230,22.7,0,"low",7.4,0,0,82.48,6.15,578.338,0
"39th",2011-08-19,2011,231,14.5,0,"low",22.7,0,0,79.22,3.44,578.409,0
"39th",2011-08-24,2011,236,11.3,0,"low",43,0.29,0.29,80.19,10.01,577.898,0
"39th",2011-08-25,2011,237,137.6,0,"moderate",11.3,0,0.29,90.89,9.28,578.087,0
"39th",2011-08-26,2011,238,16.3,0,"low",137.6,0,0,75.33,5.74,578.259,0
"39th",2011-08-31,2011,243,38.4,0,"low",34.2,0.01,0.01,80.24,7.07,578.113,0
"39th",2011-09-01,2011,244,8,0,"low",38.4,0.06,0.07,88.03,6.65,578.181,0
"39th",2011-09-02,2011,245,27.2,0,"low",8,0,0.06,92.66,5.22,578.263,0
"39th",2012-05-24,2012,145,9.7,0,"low",18,0,0.009,73.22,4.66,577.847,0
"39th",2012-05-25,2012,146,5.7,0,"low",9.7,0,0,85.45,15.66,577.695,0
"39th",2012-05-31,2012,152,1074.3,1,"exceed",8.9,0,0.007,67.54,6.38,577.868,0
"39th",2012-06-01,2012,153,41,0,"low",1074.3,0.637,0.637,54.49,12.97,577.991,0
"39th",2012-06-06,2012,158,31.6,0,"low",170,0,0,63.66,9.19,578.029,0
"39th",2012-06-07,2012,159,8.5,0,"low",31.6,0,0,68.51,6.58,577.873,0
"39th",2012-06-08,2012,160,7.1,0,"low",8.5,0,0,71.85,2.93,577.767,0
"39th",2012-06-13,2012,165,93.4,0,"low",972.1,0,0.021,76.8,6.99,577.847,0
"39th",2012-06-14,2012,166,154,0,"moderate",93.4,0,0,66.9,7.52,577.781,0
"39th",2012-06-15,2012,167,18.5,0,"low",154,0,0,77.7,7.11,577.847,0
"39th",2012-06-20,2012,172,11,0,"low",8.4,0,0,89.89,14.57,577.656,0
"39th",2012-06-21,2012,173,2,0,"low",11,0,0,89.79,14.42,577.635,0
"39th",2012-06-22,2012,174,8.5,0,"low",2,0.033,0.033,80.59,6.38,577.678,0
"39th",2012-06-27,2012,179,4.1,0,"low",25.9,0,0,74.67,6.26,577.866,0
"39th",2012-06-28,2012,180,18.2,0,"low",4.1,0,0,87.64,11.32,577.697,0
"39th",2012-06-29,2012,181,21.1,0,"low",18.2,0.092,0.092,97.59,7.57,577.777,0
"39th",2012-07-11,2012,193,11.9,0,"low",46.2,0,0,77.05,10.76,577.973,0
"39th",2012-07-12,2012,194,8.5,0,"low",11.9,0,0,80,7.03,577.899,0
"39th",2012-07-13,2012,195,2.4,0,"low",8.5,0,0,85.11,6.9,577.818,0
"39th",2012-07-18,2012,200,122.6,0,"low",189.6,0,0,97.71,8.63,577.557,0
"39th",2012-07-19,2012,201,34.3,0,"low",122.6,0.006,0.006,83.89,5.75,577.851,0
"39th",2012-07-20,2012,202,562.7,1,"exceed",34.3,1.013,1.019,79.7,3.49,578.002,0
"39th",2012-07-21,2012,203,25.2,0,"low",562.7,0.007,1.02,76.73,11.73,577.992,0
"39th",2012-07-25,2012,207,40.1,0,"low",474.9,0.211,0.225,87.53,5.56,577.691,0
"39th",2012-07-26,2012,208,29.3,0,"low",40.1,0.003,0.214,97.89,8.72,577.568,0
"39th",2012-07-27,2012,209,5.7,0,"low",29.3,0.09,0.093,88.47,6.91,577.626,0
"39th",2012-08-01,2012,214,11.5,0,"low",39.4,0.416,0.416,81.15,3.75,577.69,0
"39th",2012-08-02,2012,215,26.8,0,"low",11.5,0,0.416,82.14,5.14,577.611,0
"39th",2012-08-03,2012,216,61.4,0,"low",26.8,0,0,87.4,3.84,577.487,0
"39th",2012-08-08,2012,221,1491.5,1,"exceed",10.9,0,0,90.97,6.29,577.429,0
"39th",2012-08-09,2012,222,547.5,1,"exceed",1491.5,0.025,0.025,80.39,8.06,577.633,0
"39th",2012-08-10,2012,223,1160,1,"exceed",547.5,0.003,0.028,74.66,8.52,577.712,0
"39th",2012-08-11,2012,224,70.1,0,"low",1160,0.289,0.292,72.68,15.71,578.254,0
"39th",2012-08-15,2012,228,44.2,0,"low",14.4,0.046,0.306,76.72,0.58,577.66,0
"39th",2012-08-16,2012,229,104,0,"low",44.2,0,0.046,84.52,5.03,577.546,0
"39th",2012-08-17,2012,230,126.9,0,"moderate",104,0.243,0.243,75.21,7.83,577.427,0
"39th",2012-08-22,2012,235,23,0,"low",11.3,0,0.414,74.02,2.11,577.366,0
"39th",2012-08-23,2012,236,20.9,0,"low",23,0,0,79.6,5.12,577.252,0
"39th",2012-08-24,2012,237,90.3,0,"low",20.9,0,0,87.41,7.82,577.205,0
"39th",2012-08-29,2012,242,204.9,0,"moderate",24.2,0,0.006,79.04,4.38,577.305,0
"39th",2012-08-30,2012,243,17.1,0,"low",204.9,0,0,78.02,5.51,577.268,0
"39th",2012-08-31,2012,244,32.6,0,"low",17.1,0,0,87.96,9.91,576.952,0
"39th",2013-05-23,2013,143,795.7,1,"exceed",3.5,0.324,0.616,71.64,6.06,577.623,0
"39th",2013-05-24,2013,144,106.3,0,"low",795.7,0.056,0.38,55.93,19.33,578.166,0
"39th",2013-05-25,2013,145,23,0,"low",106.3,0,0.056,50.26,10.92,577.762,0
"39th",2013-05-26,2013,146,6,0,"low",23,0,0,52.36,4.5,577.604,0
"39th",2013-05-27,2013,147,29.8,0,"low",6,0.006,0.006,61.91,3.71,577.661,0
"39th",2013-05-28,2013,148,5.9,0,"low",29.8,0.103,0.109,61.18,8.81,577.776,0
"39th",2013-05-29,2013,149,41.8,0,"low",5.9,0.978,1.081,76.06,10.08,577.772,0
"39th",2013-05-30,2013,150,12,0,"low",41.8,0.029,1.007,80.37,6.96,577.632,0
"39th",2013-05-31,2013,151,2.8,0,"low",12,0.265,0.294,81.1,14.63,577.582,0
"39th",2013-06-05,2013,156,10.8,0,"low",7.7,0,0,64.91,4.44,577.762,0
"39th",2013-06-06,2013,157,56.5,0,"low",10.8,0,0,68.86,5.54,577.928,0
"39th",2013-06-07,2013,158,8.7,0,"low",56.5,0.06,0.06,59.79,8.85,577.971,0
"39th",2013-06-12,2013,163,17.4,0,"low",17.7,0.345,0.495,79.3,2.27,577.747,0
"39th",2013-06-13,2013,164,30.6,0,"low",17.4,0.591,0.936,80.58,1.3,577.887,0
"39th",2013-06-14,2013,165,15.5,0,"low",30.6,0.068,0.659,64.83,12.13,578.018,0
"39th",2013-06-19,2013,170,5.5,0,"low",28.3,0,0.07,63.64,12.9,578.197,0
"39th",2013-06-20,2013,171,2.2,0,"low",5.5,0,0,68.62,5.96,577.927,0
"39th",2013-06-21,2013,172,11.7,0,"low",2.2,0,0,79.05,6.19,577.877,0
"39th",2013-06-26,2013,177,30.9,0,"low",15.2,0.003,0.19,85.06,5.07,577.835,0
"39th",2013-06-27,2013,178,2.4,0,"low",30.9,0.173,0.176,79.59,4.04,577.893,0
"39th",2013-06-28,2013,179,2.4,0,"low",2.4,0.845,1.018,88.22,3.32,577.911,0
"39th",2013-06-29,2013,180,183.3,0,"moderate",2.4,0.246,1.09,80.58,7.14,577.887,0
"39th",2013-06-30,2013,181,14.1,0,"low",183.3,0.012,0.257,67.29,11.15,578.161,0
"39th",2013-07-01,2013,182,10,0,"low",14.1,0.003,0.015,68.77,13.06,578.244,0
"39th",2013-07-02,2013,183,21.4,0,"low",10,0,0.003,68.85,12.58,578.278,0
"39th",2013-07-03,2013,184,12.6,0,"low",21.4,0,0,65.55,11.72,578.215,0
"39th",2013-07-10,2013,191,46.1,0,"low",11,0.007,0.276,83.67,6.78,577.957,0
"39th",2013-07-11,2013,192,45.3,0,"low",46.1,0,0.007,80.07,3.26,577.85,0
"39th",2013-07-12,2013,193,42,0,"low",45.3,0,0,74.98,4.8,577.914,0
"39th",2013-07-16,2013,197,28.2,0,"low",69.6,0.014,0.014,82.99,4.25,577.975,0
"39th",2013-07-17,2013,198,31.1,0,"low",28.2,0.007,0.021,89.71,5.86,577.91,0
"39th",2013-07-18,2013,199,18.3,0,"low",31.1,0,0.007,88.74,3.13,577.791,0
"39th",2013-07-19,2013,200,13.4,0,"low",18.3,0,0,93.26,6.99,577.741,0
"39th",2013-07-23,2013,204,319.9,1,"exceed",17.4,0,0,84.17,4.99,577.925,0
"39th",2013-07-24,2013,205,158.8,0,"moderate",319.9,0.018,0.018,79.17,8.11,578.108,0
"39th",2013-07-25,2013,206,10,0,"low",158.8,0,0.018,68.79,11.28,577.943,0
"39th",2013-07-26,2013,207,14,0,"low",10,0,0,75.9,1.39,577.821,0
"39th",2013-07-27,2013,208,33,0,"low",14,0.007,0.007,73.46,10.03,577.694,0
"39th",2013-07-31,2013,212,74.3,0,"low",19.2,0.003,0.003,72.11,5.59,577.825,0
"39th",2013-08-01,2013,213,58.6,0,"low",74.3,0.147,0.15,73.05,1.06,577.864,0
"39th",2013-08-02,2013,214,13.4,0,"low",58.6,0.003,0.15,77.53,3.77,577.818,0
"39th",2013-08-07,2013,219,111.1,0,"low",13.2,0,0.014,80.65,7.89,577.758,0
"39th",2013-08-08,2013,220,2192.3,1,"exceed",111.1,0.01,0.01,84.23,2.58,577.949,0
"39th",2013-08-09,2013,221,87.5,0,"low",2192.3,0,0.01,73.79,10.22,577.943,0
"39th",2013-08-14,2013,226,84.3,0,"low",1304.2,0,0.449,70.13,12.14,578.078,0
"39th",2013-08-15,2013,227,21,0,"low",84.3,0,0,66.53,5.8,577.859,0
"39th",2013-08-16,2013,228,276.5,1,"exceed",21,0,0,72.27,4.06,577.698,0
"39th",2013-08-17,2013,229,22.5,0,"low",276.5,0,0,76.44,2.62,577.836,0
"39th",2013-08-18,2013,230,7.3,0,"low",22.5,0,0,75.85,5.7,577.875,0
"39th",2013-08-19,2013,231,47.6,0,"low",7.3,0,0,76.45,5.23,577.839,0
"39th",2013-08-20,2013,232,41.8,0,"low",47.6,0,0,80.18,1.8,577.727,0
"39th",2013-08-21,2013,233,17.3,0,"low",41.8,0,0,85.32,6.25,577.648,0
"39th",2013-08-22,2013,234,57,0,"low",17.3,0.021,0.021,88.14,8.68,577.654,0
"39th",2013-08-23,2013,235,89.3,0,"low",57,0.193,0.215,77.74,3.19,577.695,0
"39th",2013-08-28,2013,240,562.6,1,"exceed",38.4,0,0,92.45,11.21,577.68,0
"39th",2013-08-29,2013,241,70.3,0,"low",562.6,0,0,84.1,6.52,577.875,0
"39th",2013-08-30,2013,242,10,0,"low",70.3,0,0,79.36,3.24,577.822,0
"39th",2013-08-31,2013,243,134.8,0,"moderate",10,0.128,0.128,94.07,5.91,577.794,0
"39th",2013-09-11,2013,254,49.4,0,"low",24.3,0,0,93.86,11.02,577.666,0
"39th",2013-09-12,2013,255,45.7,0,"low",49.4,0,0,89.13,4.27,577.76,0
"39th",2014-05-22,2014,142,1,0,"low",1.7,0.005,0.768,78.96,1.3,578.717,0
"39th",2014-05-23,2014,143,2420,1,"exceed",1,0,0.005,64.41,5.74,578.625,0
"39th",2014-05-24,2014,144,1,0,"low",2420,0,0,58.48,5.84,578.604,0
"39th",2014-05-29,2014,149,73.9,0,"low",532.3,0.316,0.463,60.7,7.9,578.878,0
"39th",2014-05-30,2014,150,27.8,0,"low",73.9,0,0.316,64.71,8,578.922,0
"39th",2014-06-04,2014,155,276.5,1,"exceed",109.7,0,0.141,76.91,3.66,578.649,0
"39th",2014-06-05,2014,156,109,0,"low",276.5,0.126,0.126,68.21,6.38,578.836,0
"39th",2014-06-06,2014,157,80.5,0,"low",109,0,0.126,67.47,5.44,578.784,0
"39th",2014-06-11,2014,162,9.5,0,"low",3.7,0.237,0.237,61.54,8.44,579.007,0
"39th",2014-06-12,2014,163,3.5,0,"low",9.5,0.065,0.302,64.82,3.31,579.091,0
"39th",2014-06-13,2014,164,6,0,"low",3.5,0.01,0.076,80.48,7.54,578.845,0
"39th",2014-06-18,2014,169,1,0,"low",23.6,0,0,87.49,10.43,578.796,0
"39th",2014-06-19,2014,170,15.2,0,"low",1,0.235,0.235,81.2,3.58,579.096,0
"39th",2014-06-20,2014,171,21.4,0,"low",15.2,0.369,0.603,72.92,4.93,579.167,0
"39th",2014-06-25,2014,176,27.3,0,"low",4.8,0.421,0.517,79,1.42,579.042,0
"39th",2014-06-26,2014,177,3.5,0,"low",27.3,0.019,0.44,69.45,6.41,579.183,0
"39th",2014-06-27,2014,178,54.5,0,"low",3.5,0,0.019,66.75,5.35,579.117,0
"39th",2014-07-02,2014,183,82,0,"low",4,0.086,0.816,80.77,10.8,578.823,1
"39th",2014-07-03,2014,184,4.2,0,"low",82,0.081,0.167,72.45,5.62,578.957,0
"39th",2014-07-09,2014,190,285.5,1,"exceed",2420,0.412,0.71,80.89,10.29,579.037,0
"39th",2014-07-10,2014,191,58.1,0,"low",285.5,0,0.412,72.81,3.21,579.036,0
"39th",2014-07-11,2014,192,8.1,0,"low",58.1,0,0,72.22,5.43,579.09,0
"39th",2014-07-16,2014,197,20.1,0,"low",910,0.021,0.236,67.92,8.95,579.219,0
"39th",2014-07-17,2014,198,26.5,0,"low",20.1,0.005,0.026,67.16,3.81,579.122,0
"39th",2014-07-18,2014,199,38.7,0,"low",26.5,0,0.005,72.76,3.17,579.121,0
"39th",2014-07-23,2014,204,227.5,0,"moderate",5.3,0,0,87.43,10.93,578.974,0
"39th",2014-07-24,2014,205,33.4,0,"low",227.5,0.056,0.056,74.86,16.01,579.474,0
"39th",2014-07-25,2014,206,345.8,1,"exceed",33.4,0,0.056,69.37,7.11,579.242,0
"39th",2014-07-26,2014,207,23.6,0,"low",345.8,0,0,73.64,8.5,579.039,0
"39th",2014-07-30,2014,211,82.7,0,"low",708.1,0,0,73.56,1.97,579.144,0
"39th",2014-07-31,2014,212,326,1,"exceed",82.7,0,0,71.88,2.21,579.143,0
"39th",2014-08-01,2014,213,11.5,0,"low",326,0.022,0.022,82.3,7.29,579.062,0
"39th",2014-08-06,2014,218,177.4,0,"moderate",29.4,0.299,0.701,74.61,2.76,579.265,0
"39th",2014-08-07,2014,219,14.5,0,"low",177.4,0,0.299,74,5.87,579.249,0
"39th",2014-08-08,2014,220,115.4,0,"low",14.5,0,0,76.35,7.11,579.216,0
"39th",2014-08-13,2014,225,13.4,0,"low",254.9,0.04,1.169,70.15,9.22,579.486,0
"39th",2014-08-14,2014,226,49.3,0,"low",13.4,0.013,0.053,78.49,2.81,579.225,0
"39th",2014-08-15,2014,227,3.9,0,"low",49.3,0,0.013,67.33,8.22,579.275,0
"39th",2014-08-20,2014,232,10.4,0,"low",1.4,0.105,0.105,82.61,10.04,579.32,0
"39th",2014-08-21,2014,233,195.5,0,"moderate",10.4,0,0.105,85.22,7,579.33,0
"39th",2014-08-22,2014,234,4.5,0,"low",195.5,0.751,0.751,78.63,4.87,579.35,0
"39th",2014-08-27,2014,239,9.5,0,"low",68.6,0.033,0.984,79.58,0.29,579.28,0
"39th",2014-08-28,2014,240,667.7,1,"exceed",9.5,0,0.033,75.41,6.46,579.262,0
"39th",2014-08-29,2014,241,305.9,1,"exceed",667.7,0.011,0.011,72.99,7.95,579.322,0
"39th",2014-08-30,2014,242,2.8,0,"low",305.9,0.014,0.024,82.4,10.15,579.173,0
"39th",2015-05-21,2015,141,1.7,0,"low",613,0.015,0.015,46.14,8.67,579.495,0
"39th",2015-05-22,2015,142,6.3,0,"low",1.7,0,0.015,67.26,6.75,579.462,0
"39th",2015-05-28,2015,148,3.3,0,"low",1,0.031,0.242,74.76,8.65,579.525,0
"39th",2015-05-29,2015,149,13.8,0,"low",3.3,0,0.031,77.72,5.32,579.607,0
"39th",2015-06-03,2015,154,13.3,0,"low",11.5,0,0,63.86,4.36,579.794,0
"39th",2015-06-04,2015,155,3.5,0,"low",13.3,0,0,71.12,5.59,579.82,0
"39th",2015-06-05,2015,156,27.8,0,"low",3.5,0,0,78.34,6.89,579.79,0
"39th",2015-06-10,2015,161,4.5,0,"low",5.3,0,0.16,82.83,6.14,579.718,0
"39th",2015-06-11,2015,162,56.1,0,"low",4.5,0.056,0.056,91.44,7.6,579.761,0
"39th",2015-06-12,2015,163,34.1,0,"low",56.1,0.131,0.187,68.71,4.72,579.944,0
"39th",2015-06-17,2015,168,1565.4,1,"exceed",277.5,0.021,0.671,71.29,9.04,580.016,1
"39th",2015-06-18,2015,169,354.9,1,"exceed",1565.4,0.11,0.131,64.67,2.73,580.048,0
"39th",2015-06-19,2015,170,103.2,0,"low",354.9,0,0.11,81.33,5.75,580.048,0
"39th",2015-06-24,2015,175,18.4,0,"low",16.9,0,0.026,76.23,3.39,580.017,0
"39th",2015-06-25,2015,176,2.4,0,"low",18.4,0,0,76.54,3.95,579.875,0
"39th",2015-06-26,2015,177,102.4,0,"low",2.4,0.268,0.268,77.52,0.16,580.153,0
"39th",2015-07-01,2015,182,472.7,1,"exceed",1.7,0,0.055,73.77,3.24,580.06,0
"39th",2015-07-02,2015,183,24.5,0,"low",472.7,0,0,61.63,7.97,580.091,0
"39th",2015-07-15,2015,196,39.1,0,"low",39.8,0,0.718,78.41,8.34,580.248,0
"39th",2015-07-16,2015,197,15.5,0,"low",39.1,0,0,69.42,9.43,580.217,0
"39th",2015-07-17,2015,198,2,0,"low",15.5,0.207,0.207,75.6,5.96,580.058,0
"39th",2015-07-22,2015,203,7.4,0,"low",34.9,0,0.003,75.48,5.47,579.976,0
"39th",2015-07-23,2015,204,26.7,0,"low",7.4,0,0,77.66,2.3,579.948,0
"39th",2015-07-24,2015,205,18.2,0,"low",26.7,0,0,79.6,2.39,579.985,0
"39th",2015-07-29,2015,210,43.7,0,"low",16.6,0,0,85.76,4.57,580.004,0
"39th",2015-07-30,2015,211,17.3,0,"low",43.7,0.041,0.041,87.17,5.97,579.91,0
"39th",2015-07-31,2015,212,38,0,"low",17.3,0.022,0.063,87.05,9.67,579.79,0
"39th",2015-08-05,2015,217,45.8,0,"low",19.8,0,0.704,80.79,2.64,579.96,0
"39th",2015-08-06,2015,218,79.8,0,"low",45.8,0,0,78.12,4.21,580.036,0
"39th",2015-08-07,2015,219,7.2,0,"low",79.8,0,0,77.79,7.79,580.113,0
"39th",2015-08-12,2015,224,44.5,0,"low",1011,0,0.24,76.07,6.04,580.042,0
"39th",2015-08-13,2015,225,24.9,0,"low",44.5,0,0,73.26,4.87,579.88,0
"39th",2015-08-14,2015,226,25.3,0,"low",24.9,0,0,83.36,8.9,579.753,0
"39th",2015-08-19,2015,231,2,0,"low",3.5,0.736,0.975,81.22,8.18,579.95,0
"39th",2015-08-20,2015,232,28.5,0,"low",2,0,0.736,76.66,13.09,579.717,0
"39th",2015-08-21,2015,233,7.7,0,"low",28.5,0,0,73.6,12.88,579.684,0
"39th",2015-08-26,2015,238,36.3,0,"low",19.2,0,0,67.17,4.53,579.697,0
"39th",2015-08-27,2015,239,106.4,0,"low",36.3,0,0,64.62,4.86,579.754,0
"39th",2015-08-28,2015,240,49.3,0,"low",106.4,0,0,69.93,1.45,579.792,0
"39th",2015-09-02,2015,245,7.8,0,"low",9.5,0,0,87.34,8.59,579.762,0
"39th",2015-09-03,2015,246,27.3,0,"low",7.8,0,0,89.03,6.38,579.77,0
"39th",2015-09-04,2015,247,25.1,0,"low",27.3,0,0,90.43,5.42,579.905,0
"39th",2016-06-02,2016,154,110.6,0,"low",248.1,0.159,0.603,76.83,1.1,580.465,0
"39th",2016-06-03,2016,155,83,0,"low",110.6,0,0.159,77.4,3.33,580.335,0
"39th",2016-06-08,2016,160,10.9,0,"low",144.7,0,0.042,62.86,6.59,580.418,0
"39th",2016-06-09,2016,161,11,0,"low",10.9,0,0,63.13,3.64,580.28,0
"39th",2016-06-10,2016,162,4.9,0,"low",11,0.031,0.031,70.26,5.33,580.367,0
"39th",2016-06-15,2016,167,4.9,0,"low",56.7,0,0,80.9,6.27,580.531,0
"39th",2016-06-16,2016,168,391.7,1,"exceed",4.9,0.166,0.166,86.62,6.56,580.513,0
"39th",2016-06-17,2016,169,11.4,0,"low",391.7,0,0.166,82.72,9.85,580.684,0
"39th",2016-06-22,2016,174,3.9,0,"low",11,0,0,80.5,3.58,580.311,0
"39th",2016-06-23,2016,175,165.7,0,"moderate",3.9,0.445,0.445,74.89,4.27,580.435,0
"39th",2016-06-24,2016,176,11.5,0,"low",165.7,0,0.445,73.52,6.98,580.579,0
"39th",2016-06-29,2016,181,24.3,0,"low",19,0,0,70.99,11.93,580.589,0
"39th",2016-06-30,2016,182,3.2,0,"low",24.3,0,0,74.73,3.24,580.371,0
"39th",2016-07-01,2016,183,4.2,0,"low",3.2,0,0,76.98,8.59,580.284,0
"39th",2016-07-07,2016,189,9.5,0,"low",43,1.197,1.197,86.93,6.67,580.282,0
"39th",2016-07-08,2016,190,26.3,0,"low",9.5,0.047,1.244,81.7,2.99,580.371,0
"39th",2016-07-13,2016,195,34.5,0,"low",4.6,0,0,88.48,12,580.23,0
"39th",2016-07-14,2016,196,5.9,0,"low",34.5,0.261,0.261,83.61,8.81,580.112,0
"39th",2016-07-15,2016,197,18.8,0,"low",5.9,0,0.261,86.25,12.4,580.105,0
"39th",2016-07-20,2016,202,34.4,0,"low",127.9,0,0.388,81.98,2.54,580.308,0
"39th",2016-07-21,2016,203,2.2,0,"low",34.4,0,0,85.54,4.95,580.289,0
"39th",2016-07-22,2016,204,2.2,0,"low",2.2,0.509,0.509,88.48,5.9,580.039,0
"39th",2016-07-26,2016,208,74.5,0,"low",7.3,0,0.323,82.27,0.06,580.19,0
"39th",2016-07-27,2016,209,23.1,0,"low",74.5,0,0,83.23,3.28,580.223,0
"39th",2016-07-28,2016,210,13,0,"low",23.1,0,0,85.31,2.23,580.259,0
"39th",2016-07-29,2016,211,14,0,"low",13,0.042,0.042,80.85,2.28,580.394,0
"39th",2016-08-03,2016,216,7.7,0,"low",50.8,0,0,81.82,4.98,580.397,0
"39th",2016-08-04,2016,217,100.5,0,"low",7.7,0,0,86.12,4.23,580.364,0
"39th",2016-08-05,2016,218,4,0,"low",100.5,0,0,88.95,5.78,580.276,0
"39th",2016-08-10,2016,223,16,0,"low",20.2,0,0,83.82,4.39,580.18,0
"39th",2016-08-11,2016,224,82.3,0,"low",16,0,0,84.75,3.41,580.164,0
"39th",2016-08-12,2016,225,3,0,"low",82.3,0,0,90.76,9.47,580.105,0
"39th",2016-08-17,2016,230,42.4,0,"low",317.8,0.052,0.256,80.35,1.82,580.308,0
"39th",2016-08-18,2016,231,12.7,0,"low",42.4,0.018,0.07,84.71,5.23,580.249,0
"39th",2016-08-19,2016,232,9.5,0,"low",12.7,0.274,0.291,83.55,7.12,580.213,0
"39th",2016-08-24,2016,237,2.8,0,"low",4.2,0,0,79.73,10.22,579.918,0
"39th",2016-08-31,2016,244,97.7,0,"low",132.3,0.059,0.059,82.88,0.94,580.223,0
"39th",2016-09-01,2016,245,20.9,0,"low",97.7,0,0.059,74.71,11.39,580.489,0
"39th",2016-09-02,2016,246,36.9,0,"low",20.9,0,0,71.78,12.08,580.577,0
"57th",2006-05-25,2006,145,291.1,1,"exceed",5.1,0.831,0.831,77.05,13.75,577.846,0
"57th",2006-05-26,2006,146,18.4,0,"low",291.1,0.148,0.979,74.6,12.08,577.922,0
"57th",2006-06-01,2006,152,121,0,"low",5.2,0,0.32,73.49,8.56,578.078,0
"57th",2006-06-02,2006,153,19.8,0,"low",121,0,0,68.28,9.69,578.091,0
"57th",2006-06-07,2006,158,376.2,1,"exceed",26.1,0,0,81.83,12.92,577.94,0
"57th",2006-06-08,2006,159,24,0,"low",376.2,0,0,74.89,5.02,578.118,0
"57th",2006-06-09,2006,160,1,0,"low",24,0,0,77.21,7.17,578.066,0
"57th",2006-06-14,2006,165,35,0,"low",1,0,0,66.66,7.75,578.077,0
"57th",2006-06-15,2006,166,6.6,0,"low",35,0,0,73.38,7.28,578.113,0
"57th",2006-06-16,2006,167,30,0,"low",6.6,0,0,83.05,5.25,578.093,0
"57th",2006-06-21,2006,172,547,1,"exceed",45.7,0,0,75.04,4.32,578.005,0
"57th",2006-06-22,2006,173,179.1,0,"moderate",547,0.06,0.06,88.2,9.95,577.913,0
"57th",2006-06-23,2006,174,173.8,0,"moderate",179.1,0.3,0.36,77.4,3.02,578.022,0
"57th",2006-06-28,2006,179,11.3,0,"low",154.3,0,0.31,76.41,3.06,578.035,0
"57th",2006-06-29,2006,180,1.4,0,"low",11.3,0.04,0.04,77.61,6.75,578.013,0
"57th",2006-06-30,2006,181,38,0,"low",1.4,0,0.04,76.39,3.76,577.952,0
"57th",2006-07-12,2006,193,182.4,0,"moderate",159.8,0.489,0.489,75.51,1.93,578.091,0
"57th",2006-07-13,2006,194,228.5,0,"moderate",182.4,0.087,0.577,74.93,10.39,578.161,0
"57th",2006-07-14,2006,195,60.9,0,"low",228.5,0,0.087,79.43,6,578.034,0
"57th",2006-07-19,2006,200,31.2,0,"low",178.7,0.09,0.09,79.57,10.37,578.065,0
"57th",2006-07-20,2006,201,422.4,1,"exceed",31.2,0,0.09,88.23,6.44,578.016,0
"57th",2006-07-21,2006,202,132.2,0,"moderate",422.4,0.727,0.727,81,4.68,577.928,0
"57th",2006-07-26,2006,207,42,0,"low",100.9,0,0,89.2,13.53,577.764,0
"57th",2006-07-27,2006,208,562.5,1,"exceed",42,0.13,0.13,82.62,12.78,577.861,0
"57th",2006-07-28,2006,209,133.3,0,"moderate",562.5,0.02,0.15,85.78,5.58,577.947,0
"57th",2006-08-02,2006,214,30.8,0,"low",4,0,0,94.77,13.94,577.792,0
"57th",2006-08-03,2006,215,2419.6,1,"exceed",30.8,0.383,0.383,94.3,15.95,577.893,0
"57th",2006-08-04,2006,216,92.6,0,"low",2419.6,0.655,1.037,77.63,4.67,578.06,0
"57th",2006-08-09,2006,221,83.8,0,"low",85.9,0,0,76.99,11.49,578.109,0
"57th",2006-08-10,2006,222,301.1,1,"exceed",83.8,0.11,0.11,80.78,7.56,577.977,0
"57th",2006-08-11,2006,223,268.3,1,"exceed",301.1,0.511,0.621,76.44,4.28,578.171,0
"57th",2006-08-16,2006,228,42.4,0,"low",133.7,0,0,76.96,2.91,577.826,0
"57th",2006-08-17,2006,229,100.4,0,"low",42.4,0,0,77.91,6.83,577.919,0
"57th",2006-08-18,2006,230,361,1,"exceed",100.4,0,0,79.74,5.92,577.95,0
"57th",2006-08-23,2006,235,127,0,"moderate",68.5,0,0,81.43,1.68,577.883,0
"57th",2006-08-24,2006,236,596,1,"exceed",127,0,0,85.52,4.53,577.925,0
"57th",2006-08-25,2006,237,80.2,0,"low",596,0.558,0.558,82.85,6.36,577.945,0
"57th",2006-08-30,2006,242,67.3,0,"low",245.7,0.087,1.427,68.41,11.6,578.246,0
"57th",2006-08-31,2006,243,60.2,0,"low",67.3,0.087,0.175,73.1,11.58,578.4,0
"57th",2006-09-01,2006,244,116.6,0,"low",60.2,0,0.087,72.83,12.76,578.358,0
"57th",2007-05-30,2007,150,2.5,0,"low",24.4,0,0,85.24,6.66,577.877,0
"57th",2007-05-31,2007,151,5.9,0,"low",2.5,0,0,87.26,9.13,577.828,0
"57th",2007-06-01,2007,152,178.4,0,"moderate",5.9,0.22,0.22,78.21,7.57,577.775,0
"57th",2007-06-06,2007,157,106.9,0,"low",181.8,0.27,0.52,62.51,9.09,577.92,0
"57th",2007-06-07,2007,158,213.6,0,"moderate",106.9,0,0.27,80.2,7.99,577.75,0
"57th",2007-06-08,2007,159,57.6,0,"low",213.6,0,0,91.35,18.87,577.59,0
"57th",2007-06-13,2007,164,116.6,0,"low",144.6,0,0,75.24,7.56,577.911,0
"57th",2007-06-14,2007,165,22.3,0,"low",116.6,0,0,76.32,6.64,577.919,0
"57th",2007-06-15,2007,166,47.9,0,"low",22.3,0,0,77.58,5.14,577.939,0
"57th",2007-06-20,2007,171,149.3,0,"moderate",727,0.54,0.54,79.72,8.31,577.746,0
"57th",2007-06-21,2007,172,142,0,"moderate",149.3,0,0.54,79.74,1.47,577.675,0
"57th",2007-06-22,2007,173,268.6,1,"exceed",142,0,0,78.51,3.59,577.785,0
"57th",2007-06-27,2007,178,5.1,0,"low",5.1,0,0,85.6,6.63,577.738,0
"57th",2007-06-28,2007,179,1492.6,1,"exceed",5.1,0.35,0.35,86.52,6.97,577.706,0
"57th",2007-06-29,2007,180,24.9,0,"low",1492.6,0,0.35,74.26,10.43,578.045,0
"57th",2007-07-04,2007,185,191.7,0,"moderate",110.2,0.01,0.01,80.38,6.39,577.696,0
"57th",2007-07-05,2007,186,10.1,0,"low",191.7,0.55,0.56,78.52,2.63,577.806,0
"57th",2007-07-06,2007,187,139.8,0,"moderate",10.1,0,0.55,79.35,2.53,577.759,0
"57th",2007-07-11,2007,192,1086.1,1,"exceed",27.6,0.15,0.28,86.44,7.38,577.716,0
"57th",2007-07-12,2007,193,55.9,0,"low",1086.1,0,0.15,76.26,5.99,577.669,0
"57th",2007-07-13,2007,194,78.2,0,"low",55.9,0,0,79.25,8.74,577.625,0
"57th",2007-07-18,2007,199,111.2,0,"low",255.4,0.11,0.11,82.33,5.11,577.769,0
"57th",2007-07-19,2007,200,563,1,"exceed",111.2,0.629,0.739,84.55,7.86,577.683,0
"57th",2007-07-20,2007,201,239,1,"exceed",563,0.117,0.746,77.83,6.5,577.95,0
"57th",2007-07-25,2007,206,259.4,1,"exceed",45.8,0,0,76.66,1.24,577.688,0
"57th",2007-07-26,2007,207,2419.6,1,"exceed",259.4,0,0,81.13,5.98,577.674,0
"57th",2007-07-27,2007,208,310.6,1,"exceed",2419.6,0.693,0.693,83.05,6.78,577.661,0
"57th",2007-07-28,2007,209,307.6,1,"exceed",310.6,0.06,0.753,78.27,1.73,577.755,0
"57th",2007-07-29,2007,210,143.1,0,"moderate",307.6,0,0.06,76.63,9.89,577.925,0
"57th",2007-07-30,2007,211,56.3,0,"low",143.1,0,0,79.13,5.71,577.829,0
"57th",2007-07-31,2007,212,57.5,0,"low",56.3,0,0,81.13,5.06,577.699,0
"57th",2007-08-01,2007,213,290.5,1,"exceed",57.5,0,0,84.66,2.52,577.675,0
"57th",2007-08-02,2007,214,191.1,0,"moderate",290.5,0,0,86.27,2.35,577.682,0
"57th",2007-08-03,2007,215,158.1,0,"moderate",191.1,0,0,89.33,5.81,577.563,0
"57th",2007-08-08,2007,220,81.2,0,"low",119.5,0.14,0.16,91.55,5.36,577.645,0
"57th",2007-08-09,2007,221,105.6,0,"low",81.2,0.289,0.429,83.37,3.18,577.665,0
"57th",2007-08-10,2007,222,59.2,0,"low",105.6,0.2,0.489,85.13,1.94,577.71,0
"57th",2007-08-15,2007,227,1021,1,"exceed",113.5,0.42,0.42,83.53,6.77,577.495,0
"57th",2007-08-16,2007,228,169.1,0,"moderate",1021,1.18,1.6,78.61,4.61,577.561,0
"57th",2007-08-17,2007,229,74.6,0,"low",169.1,0,1.18,75.51,4.12,577.507,0
"57th",2007-08-22,2007,234,32.4,0,"low",48.2,0.023,0.813,83.31,3.09,577.727,0
"57th",2007-08-23,2007,235,502.2,1,"exceed",32.4,1.055,1.078,89.51,5.2,577.464,0
"57th",2007-08-24,2007,236,148.6,0,"moderate",502.2,1.211,2.266,87.86,8.01,577.425,1
"57th",2007-08-25,2007,237,1160.9,1,"exceed",148.6,0.29,1.501,80.71,5.92,577.509,1
"57th",2007-08-26,2007,238,1500.7,1,"exceed",1160.9,0.224,0.514,73.24,2.74,577.618,0
"57th",2007-08-27,2007,239,86.7,0,"low",1500.7,0,0.224,75.04,1.87,577.588,0
"57th",2007-08-28,2007,240,103.4,0,"low",86.7,0,0,82.59,5.44,577.524,0
"57th",2007-08-29,2007,241,106.3,0,"low",103.4,0,0,91.43,7.22,577.484,0
"57th",2007-08-30,2007,242,434.9,1,"exceed",106.3,0,0,83.17,3.48,577.699,0
"57th",2007-08-31,2007,243,279.1,1,"exceed",434.9,0,0,71.47,11.57,577.78,0
"57th",2007-09-01,2007,244,56.7,0,"low",279.1,0,0,73.76,6.45,577.626,0
"57th",2008-05-29,2008,150,7.4,0,"low",36.5,0,0,55.33,9.35,577.973,0
"57th",2008-05-30,2008,151,4.4,0,"low",7.4,0.13,0.13,62.96,3.13,577.753,0
"57th",2008-06-04,2008,156,71.9,0,"low",35,0.56,0.56,67.62,4.36,577.949,0
"57th",2008-06-05,2008,157,3.1,0,"low",71.9,0,0.56,69.16,5.56,578.065,0
"57th",2008-06-06,2008,158,1.8,0,"low",3.1,0.25,0.25,86.65,12.99,577.936,0
"57th",2008-06-11,2008,163,1.4,0,"low",2.5,0.01,0.38,80.49,8.36,577.908,0
"57th",2008-06-12,2008,164,4,0,"low",1.4,0,0.01,83.54,13.02,578.155,0
"57th",2008-06-13,2008,165,62.8,0,"low",4,0,0,88.48,20.62,578.215,0
"57th",2008-06-18,2008,170,3.9,0,"low",11.1,0,0,75.26,9.22,578.079,0
"57th",2008-06-19,2008,171,14.6,0,"low",3.9,0,0,67.6,6.21,578.15,0
"57th",2008-06-20,2008,172,3.5,0,"low",14.6,0.01,0.01,73.7,3.35,578.13,0
"57th",2008-06-25,2008,177,4,0,"low",6.2,0,0,76.16,4.65,578.148,0
"57th",2008-06-26,2008,178,8,0,"low",4,0.201,0.201,81.04,10.37,578.1,0
"57th",2008-06-27,2008,179,3.5,0,"low",8,0,0.201,85.18,7.26,578.16,0
"57th",2008-07-02,2008,184,6.8,0,"low",1.4,0,0,82.05,8.16,578.09,0
"57th",2008-07-03,2008,185,37.9,0,"low",6.8,0.01,0.01,86.31,13.14,578.098,0
"57th",2008-07-09,2008,191,18.6,0,"low",33.6,0.618,0.834,83.61,8.93,578.235,0
"57th",2008-07-10,2008,192,1,0,"low",18.6,0.128,0.745,77.5,3.22,578.223,0
"57th",2008-07-11,2008,193,83.7,0,"low",1,0.34,0.468,82.53,11.03,578.145,0
"57th",2008-07-16,2008,198,1.4,0,"low",3.6,0,0,89.2,8.35,578.149,0
"57th",2008-07-17,2008,199,9.8,0,"low",1.4,0,0,88.29,6.03,578.227,0
"57th",2008-07-18,2008,200,1,0,"low",9.8,0,0,88.09,8.82,578.239,0
"57th",2008-07-23,2008,205,26.6,0,"low",19.1,0.06,0.137,71.85,9.52,578.575,0
"57th",2008-07-24,2008,206,43.7,0,"low",26.6,0,0.06,75.22,9.38,578.516,0
"57th",2008-07-25,2008,207,3.9,0,"low",43.7,0,0,78.84,1.1,578.37,0
"57th",2008-07-30,2008,212,2.3,0,"low",12.1,0.19,0.19,86.8,4.44,578.319,0
"57th",2008-07-31,2008,213,6.8,0,"low",2.3,0.04,0.23,83.07,5.28,578.298,0
"57th",2008-08-01,2008,214,38,0,"low",6.8,0.7,0.74,82.3,3.65,578.233,0
"57th",2008-08-06,2008,219,115.1,0,"low",208.9,0.09,0.653,80.04,1.7,578.461,0
"57th",2008-08-07,2008,220,92.1,0,"low",115.1,0.01,0.1,79.91,3.79,578.291,0
"57th",2008-08-08,2008,221,57.5,0,"low",92.1,0.01,0.02,76.8,7.27,578.517,0
"57th",2008-08-13,2008,226,43.1,0,"low",9.6,0,0,73.55,3.41,578.41,0
"57th",2008-08-14,2008,227,120.9,0,"low",43.1,0,0,73.38,2.73,578.427,0
"57th",2008-08-15,2008,228,10.1,0,"low",120.9,0,0,73.65,8.06,578.574,0
"57th",2008-08-20,2008,233,10.7,0,"low",205.7,0,0,77.55,5.82,578.565,0
"57th",2008-08-21,2008,234,5.1,0,"low",10.7,0,0,76.08,6.55,578.485,0
"57th",2008-08-22,2008,235,18.4,0,"low",5.1,0,0,79.27,6.59,578.367,0
"57th",2008-08-27,2008,240,17.4,0,"low",15.3,0,0,72.19,9.58,578.403,0
"57th",2008-08-28,2008,241,12.7,0,"low",17.4,0,0,75.17,4.75,578.309,0
"57th",2008-08-29,2008,242,175,0,"moderate",12.7,0.02,0.02,79.47,6.19,578.204,0
"57th",2009-05-23,2009,143,4,0,"low",1160,0,0,63.99,9.91,578.923,0
"57th",2009-05-28,2009,148,12.4,0,"low",14.8,0.04,1.041,71.51,1.79,579.11,0
"57th",2009-05-29,2009,149,1.4,0,"low",12.4,0,0.04,60.79,5.11,578.911,0
"57th",2009-06-03,2009,154,56,0,"low",345.3,0.01,1.074,55.64,9.56,579.017,0
"57th",2009-06-04,2009,155,21.9,0,"low",56,0,0.01,57.11,11.4,579.015,0
"57th",2009-06-05,2009,156,3.5,0,"low",21.9,0,0,66.89,6.6,578.901,0
"57th",2009-06-10,2009,161,303.7,1,"exceed",11.7,0,0.08,63.62,5.48,579.142,0
"57th",2009-06-11,2009,162,650.4,1,"exceed",303.7,0.08,0.08,61.06,7.89,579.027,0
"57th",2009-06-12,2009,163,21.7,0,"low",650.4,0.857,0.938,59.86,9.48,579.194,0
"57th",2009-06-17,2009,168,40.2,0,"low",1234,0.846,1.126,67.81,9.73,579.153,0
"57th",2009-06-18,2009,169,9.9,0,"low",40.2,0,0.846,71.03,2.4,579.141,0
"57th",2009-06-19,2009,170,336.4,1,"exceed",9.9,0.134,0.134,80.5,4.37,579.036,0
"57th",2009-06-20,2009,171,122.2,0,"low",336.4,1.028,1.162,87.33,7,578.927,0
"57th",2009-06-24,2009,175,61.5,0,"low",79,0,0.08,85.83,3.59,579.09,0
"57th",2009-06-25,2009,176,2419.6,1,"exceed",61.5,0.07,0.07,88.34,0.87,579.048,0
"57th",2009-06-26,2009,177,793.6,1,"exceed",2419.6,0,0.07,83.52,1.54,579.084,0
"57th",2009-07-01,2009,182,100.3,0,"low",1122,0,0,68.33,7.54,579.061,0
"57th",2009-07-02,2009,183,108.8,0,"low",100.3,0,0,65.46,5.12,579.068,0
"57th",2009-07-08,2009,189,181.1,0,"moderate",126.9,0,0,71.18,5.43,579.018,0
"57th",2009-07-09,2009,190,311.8,1,"exceed",181.1,0.17,0.17,68.6,6.39,579.049,0
"57th",2009-07-10,2009,191,30.9,0,"low",311.8,0,0.17,75.7,5.16,579.128,0
"57th",2009-07-15,2009,196,18.2,0,"low",13.2,0,0,78.55,6.44,578.959,0
"57th",2009-07-16,2009,197,28.8,0,"low",18.2,0.7,0.7,85.28,8,578.83,0
"57th",2009-07-17,2009,198,816.8,1,"exceed",28.8,0.17,0.87,81.03,7.49,578.827,0
"57th",2009-07-22,2009,203,116.7,0,"low",1481.7,0,0,75.92,4.66,579.032,0
"57th",2009-07-23,2009,204,208.5,0,"moderate",116.7,0,0,73.73,2.5,579.107,0
"57th",2009-07-24,2009,205,155.4,0,"moderate",208.5,0.17,0.17,74.51,2.42,579.058,0
"57th",2009-07-29,2009,210,1177.2,1,"exceed",1126,0.04,0.04,83.14,4.82,578.877,0
"57th",2009-07-30,2009,211,1002,1,"exceed",1177.2,0,0.04,73.43,4.84,578.896,0
"57th",2009-07-31,2009,212,220.2,0,"moderate",1002,0,0,77.25,5.45,578.84,0
"57th",2009-08-05,2009,217,2192.3,1,"exceed",473.7,0,0.06,77.94,1.11,578.907,0
"57th",2009-08-06,2009,218,1706.3,1,"exceed",2192.3,0,0,73.11,5.25,578.799,0
"57th",2009-08-07,2009,219,376.2,1,"exceed",1706.3,0,0,74.82,2.34,578.84,0
"57th",2009-08-12,2009,224,228.5,0,"moderate",2419.6,0,0,75,5.58,579.043,0
"57th",2009-08-13,2009,225,71.8,0,"low",228.5,0,0,75.54,5.27,578.94,0
"57th",2009-08-14,2009,226,7.4,0,"low",71.8,0,0,80.32,2.96,578.885,0
"57th",2009-08-19,2009,231,72.6,0,"low",29.4,0.06,0.596,83.27,6.38,578.846,0
"57th",2009-08-20,2009,232,146.1,0,"moderate",72.6,0.258,0.318,78.76,4.32,578.865,0
"57th",2009-08-21,2009,233,30.2,0,"low",146.1,0.087,0.345,76.55,12.59,578.875,0
"57th",2009-08-26,2009,238,137.8,0,"moderate",293.5,0,0,79.72,9.18,578.733,0
"57th",2009-08-27,2009,239,517.1,1,"exceed",137.8,0.491,0.491,71.39,3.51,578.996,0
"57th",2009-08-28,2009,240,117.4,0,"low",517.1,0.785,1.276,67.5,10.53,579.078,0
"57th",2009-09-02,2009,245,25.9,0,"low",12.6,0,0,67.67,4.72,578.965,0
"57th",2009-09-03,2009,246,148.3,0,"moderate",25.9,0,0,68.54,4.18,578.963,0
"57th",2010-05-27,2010,147,649,1,"exceed",25.2,0,0,76.96,3.31,578.118,0
"57th",2010-05-28,2010,148,68.2,0,"low",649,0,0,67.75,11.48,578.183,0
"57th",2010-06-03,2010,154,77.9,0,"low",71.6,1.28,1.28,75.58,2.58,578.187,0
"57th",2010-06-04,2010,155,7.1,0,"low",77.9,0,1.28,68.62,7.77,578.22,0
"57th",2010-06-09,2010,160,2.3,0,"low",33.2,0.307,0.307,71.11,8.24,578.131,0
"57th",2010-06-10,2010,161,28.9,0,"low",2.3,0,0.307,82.42,7.87,578.265,0
"57th",2010-06-11,2010,162,19.9,0,"low",28.9,0,0,79.41,3.91,578.175,0
"57th",2010-06-16,2010,167,59.6,0,"low",10.5,0.573,0.713,77.08,0.76,578.43,0
"57th",2010-06-17,2010,168,11.5,0,"low",59.6,0,0.573,80.1,5.51,578.48,0
"57th",2010-06-18,2010,169,97.1,0,"low",11.5,0,0,76.97,5.03,578.355,0
"57th",2010-06-23,2010,174,393,1,"exceed",61.1,0.936,1.309,85.88,6.81,578.446,0
"57th",2010-06-24,2010,175,9.4,0,"low",393,1.197,2.132,86.55,9.02,578.17,0
"57th",2010-06-25,2010,176,17.3,0,"low",9.4,0.104,1.301,76.42,1.83,578.34,0
"57th",2010-06-30,2010,181,1.8,0,"low",17.9,0,1.28,69.76,7.87,578.385,0
"57th",2010-07-01,2010,182,7.8,0,"low",1.8,0,0,70.28,4.33,578.399,0
"57th",2010-07-02,2010,183,15.1,0,"low",7.8,0,0,74.83,5.85,578.397,0
"57th",2010-07-08,2010,189,338.2,1,"exceed",120.8,0.104,0.134,90.13,3.61,578.271,0
"57th",2010-07-09,2010,190,97.5,0,"low",338.2,0.244,0.348,80.28,0.85,578.34,0
"57th",2010-07-14,2010,195,24.3,0,"low",27.5,0.064,0.077,81.38,4.98,578.445,0
"57th",2010-07-15,2010,196,818.2,1,"exceed",24.3,0,0.064,88.62,7.75,578.348,0
"57th",2010-07-16,2010,197,35.7,0,"low",818.2,0,0,90.71,6.46,578.358,0
"57th",2010-07-21,2010,202,103,0,"low",9.1,0,0,82.34,6,578.354,0
"57th",2010-07-22,2010,203,103.1,0,"low",103,0,0,83.2,0.48,578.33,0
"57th",2010-07-23,2010,204,102.5,0,"low",103.1,1.56,1.56,87.9,8,578.234,0
"57th",2010-07-28,2010,209,49.5,0,"low",111.3,0,0,87.05,5.48,578.336,0
"57th",2010-07-29,2010,210,1015.5,1,"exceed",49.5,0,0,88.97,5.1,578.268,0
"57th",2010-07-30,2010,211,77.8,0,"low",1015.5,0,0,77.97,5.54,578.413,0
"57th",2010-08-04,2010,216,514.8,1,"exceed",51.2,1.239,1.309,82.61,3.19,578.278,0
"57th",2010-08-05,2010,217,17.8,0,"low",514.8,0.57,1.809,79.31,3.05,578.327,0
"57th",2010-08-06,2010,218,435.2,1,"exceed",17.8,0,0.57,84.26,8.14,578.252,0
"57th",2010-08-07,2010,219,154.5,0,"moderate",435.2,0,0,78.21,2.55,578.307,0
"57th",2010-08-11,2010,223,99.8,0,"low",488.3,0,0,82.45,3.68,578.372,0
"57th",2010-08-12,2010,224,121.7,0,"low",99.8,0,0,89.43,3.34,578.417,0
"57th",2010-08-13,2010,225,17,0,"low",121.7,0,0,84.41,2.7,578.441,0
"57th",2010-08-18,2010,230,69.7,0,"low",140.9,0.014,0.014,75.56,2.66,578.056,0
"57th",2010-08-19,2010,231,16.4,0,"low",69.7,0.07,0.084,80.22,2.08,578.04,0
"57th",2010-08-20,2010,232,236.2,1,"exceed",16.4,0,0.07,85.87,4.45,578.133,0
"57th",2010-08-25,2010,237,38.9,0,"low",10.2,0,0,78.04,4.15,578.324,0
"57th",2010-08-26,2010,238,31.9,0,"low",38.9,0,0,76.34,8.23,578.394,0
"57th",2010-08-27,2010,239,9,0,"low",31.9,0,0,75.51,3.28,578.22,0
"57th",2010-09-01,2010,244,166.8,0,"moderate",54.1,0,0,90.42,11.51,577.888,0
"57th",2010-09-02,2010,245,170.2,0,"moderate",166.8,0.167,0.167,80.6,5.55,578.083,0
"57th",2010-09-03,2010,246,26.8,0,"low",170.2,0.636,0.803,81.85,7.3,578.112,0
"57th",2011-06-02,2011,153,303.1,1,"exceed",3.9,0,0,81.5,10.76,577.848,0
"57th",2011-06-03,2011,154,28.4,0,"low",303.1,0,0,70.53,6.5,578.122,0
"57th",2011-06-08,2011,159,3.8,0,"low",1.4,0,0,95.29,9.75,578.207,0
"57th",2011-06-09,2011,160,2192.3,1,"exceed",3.8,0,0,94.11,11.22,578.026,0
"57th",2011-06-10,2011,161,92.9,0,"low",2192.3,2.691,2.691,72.63,5.95,578.433,0
"57th",2011-06-14,2011,165,13.9,0,"low",13.3,0,0,64.7,6.53,578.269,0
"57th",2011-06-15,2011,166,25.6,0,"low",13.9,0.05,0.05,70.52,6.28,578.393,0
"57th",2011-06-16,2011,167,4.6,0,"low",25.6,0.527,0.577,71.03,9.57,578.392,0
"57th",2011-06-17,2011,168,8.1,0,"low",4.6,0.087,0.614,78.7,4.52,578.404,0
"57th",2011-06-22,2011,173,28.1,0,"low",12.4,0.08,0.559,87.45,12.19,578.507,0
"57th",2011-06-23,2011,174,8.5,0,"low",28.1,0.02,0.1,73.44,12.64,578.479,0
"57th",2011-06-24,2011,175,5.5,0,"low",8.5,0.05,0.07,71.12,11.14,578.452,0
"57th",2011-06-29,2011,180,16.2,0,"low",14.2,0,0.1,76.33,4.38,578.418,0
"57th",2011-06-30,2011,181,17,0,"low",16.2,0,0,75.12,2.8,578.346,0
"57th",2011-07-01,2011,182,58.2,0,"low",17,0.249,0.249,85.05,7,578.499,0
"57th",2011-07-07,2011,188,166.1,0,"moderate",51.3,0,0,81.12,5.67,578.427,0
"57th",2011-07-08,2011,189,18.2,0,"low",166.1,0.07,0.07,74.48,4.85,578.479,0
"57th",2011-07-13,2011,194,324.7,1,"exceed",2,0.01,0.13,81.58,4.68,578.425,0
"57th",2011-07-14,2011,195,21.8,0,"low",324.7,0,0.01,71.85,11.51,578.567,0
"57th",2011-07-15,2011,196,3.1,0,"low",21.8,0,0,76,6.47,578.524,0
"57th",2011-07-20,2011,201,271.4,1,"exceed",7.6,0,0,83.51,2.72,578.506,0
"57th",2011-07-21,2011,202,2.9,0,"low",271.4,0,0,97.84,6.28,578.262,0
"57th",2011-07-22,2011,203,772.5,1,"exceed",2.9,0.01,0.01,97.93,4.27,578.262,0
"57th",2011-07-23,2011,204,235.8,1,"exceed",772.5,0.588,0.598,87.96,3.57,578.352,0
"57th",2011-07-24,2011,205,114,0,"low",235.8,0.16,0.748,82.31,0.91,578.388,0
"57th",2011-07-25,2011,206,148.4,0,"moderate",114,0.198,0.358,83.18,1.1,578.48,0
"57th",2011-07-26,2011,207,56.6,0,"low",148.4,0.02,0.218,78.26,3.1,578.434,1
"57th",2011-07-27,2011,208,6.3,0,"low",56.6,0.01,0.03,80.65,4.2,578.367,0
"57th",2011-07-28,2011,209,2.9,0,"low",6.3,0,0.01,89.29,6.28,578.342,0
"57th",2011-07-29,2011,210,38.3,0,"low",2.9,0.537,0.537,83.34,3.38,578.504,0
"57th",2011-08-03,2011,215,62.4,0,"low",35.9,0.28,0.28,91.18,7.56,578.36,0
"57th",2011-08-04,2011,216,109.9,0,"low",62.4,0,0.28,80.19,8.23,578.64,0
"57th",2011-08-05,2011,217,89.1,0,"low",109.9,0,0,78.02,6.21,578.494,0
"57th",2011-08-10,2011,222,46.1,0,"low",31.2,0.01,0.26,81.08,9.11,578.409,0
"57th",2011-08-11,2011,223,16.2,0,"low",46.1,0,0.01,74.45,4.8,578.37,0
"57th",2011-08-12,2011,224,7.4,0,"low",16.2,0,0,77.15,1.39,578.252,0
"57th",2011-08-17,2011,229,255.2,1,"exceed",68.4,0,0,80.08,2.58,578.422,0
"57th",2011-08-18,2011,230,775.3,1,"exceed",255.2,0,0,82.59,5.97,578.338,0
"57th",2011-08-19,2011,231,118.4,0,"low",775.3,0,0,78.78,3.5,578.409,0
"57th",2011-08-24,2011,236,227.5,0,"moderate",85.1,0.294,0.294,79.39,9.6,577.898,0
"57th",2011-08-25,2011,237,650.4,1,"exceed",227.5,0,0.294,90.96,8.9,578.087,0
"57th",2011-08-26,2011,238,18.4,0,"low",650.4,0,0,75.02,5.65,578.259,0
"57th",2011-08-31,2011,243,67.6,0,"low",61.3,0.01,0.01,79.78,6.76,578.113,0
"57th",2011-09-01,2011,244,177.9,0,"moderate",67.6,0.06,0.07,87.79,6.37,578.181,0
"57th",2011-09-02,2011,245,14.9,0,"low",177.9,0,0.06,92.61,5.09,578.263,0
"57th",2012-05-24,2012,145,83.4,0,"low",52,0,0.01,72.37,4.29,577.847,0
"57th",2012-05-25,2012,146,21.7,0,"low",83.4,0,0,85.65,15.23,577.695,0
"57th",2012-05-31,2012,152,167.9,0,"moderate",92.4,0,0.007,67.72,6.2,577.868,0
"57th",2012-06-01,2012,153,23.5,0,"low",167.9,0.611,0.611,54.58,12.77,577.991,0
"57th",2012-06-06,2012,158,43.7,0,"low",30.7,0,0,63.47,9,578.029,0
"57th",2012-06-07,2012,159,116.4,0,"low",43.7,0,0,68.28,6.49,577.873,0
"57th",2012-06-08,2012,160,30.9,0,"low",116.4,0,0,71.48,3.01,577.767,0
"57th",2012-06-13,2012,165,31.2,0,"low",516.5,0,0.024,76.77,6.73,577.847,0
"57th",2012-06-14,2012,166,3.6,0,"low",31.2,0,0,66.86,7.39,577.781,0
"57th",2012-06-15,2012,167,15.9,0,"low",3.6,0,0,77.08,6.72,577.847,0
"57th",2012-06-20,2012,172,6.9,0,"low",14,0,0,89.84,14.03,577.656,0
"57th",2012-06-21,2012,173,3.5,0,"low",6.9,0,0,89.75,13.68,577.635,0
"57th",2012-06-22,2012,174,31.9,0,"low",3.5,0.033,0.033,80.69,5.97,577.678,0
"57th",2012-06-27,2012,179,112,0,"low",35.4,0,0,74.2,6.17,577.866,0
"57th",2012-06-28,2012,180,80,0,"low",112,0,0,87.64,10.91,577.697,0
"57th",2012-06-29,2012,181,26.2,0,"low",80,0.097,0.097,98.09,7.16,577.777,0
"57th",2012-07-11,2012,193,30,0,"low",135.4,0,0,76.84,10.62,577.973,0
"57th",2012-07-12,2012,194,13.6,0,"low",30,0,0,79.82,6.74,577.899,0
"57th",2012-07-13,2012,195,17.7,0,"low",13.6,0,0,84.34,6.57,577.818,0
"57th",2012-07-18,2012,200,173.3,0,"moderate",28.3,0,0,97.86,8.12,577.557,0
"57th",2012-07-19,2012,201,69,0,"low",173.3,0.007,0.007,83.55,5.72,577.851,0
"57th",2012-07-20,2012,202,138.8,0,"moderate",69,1.017,1.024,79.65,3.39,578.002,0
"57th",2012-07-25,2012,207,134.6,0,"moderate",365.9,0.217,0.23,87.49,5.44,577.691,0
"57th",2012-07-26,2012,208,185.6,0,"moderate",134.6,0.003,0.22,97.89,8.36,577.568,0
"57th",2012-07-27,2012,209,151.4,0,"moderate",185.6,0.09,0.093,88.41,6.65,577.626,0
"57th",2012-08-01,2012,214,56.8,0,"low",1773.5,0.449,0.449,81.13,3.89,577.69,0
"57th",2012-08-02,2012,215,169.2,0,"moderate",56.8,0,0.449,81.8,5.1,577.611,0
"57th",2012-08-03,2012,216,27.5,0,"low",169.2,0,0,87.04,3.59,577.487,0
"57th",2012-08-08,2012,221,404.4,1,"exceed",107.5,0,0,91,6.14,577.429,0
"57th",2012-08-09,2012,222,25.7,0,"low",404.4,0.027,0.027,80.28,7.78,577.633,0
"57th",2012-08-10,2012,223,980.4,1,"exceed",25.7,0.003,0.03,74.56,8.32,577.712,0
"57th",2012-08-11,2012,224,91.4,0,"low",980.4,0.297,0.301,72.59,15.32,578.254,0
"57th",2012-08-15,2012,228,82.8,0,"low",127.5,0.05,0.314,76.48,0.63,577.66,0
"57th",2012-08-16,2012,229,45.3,0,"low",82.8,0,0.05,84.46,5.01,577.546,0
"57th",2012-08-17,2012,230,140.3,0,"moderate",45.3,0.243,0.243,75.21,7.49,577.427,0
"57th",2012-08-22,2012,235,40.1,0,"low",78.7,0,0.392,73.79,2.15,577.366,0
"57th",2012-08-23,2012,236,308.4,1,"exceed",40.1,0,0,79.34,4.66,577.252,0
"57th",2012-08-24,2012,237,128.2,0,"moderate",308.4,0,0,87.58,7.53,577.205,0
"57th",2012-08-29,2012,242,32.7,0,"low",141.7,0,0.007,78.59,4.42,577.305,0
"57th",2012-08-30,2012,243,26.4,0,"low",32.7,0,0,77.69,5.46,577.268,0
"57th",2012-08-31,2012,244,87,0,"low",26.4,0,0,87.98,9.53,576.952,0
"57th",2012-09-12,2012,256,29.5,0,"low",50.1,0,0,81.7,10.83,576.84,0
"57th",2012-09-13,2012,257,335.3,1,"exceed",29.5,0,0,84.53,9.74,576.874,0
"57th",2013-05-23,2013,143,2420,1,"exceed",10.6,0.312,0.606,71.83,6.07,577.623,0
"57th",2013-05-24,2013,144,49.9,0,"low",2420,0.057,0.369,55.57,18.88,578.166,0
"57th",2013-05-25,2013,145,71.7,0,"low",49.9,0,0.057,49.97,10.84,577.762,0
"57th",2013-05-26,2013,146,18.4,0,"low",71.7,0,0,52.23,4.43,577.604,0
"57th",2013-05-27,2013,147,45.8,0,"low",18.4,0.007,0.007,61.62,3.53,577.661,0
"57th",2013-05-28,2013,148,2.5,0,"low",45.8,0.107,0.114,61.43,8.46,577.776,0
"57th",2013-05-29,2013,149,46.8,0,"low",2.5,1.024,1.131,76.18,9.73,577.772,0
"57th",2013-05-30,2013,150,2.4,0,"low",46.8,0.03,1.054,80.59,6.61,577.632,0
"57th",2013-05-31,2013,151,3.7,0,"low",2.4,0.299,0.33,81.36,14.22,577.582,0
"57th",2013-06-05,2013,156,1,0,"low",1.4,0,0,64.57,4.18,577.762,0
"57th",2013-06-06,2013,157,3.5,0,"low",1,0,0,68.73,5.21,577.928,0
"57th",2013-06-07,2013,158,2.4,0,"low",3.5,0.06,0.06,59.57,8.72,577.971,0
"57th",2013-06-12,2013,163,509.3,1,"exceed",4.1,0.332,0.482,79.59,1.87,577.747,0
"57th",2013-06-13,2013,164,99.8,0,"low",509.3,0.64,0.973,81.26,1.15,577.887,0
"57th",2013-06-14,2013,165,26.1,0,"low",99.8,0.067,0.707,64.52,11.85,578.018,0
"57th",2013-06-19,2013,170,2.4,0,"low",164.5,0,0.066,63.47,12.61,578.197,0
"57th",2013-06-20,2013,171,2,0,"low",2.4,0,0,68.44,5.97,577.927,0
"57th",2013-06-21,2013,172,5.9,0,"low",2,0,0,78.83,5.86,577.877,0
"57th",2013-06-26,2013,177,11,0,"low",67.2,0.003,0.183,85.14,4.89,577.835,0
"57th",2013-06-27,2013,178,1,0,"low",11,0.173,0.177,79.75,3.82,577.893,0
"57th",2013-06-28,2013,179,8,0,"low",1,0.8,0.973,88.42,2.95,577.911,0
"57th",2013-06-29,2013,180,2192.3,1,"exceed",8,0.24,1.039,80.81,6.53,577.887,0
"57th",2013-06-30,2013,181,28,0,"low",2192.3,0.014,0.253,67.23,10.73,578.161,0
"57th",2013-07-01,2013,182,9,0,"low",28,0.003,0.017,68.43,12.58,578.244,0
"57th",2013-07-02,2013,183,9.4,0,"low",9,0,0.003,68.54,12.16,578.278,0
"57th",2013-07-03,2013,184,5.1,0,"low",9.4,0,0,65.48,11.49,578.215,0
"57th",2013-07-10,2013,191,500.8,1,"exceed",28.1,0.007,0.273,83.57,6.4,577.957,0
"57th",2013-07-11,2013,192,9.4,0,"low",500.8,0,0.007,80.09,3.24,577.85,0
"57th",2013-07-12,2013,193,1.7,0,"low",9.4,0,0,74.73,4.63,577.914,0
"57th",2013-07-16,2013,197,31.6,0,"low",5.3,0.013,0.013,82.56,3.99,577.975,0
"57th",2013-07-17,2013,198,4.9,0,"low",31.6,0.007,0.02,89.91,5.68,577.91,0
"57th",2013-07-18,2013,199,14.9,0,"low",4.9,0,0.007,88.91,2.7,577.791,0
"57th",2013-07-19,2013,200,6.3,0,"low",14.9,0,0,93.14,6.68,577.741,0
"57th",2013-07-24,2013,205,23.7,0,"low",181.7,0.02,0.02,79.01,7.97,578.108,0
"57th",2013-07-25,2013,206,5,0,"low",23.7,0,0.02,68.75,11.12,577.943,0
"57th",2013-07-26,2013,207,24.9,0,"low",5,0,0,75.6,1.59,577.821,0
"57th",2013-07-27,2013,208,217.3,0,"moderate",24.9,0.007,0.007,73.62,9.6,577.694,0
"57th",2013-07-31,2013,212,8.5,0,"low",1.4,0.003,0.003,72.27,5.35,577.825,0
"57th",2013-08-01,2013,213,27.7,0,"low",8.5,0.143,0.146,72.95,1.02,577.864,0
"57th",2013-08-02,2013,214,13.4,0,"low",27.7,0.003,0.146,77.72,3.33,577.818,0
"57th",2013-08-07,2013,219,114.5,0,"low",5.2,0,0.013,80.77,7.65,577.758,0
"57th",2013-08-08,2013,220,81.7,0,"low",114.5,0.01,0.01,84.55,2.59,577.949,0
"57th",2013-08-09,2013,221,15.1,0,"low",81.7,0,0.01,73.45,9.95,577.943,0
"57th",2013-08-14,2013,226,62.5,0,"low",331.7,0,0.446,70.24,11.85,578.078,0
"57th",2013-08-15,2013,227,19,0,"low",62.5,0,0,66.26,5.82,577.859,0
"57th",2013-08-16,2013,228,83.2,0,"low",19,0,0,72.57,3.67,577.698,0
"57th",2013-08-20,2013,232,57.1,0,"low",34.5,0,0,80.02,1.6,577.727,0
"57th",2013-08-21,2013,233,33.5,0,"low",57.1,0,0,85.29,5.97,577.648,0
"57th",2013-08-22,2013,234,99.4,0,"low",33.5,0.02,0.02,88.03,8.33,577.654,0
"57th",2013-08-23,2013,235,35.1,0,"low",99.4,0.19,0.21,77.67,2.98,577.695,0
"57th",2013-08-28,2013,240,648.8,1,"exceed",11.8,0,0,92.29,10.64,577.68,0
"57th",2013-08-29,2013,241,3,0,"low",648.8,0,0,84.02,6.31,577.875,0
"57th",2013-08-30,2013,242,7.7,0,"low",3,0,0,79.07,3.27,577.822,0
"57th",2013-08-31,2013,243,116.8,0,"low",7.7,0.134,0.134,94.09,5.74,577.794,0
"57th",2013-09-11,2013,254,144,0,"moderate",13.4,0,0,93.94,10.39,577.666,0
"57th",2013-09-12,2013,255,6.3,0,"low",144,0,0,89.82,3.98,577.76,0
"57th",2014-05-22,2014,142,14.5,0,"low",94.5,0.005,0.796,79.11,1.38,578.717,0
"57th",2014-05-23,2014,143,1216.2,1,"exceed",14.5,0,0.005,64.02,5.73,578.625,0
"57th",2014-05-24,2014,144,8.4,0,"low",1216.2,0,0,58.01,5.72,578.604,0
"57th",2014-05-29,2014,149,50.2,0,"low",596,0.287,0.434,60.49,7.79,578.878,0
"57th",2014-05-30,2014,150,24,0,"low",50.2,0,0.287,64.22,7.93,578.922,0
"57th",2014-06-04,2014,155,457.2,1,"exceed",105.9,0,0.128,77.08,3.27,578.649,0
"57th",2014-06-05,2014,156,116.3,0,"low",457.2,0.126,0.126,68.35,6.07,578.836,0
"57th",2014-06-06,2014,157,74.9,0,"low",116.3,0,0.126,67.16,5.42,578.784,0
"57th",2014-06-11,2014,162,6.3,0,"low",5.5,0.224,0.224,61.2,8.27,579.007,0
"57th",2014-06-12,2014,163,2.2,0,"low",6.3,0.068,0.292,65.37,3.21,579.091,0
"57th",2014-06-13,2014,164,2.8,0,"low",2.2,0.009,0.078,80.4,7.25,578.845,0
"57th",2014-06-18,2014,169,1,0,"low",155.2,0,0,87.71,9.88,578.796,0
"57th",2014-06-19,2014,170,357.3,1,"exceed",1,0.224,0.224,81.11,3.45,579.096,0
"57th",2014-06-20,2014,171,40.2,0,"low",357.3,0.346,0.57,72.37,4.7,579.167,0
"57th",2014-06-25,2014,176,9.4,0,"low",1,0.396,0.486,78.88,1.33,579.042,0
"57th",2014-06-26,2014,177,1.4,0,"low",9.4,0.018,0.414,69.29,6.18,579.183,0
"57th",2014-06-27,2014,178,54,0,"low",1.4,0,0.018,66.07,5.3,579.117,0
"57th",2014-07-02,2014,183,47.1,0,"low",2.4,0.082,0.762,80.83,10.23,578.823,1
"57th",2014-07-03,2014,184,6.3,0,"low",47.1,0.075,0.156,72.65,5.19,578.957,0
"57th",2014-07-09,2014,190,120.2,0,"low",49.2,0.384,0.673,80.94,9.77,579.037,0
"57th",2014-07-10,2014,191,83.1,0,"low",120.2,0,0.384,72.37,3.27,579.036,0
"57th",2014-07-11,2014,192,5.9,0,"low",83.1,0,0,71.91,5.29,579.09,0
"57th",2014-07-16,2014,197,26.2,0,"low",1420.9,0.019,0.218,67.98,8.39,579.219,0
"57th",2014-07-17,2014,198,22.8,0,"low",26.2,0.005,0.024,66.88,3.72,579.122,0
"57th",2014-07-18,2014,199,49.2,0,"low",22.8,0,0.005,72.52,2.94,579.121,0
"57th",2014-07-23,2014,204,228.4,0,"moderate",8.1,0,0,87.4,10.54,578.974,0
"57th",2014-07-24,2014,205,46.4,0,"low",228.4,0.06,0.06,74.73,15.48,579.474,0
"57th",2014-07-25,2014,206,245.9,1,"exceed",46.4,0,0.06,69.12,7.02,579.242,0
"57th",2014-07-26,2014,207,11.8,0,"low",245.9,0,0,73.52,8.11,579.039,0
"57th",2014-07-30,2014,211,89.3,0,"low",648.9,0,0,73.35,1.74,579.144,0
"57th",2014-07-31,2014,212,487.3,1,"exceed",89.3,0,0,71.35,2.24,579.143,0
"57th",2014-08-01,2014,213,9.9,0,"low",487.3,0.024,0.024,82.35,6.89,579.062,0
"57th",2014-08-06,2014,218,410.2,1,"exceed",24.5,0.297,0.662,74.34,2.86,579.265,0
"57th",2014-08-07,2014,219,12,0,"low",410.2,0,0.297,73.65,5.82,579.249,0
"57th",2014-08-08,2014,220,26.1,0,"low",12,0,0,76.09,6.92,579.216,0
"57th",2014-08-13,2014,225,70.9,0,"low",1487.2,0.04,1.07,69.91,8.51,579.486,0
"57th",2014-08-14,2014,226,34.5,0,"low",70.9,0.014,0.055,78.56,2.5,579.225,0
"57th",2014-08-15,2014,227,7.4,0,"low",34.5,0,0.014,67.25,8.09,579.275,0
"57th",2014-08-20,2014,232,29.2,0,"low",5.9,0.097,0.097,82.47,9.57,579.32,0
"57th",2014-08-21,2014,233,17.3,0,"low",29.2,0,0.097,85.2,6.7,579.33,0
"57th",2014-08-22,2014,234,7.7,0,"low",17.3,0.715,0.715,78.39,4.64,579.35,0
"57th",2014-08-27,2014,239,213,0,"moderate",21.8,0.036,0.928,79.32,0.29,579.28,0
"57th",2014-08-28,2014,240,78.1,0,"low",213,0,0.036,75.02,6.38,579.262,0
"57th",2014-08-29,2014,241,77.2,0,"low",78.1,0.01,0.01,72.8,7.77,579.322,0
"57th",2015-05-21,2015,141,229.9,0,"moderate",31.3,0.014,0.014,45.9,8.55,579.495,0
"57th",2015-05-22,2015,142,14.3,0,"low",229.9,0,0.014,67.37,6.4,579.462,0
"57th",2015-05-28,2015,148,2.8,0,"low",5.2,0.028,0.223,75.05,8.26,579.525,0
"57th",2015-05-29,2015,149,2.2,0,"low",2.8,0,0.028,78.01,4.93,579.607,0
"57th",2015-06-03,2015,154,107.9,0,"low",46.9,0,0,63.61,4.38,579.794,0
"57th",2015-06-04,2015,155,2,0,"low",107.9,0,0,70.47,5.22,579.82,0
"57th",2015-06-05,2015,156,387.4,1,"exceed",2,0,0,78.61,6.54,579.79,0
"57th",2015-06-06,2015,157,39.4,0,"low",387.4,0,0,71.44,11.69,579.854,0
"57th",2015-06-10,2015,161,4.5,0,"low",22.2,0,0.165,82.8,5.82,579.718,0
"57th",2015-06-11,2015,162,45.9,0,"low",4.5,0.052,0.052,91.29,7.28,579.761,0
"57th",2015-06-12,2015,163,75.2,0,"low",45.9,0.129,0.181,68.64,4.64,579.944,0
"57th",2015-06-17,2015,168,3.2,0,"low",34.9,0.021,0.634,71.23,8.81,580.016,1
"57th",2015-06-18,2015,169,113.8,0,"low",3.2,0.099,0.121,64.39,2.74,580.048,0
"57th",2015-06-19,2015,170,36.3,0,"low",113.8,0,0.099,81.49,5.4,580.048,0
"57th",2015-06-24,2015,175,9.8,0,"low",26.3,0,0.025,76.15,3.36,580.017,0
"57th",2015-06-25,2015,176,85.7,0,"low",9.8,0,0,76.45,3.68,579.875,0
"57th",2015-06-26,2015,177,8.8,0,"low",85.7,0.244,0.244,77.9,0.18,580.153,0
"57th",2015-07-01,2015,182,71.3,0,"low",1,0,0.057,74.07,3.08,580.06,0
"57th",2015-07-02,2015,183,16.5,0,"low",71.3,0,0,61.34,7.88,580.091,0
"57th",2015-07-08,2015,189,93.5,0,"low",488.2,0.19,0.431,74.06,10.12,580.256,0
"57th",2015-07-09,2015,190,16.7,0,"low",93.5,0,0.19,63.63,6.29,580.11,0
"57th",2015-07-10,2015,191,38.3,0,"low",16.7,0.026,0.026,66.9,5.71,580.118,0
"57th",2015-07-15,2015,196,86,0,"low",10.1,0,0.661,78.65,7.96,580.248,0
"57th",2015-07-16,2015,197,266,1,"exceed",86,0,0,69.19,9.25,580.217,0
"57th",2015-07-17,2015,198,122.7,0,"low",266,0.199,0.199,75.75,5.68,580.058,0
"57th",2015-07-22,2015,203,18,0,"low",37.4,0,0.003,75.29,5.36,579.976,0
"57th",2015-07-23,2015,204,10.8,0,"low",18,0,0,77.44,2.29,579.948,0
"57th",2015-07-24,2015,205,69.7,0,"low",10.8,0,0,79.24,2.39,579.985,0
"57th",2015-07-29,2015,210,5.2,0,"low",13.7,0,0,86.04,4.35,580.004,0
"57th",2015-07-30,2015,211,59.6,0,"low",5.2,0.038,0.038,87.2,5.64,579.91,0
"57th",2015-07-31,2015,212,56.2,0,"low",59.6,0.024,0.062,87.07,9.14,579.79,0
"57th",2015-08-05,2015,217,42.7,0,"low",33.5,0,0.665,80.88,2.34,579.96,0
"57th",2015-08-06,2015,218,6.9,0,"low",42.7,0,0,77.75,4.19,580.036,0
"57th",2015-08-07,2015,219,1.4,0,"low",6.9,0,0,77.42,7.6,580.113,0
"57th",2015-08-12,2015,224,20.5,0,"low",62.5,0,0.218,75.86,5.95,580.042,0
"57th",2015-08-13,2015,225,8.8,0,"low",20.5,0,0,72.97,4.84,579.88,0
"57th",2015-08-14,2015,226,16.7,0,"low",8.8,0,0,83.33,8.51,579.753,0
"57th",2015-08-19,2015,231,64.1,0,"low",26.5,0.709,0.934,81.18,7.85,579.95,0
"57th",2015-08-20,2015,232,20.5,0,"low",64.1,0,0.709,76.66,12.63,579.717,0
"57th",2015-08-21,2015,233,184.3,0,"moderate",20.5,0,0,73.68,12.12,579.684,0
"57th",2015-08-26,2015,238,68.9,0,"low",28.9,0,0,66.78,4.33,579.697,0
"57th",2015-08-27,2015,239,27,0,"low",68.9,0,0,64.67,4.84,579.754,0
"57th",2015-08-28,2015,240,15.5,0,"low",27,0,0,69.69,1.56,579.792,0
"57th",2015-09-02,2015,245,224.7,0,"moderate",91,0,0,87.27,8.23,579.762,0
"57th",2015-09-03,2015,246,33.9,0,"low",224.7,0,0,88.92,6.17,579.77,0
"57th",2015-09-04,2015,247,406.2,1,"exceed",33.9,0,0,90.4,5.2,579.905,0
"57th",2015-09-05,2015,248,8.8,0,"low",406.2,0,0,76.87,5.32,579.992,0
"57th",2016-06-02,2016,154,15.2,0,"low",265,0.157,0.56,77.19,1.1,580.465,0
"57th",2016-06-03,2016,155,4.9,0,"low",15.2,0,0.157,77.66,3.23,580.335,0
"57th",2016-06-08,2016,160,6.3,0,"low",6,0,0.04,62.47,6.49,580.418,0
"57th",2016-06-09,2016,161,1,0,"low",6.3,0,0,62.72,3.75,580.28,0
"57th",2016-06-10,2016,162,129.9,0,"moderate",1,0.028,0.028,70.31,5.09,580.367,0
"57th",2016-06-15,2016,167,2.8,0,"low",127.5,0,0,81.02,5.95,580.531,0
"57th",2016-06-16,2016,168,49.5,0,"low",2.8,0.173,0.173,87.25,6.36,580.513,0
"57th",2016-06-17,2016,169,87.9,0,"low",49.5,0,0.173,82.69,9.57,580.684,0
"57th",2016-06-22,2016,174,5.2,0,"low",30.3,0,0,80.74,3.37,580.311,0
"57th",2016-06-23,2016,175,73.9,0,"low",5.2,0.42,0.42,74.71,4.3,580.435,0
"57th",2016-06-24,2016,176,13,0,"low",73.9,0,0.42,73.3,6.9,580.579,0
"57th",2016-06-29,2016,181,15.5,0,"low",151.9,0,0,70.8,11.75,580.589,0
"57th",2016-06-30,2016,182,4.5,0,"low",15.5,0,0,74.83,3.26,580.371,0
"57th",2016-07-01,2016,183,63.4,0,"low",4.5,0,0,76.96,8.34,580.284,0
"57th",2016-07-07,2016,189,13.4,0,"low",10.5,1.115,1.115,87.23,6.49,580.282,0
"57th",2016-07-08,2016,190,86.5,0,"low",13.4,0.048,1.163,81.87,2.95,580.371,0
"57th",2016-07-13,2016,195,10.8,0,"low",11.3,0,0,88.46,11.59,580.23,0
"57th",2016-07-14,2016,196,22.2,0,"low",10.8,0.239,0.239,83.55,8.49,580.112,0
"57th",2016-07-15,2016,197,9.9,0,"low",22.2,0,0.239,86.2,11.89,580.105,0
"57th",2016-07-20,2016,202,36.4,0,"low",26,0,0.391,81.61,2.52,580.308,0
"57th",2016-07-21,2016,203,2.8,0,"low",36.4,0,0,85.6,4.6,580.289,0
"57th",2016-07-22,2016,204,514.9,1,"exceed",2.8,0.535,0.535,88.46,5.72,580.039,0
"57th",2016-07-26,2016,208,29.1,0,"low",176.4,0,0.322,82.34,0.16,580.19,0
"57th",2016-08-03,2016,216,11.6,0,"low",18.3,0,0,81.49,4.84,580.397,0
"57th",2016-08-04,2016,217,151.8,0,"moderate",11.6,0,0,86.2,4.04,580.364,0
"57th",2016-08-05,2016,218,3.9,0,"low",151.8,0,0,89.21,5.6,580.276,0
"57th",2016-08-10,2016,223,6.3,0,"low",12,0,0,83.44,4.25,580.18,0
"57th",2016-08-11,2016,224,43.7,0,"low",6.3,0,0,84.22,3.37,580.164,0
"57th",2016-08-12,2016,225,146.5,0,"moderate",43.7,0,0,90.63,9.16,580.105,0
"57th",2016-08-17,2016,230,22.9,0,"low",48.5,0.049,0.263,80.37,1.78,580.308,0
"57th",2016-08-18,2016,231,30.4,0,"low",22.9,0.019,0.068,84.74,5.13,580.249,0
"57th",2016-08-19,2016,232,187.7,0,"moderate",30.4,0.269,0.288,83.46,7.02,580.213,0
"57th",2016-08-24,2016,237,5.7,0,"low",3,0,0,79.66,9.97,579.918,0
"57th",2016-08-30,2016,243,41,0,"low",33.2,0,0,82.87,4.62,580.226,0
"57th",2016-08-31,2016,244,73.7,0,"low",41,0.055,0.055,83.16,0.98,580.223,0
"57th",2016-09-01,2016,245,66,0,"low",73.7,0,0.055,74.64,10.97,580.489,0
"57th",2016-09-02,2016,246,32.6,0,"low",66,0,0,71.68,11.78,580.577,0
"63rd",2006-05-25,2006,145,355.8,1,"exceed",63.2,0.834,0.834,77.03,14.02,577.846,0
"63rd",2006-05-26,2006,146,51.9,0,"low",355.8,0.154,0.988,74.67,12.26,577.922,0
"63rd",2006-06-01,2006,152,189,0,"moderate",1640.5,0,0.32,73.28,8.78,578.078,0
"63rd",2006-06-02,2006,153,74.9,0,"low",189,0,0,68,9.98,578.091,0
"63rd",2006-06-07,2006,158,38.3,0,"low",326,0,0,81.79,13.18,577.94,0
"63rd",2006-06-08,2006,159,16.1,0,"low",38.3,0,0,74.53,5.16,578.118,0
"63rd",2006-06-09,2006,160,1,0,"low",16.1,0,0,76.94,7.32,578.066,0
"63rd",2006-06-14,2006,165,10.3,0,"low",3.1,0,0,66.33,7.91,578.077,0
"63rd",2006-06-15,2006,166,185.6,0,"moderate",10.3,0,0,72.69,7.39,578.113,0
"63rd",2006-06-16,2006,167,186.9,0,"moderate",185.6,0,0,82.99,5.29,578.093,0
"63rd",2006-06-23,2006,174,1849.4,1,"exceed",129.8,0.3,0.36,77.41,2.92,578.022,0
"63rd",2006-06-27,2006,178,256,1,"exceed",1395.2,0.31,0.34,67.37,15.01,578.189,0
"63rd",2006-06-28,2006,179,8,0,"low",256,0,0.31,76.36,3.04,578.035,0
"63rd",2006-06-29,2006,180,56,0,"low",8,0.04,0.04,77.6,6.8,578.013,0
"63rd",2006-06-30,2006,181,63.3,0,"low",56,0,0.04,76.13,3.78,577.952,0
"63rd",2006-07-12,2006,193,87.9,0,"low",472.8,0.501,0.501,75.55,1.81,578.091,0
"63rd",2006-07-13,2006,194,753.7,1,"exceed",87.9,0.091,0.592,74.62,10.45,578.161,0
"63rd",2006-07-14,2006,195,81.3,0,"low",753.7,0,0.091,79.18,6.12,578.034,0
"63rd",2006-07-19,2006,200,377.5,1,"exceed",2419.6,0.09,0.09,79.34,10.38,578.065,0
"63rd",2006-07-20,2006,201,576.9,1,"exceed",377.5,0,0.09,88.16,6.39,578.016,0
"63rd",2006-07-21,2006,202,2419.6,1,"exceed",576.9,0.729,0.729,80.98,4.72,577.928,0
"63rd",2006-07-22,2006,203,793.6,1,"exceed",2419.6,0.03,0.759,76.24,13.7,578.108,0
"63rd",2006-07-26,2006,207,418.8,1,"exceed",894.6,0,0,89.13,13.81,577.764,0
"63rd",2006-07-27,2006,208,650.5,1,"exceed",418.8,0.13,0.13,82.55,13.08,577.861,0
"63rd",2006-07-28,2006,209,2419.6,1,"exceed",650.5,0.02,0.15,85.74,5.65,577.947,0
"63rd",2006-07-29,2006,210,748.2,1,"exceed",2419.6,0,0.02,90.09,3.65,577.942,0
"63rd",2006-08-02,2006,214,85.2,0,"low",249.9,0,0,94.61,14.18,577.792,0
"63rd",2006-08-03,2006,215,2419.6,1,"exceed",85.2,0.38,0.38,94.19,16.33,577.893,0
"63rd",2006-08-04,2006,216,426.9,1,"exceed",2419.6,0.661,1.041,77.37,4.82,578.06,0
"63rd",2006-08-09,2006,221,94.6,0,"low",152.9,0,0,76.64,11.78,578.109,0
"63rd",2006-08-10,2006,222,317.5,1,"exceed",94.6,0.11,0.11,80.72,7.69,577.977,0
"63rd",2006-08-11,2006,223,202.8,0,"moderate",317.5,0.513,0.623,76.38,4.31,578.171,0
"63rd",2006-08-16,2006,228,28.3,0,"low",142.2,0,0,76.72,3,577.826,0
"63rd",2006-08-17,2006,229,237.1,1,"exceed",28.3,0,0,77.73,6.98,577.919,0
"63rd",2006-08-18,2006,230,115.1,0,"low",237.1,0,0,79.44,6.04,577.95,0
"63rd",2006-08-23,2006,235,1216.1,1,"exceed",686.8,0,0,81.31,1.58,577.883,0
"63rd",2006-08-24,2006,236,2419.6,1,"exceed",1216.1,0,0,85.51,4.53,577.925,0
"63rd",2006-08-25,2006,237,447.8,1,"exceed",2419.6,0.562,0.562,82.81,6.33,577.945,0
"63rd",2006-08-30,2006,242,67.1,0,"low",245.4,0.089,1.457,68.26,11.67,578.246,0
"63rd",2006-08-31,2006,243,72.1,0,"low",67.1,0.09,0.179,73.14,11.67,578.4,0
"63rd",2006-09-01,2006,244,153.5,0,"moderate",72.1,0,0.09,72.79,12.91,578.358,0
"63rd",2007-05-30,2007,150,5.1,0,"low",24.7,0,0,85.33,6.56,577.877,0
"63rd",2007-05-31,2007,151,6.8,0,"low",5.1,0,0,87.18,9.04,577.828,0
"63rd",2007-06-01,2007,152,269.3,1,"exceed",6.8,0.22,0.22,78.22,7.47,577.775,0
"63rd",2007-06-06,2007,157,100.9,0,"low",145.6,0.27,0.52,61.79,9.17,577.92,0
"63rd",2007-06-07,2007,158,100.2,0,"low",100.9,0,0.27,79.6,7.87,577.75,0
"63rd",2007-06-08,2007,159,474.7,1,"exceed",100.2,0,0,91.33,18.69,577.59,0
"63rd",2007-06-13,2007,164,131.4,0,"moderate",151.7,0,0,74.89,7.5,577.911,0
"63rd",2007-06-14,2007,165,113.5,0,"low",131.4,0,0,76.19,6.68,577.919,0
"63rd",2007-06-15,2007,166,34.5,0,"low",113.5,0,0,77.08,5.16,577.939,0
"63rd",2007-06-20,2007,171,106.8,0,"low",435.1,0.54,0.54,79.76,8.1,577.746,0
"63rd",2007-06-21,2007,172,108.5,0,"low",106.8,0,0.54,79.86,1.28,577.675,0
"63rd",2007-06-22,2007,173,434.4,1,"exceed",108.5,0,0,78.58,3.64,577.785,0
"63rd",2007-06-27,2007,178,19.9,0,"low",74,0,0,85.6,6.6,577.738,0
"63rd",2007-06-28,2007,179,1565.1,1,"exceed",19.9,0.35,0.35,86.71,6.95,577.706,0
"63rd",2007-06-29,2007,180,706.9,1,"exceed",1565.1,0,0.35,74.33,10.37,578.045,0
"63rd",2007-07-04,2007,185,2419.7,1,"exceed",54.6,0.01,0.01,80.45,6.32,577.696,0
"63rd",2007-07-05,2007,186,727.8,1,"exceed",2419.7,0.55,0.56,78.5,2.51,577.806,0
"63rd",2007-07-06,2007,187,1094,1,"exceed",727.8,0,0.55,79.13,2.49,577.759,0
"63rd",2007-07-07,2007,188,146.7,0,"moderate",1094,0,0,78.7,3.23,577.738,0
"63rd",2007-07-11,2007,192,1367.1,1,"exceed",1732.9,0.15,0.28,86.35,7.36,577.716,0
"63rd",2007-07-12,2007,193,172.2,0,"moderate",1367.1,0,0.15,76.18,5.82,577.669,0
"63rd",2007-07-13,2007,194,144.7,0,"moderate",172.2,0,0,79.26,8.56,577.625,0
"63rd",2007-07-18,2007,199,96,0,"low",130.5,0.11,0.11,82.24,5.07,577.769,0
"63rd",2007-07-19,2007,200,344.8,1,"exceed",96,0.641,0.751,84.52,7.8,577.683,0
"63rd",2007-07-20,2007,201,557.2,1,"exceed",344.8,0.116,0.758,77.98,6.5,577.95,0
"63rd",2007-07-25,2007,206,744.9,1,"exceed",387.9,0,0,76.52,1.26,577.688,0
"63rd",2007-07-26,2007,207,2419.6,1,"exceed",744.9,0,0,81.12,5.96,577.674,0
"63rd",2007-07-27,2007,208,2419.6,1,"exceed",2419.6,0.691,0.691,83.05,6.74,577.661,0
"63rd",2007-07-28,2007,209,242.8,1,"exceed",2419.6,0.06,0.751,78.09,1.77,577.755,0
"63rd",2007-07-29,2007,210,140,0,"moderate",242.8,0,0.06,76.46,9.87,577.925,0
"63rd",2007-07-30,2007,211,359.7,1,"exceed",140,0,0,78.92,5.66,577.829,0
"63rd",2007-07-31,2007,212,435.1,1,"exceed",359.7,0,0,81.02,5.08,577.699,0
"63rd",2007-08-01,2007,213,373.8,1,"exceed",435.1,0,0,84.5,2.53,577.675,0
"63rd",2007-08-02,2007,214,203.636563514512,0,"moderate",373.8,0,0,85.93,2.39,577.682,0
"63rd",2007-08-03,2007,215,899.833540161735,1,"exceed",203.636563514512,0,0,89.33,5.79,577.563,0
"63rd",2007-08-04,2007,216,461.5,1,"exceed",899.833540161735,0,0,80.98,3.99,577.671,0
"63rd",2007-08-05,2007,217,180.6,0,"moderate",461.5,0.024,0.024,77.95,4.5,577.646,0
"63rd",2007-08-06,2007,218,365.9,1,"exceed",180.6,0.911,0.936,85.48,6.03,577.639,0
"63rd",2007-08-07,2007,219,447.5,1,"exceed",365.9,0.02,0.931,81.69,1.91,577.629,0
"63rd",2007-08-08,2007,220,1773.3,1,"exceed",447.5,0.14,0.16,91.52,5.37,577.645,0
"63rd",2007-08-09,2007,221,1849.4,1,"exceed",1773.3,0.299,0.439,83.4,3.12,577.665,0
"63rd",2007-08-10,2007,222,1128.8,1,"exceed",1849.4,0.2,0.499,85.21,1.92,577.71,0
"63rd",2007-08-11,2007,223,1346.5,1,"exceed",1128.8,0,0.2,80.84,3.86,577.749,0
"63rd",2007-08-12,2007,224,711,1,"exceed",1346.5,0,0,87.18,2.13,577.58,0
"63rd",2007-08-13,2007,225,431.4,1,"exceed",711,0.23,0.23,80.71,1.34,577.689,0
"63rd",2007-08-14,2007,226,354.8,1,"exceed",431.4,0,0.23,77.04,6.5,577.607,0
"63rd",2007-08-15,2007,227,474.6,1,"exceed",354.8,0.42,0.42,83.57,6.76,577.495,0
"63rd",2007-08-16,2007,228,356.4,1,"exceed",474.6,1.18,1.6,78.68,4.6,577.561,0
"63rd",2007-08-17,2007,229,578.9,1,"exceed",356.4,0,1.18,75.45,4.11,577.507,0
"63rd",2007-08-18,2007,230,80.1,0,"low",578.9,0.08,0.08,75.44,4.33,577.521,0
"63rd",2007-08-22,2007,234,144,0,"moderate",2419.6,0.024,0.828,83.35,2.98,577.727,0
"63rd",2007-08-23,2007,235,118.1,0,"low",144,1.061,1.084,89.53,5.18,577.464,0
"63rd",2007-08-24,2007,236,1062.6,1,"exceed",118.1,1.216,2.276,87.85,7.95,577.425,1
"63rd",2007-08-25,2007,237,1122,1,"exceed",1062.6,0.29,1.506,80.78,5.89,577.509,1
"63rd",2007-08-26,2007,238,920.8,1,"exceed",1122,0.226,0.516,73.07,2.74,577.618,0
"63rd",2007-08-27,2007,239,64.4,0,"low",920.8,0,0.226,74.92,1.91,577.588,0
"63rd",2007-08-28,2007,240,157.6,0,"moderate",64.4,0,0,82.29,5.36,577.524,0
"63rd",2007-08-29,2007,241,101.8,0,"low",157.6,0,0,91.48,7.23,577.484,0
"63rd",2007-08-30,2007,242,345.6,1,"exceed",101.8,0,0,83.24,3.49,577.699,0
"63rd",2007-08-31,2007,243,283,1,"exceed",345.6,0,0,71.41,11.55,577.78,0
"63rd",2007-09-01,2007,244,43,0,"low",283,0,0,73.62,6.49,577.626,0
"63rd",2008-05-29,2008,150,23.1,0,"low",82.5,0,0,54.91,9.47,577.973,0
"63rd",2008-05-30,2008,151,223.6,0,"moderate",23.1,0.13,0.13,62.35,3.22,577.753,0
"63rd",2008-06-04,2008,156,34.3,0,"low",158.1,0.56,0.56,67.67,4.4,577.949,0
"63rd",2008-06-05,2008,157,19.4,0,"low",34.3,0,0.56,68.55,5.61,578.065,0
"63rd",2008-06-06,2008,158,1,0,"low",19.4,0.25,0.25,86.63,12.93,577.936,0
"63rd",2008-06-11,2008,163,3.9,0,"low",3.5,0.01,0.38,80.47,8.22,577.908,0
"63rd",2008-06-12,2008,164,43.7,0,"low",3.9,0,0.01,83.53,13.11,578.155,0
"63rd",2008-06-13,2008,165,59.9,0,"low",43.7,0,0,88.55,20.87,578.215,0
"63rd",2008-06-18,2008,170,2.7,0,"low",8.5,0,0,75.28,9.16,578.079,0
"63rd",2008-06-19,2008,171,16.1,0,"low",2.7,0,0,67.63,6.35,578.15,0
"63rd",2008-06-20,2008,172,6.3,0,"low",16.1,0.01,0.01,73.52,3.37,578.13,0
"63rd",2008-06-25,2008,177,17.1,0,"low",12.9,0,0,76.01,4.74,578.148,0
"63rd",2008-06-26,2008,178,34.9,0,"low",17.1,0.207,0.207,80.94,10.51,578.1,0
"63rd",2008-06-27,2008,179,11.7,0,"low",34.9,0,0.207,85.24,7.29,578.16,0
"63rd",2008-07-02,2008,184,4.4,0,"low",5.7,0,0,82.06,8.15,578.09,0
"63rd",2008-07-03,2008,185,64.5,0,"low",4.4,0.01,0.01,86.32,13.29,578.098,0
"63rd",2008-07-09,2008,191,40.1,0,"low",33.6,0.621,0.838,83.65,8.95,578.235,0
"63rd",2008-07-10,2008,192,20.1,0,"low",40.1,0.131,0.752,77.32,3.09,578.223,0
"63rd",2008-07-11,2008,193,320.5,1,"exceed",20.1,0.341,0.472,82.53,11.17,578.145,0
"63rd",2008-07-12,2008,194,33.9,0,"low",320.5,0.041,0.382,82.3,5.55,578.464,0
"63rd",2008-07-16,2008,198,2.5,0,"low",6.2,0,0,89.2,8.32,578.149,0
"63rd",2008-07-17,2008,199,21.7,0,"low",2.5,0,0,88.24,6.01,578.227,0
"63rd",2008-07-18,2008,200,3.6,0,"low",21.7,0,0,88.11,8.78,578.239,0
"63rd",2008-07-23,2008,205,26.8,0,"low",20.9,0.06,0.138,71.7,9.53,578.575,0
"63rd",2008-07-24,2008,206,3.2,0,"low",26.8,0,0.06,75.05,9.39,578.516,0
"63rd",2008-07-25,2008,207,10.9,0,"low",3.2,0,0,78.87,0.98,578.37,0
"63rd",2008-07-30,2008,212,8.7,0,"low",35.9,0.19,0.19,86.78,4.35,578.319,0
"63rd",2008-07-31,2008,213,46.9,0,"low",8.7,0.04,0.23,83.16,5.14,578.298,0
"63rd",2008-08-01,2008,214,52.7,0,"low",46.9,0.7,0.74,82.1,3.53,578.233,0
"63rd",2008-08-06,2008,219,15.9,0,"low",148.6,0.09,0.651,79.86,1.62,578.461,0
"63rd",2008-08-07,2008,220,23.2,0,"low",15.9,0.01,0.1,79.94,3.65,578.291,0
"63rd",2008-08-08,2008,221,18.8,0,"low",23.2,0.01,0.02,76.73,7.19,578.517,0
"63rd",2008-08-13,2008,226,29.6,0,"low",11.2,0,0,73.47,3.38,578.41,0
"63rd",2008-08-14,2008,227,44.9,0,"low",29.6,0,0,73.31,2.75,578.427,0
"63rd",2008-08-15,2008,228,34.3,0,"low",44.9,0,0,73.57,8.06,578.574,0
"63rd",2008-08-20,2008,233,7.8,0,"low",237.4,0,0,77.36,5.8,578.565,0
"63rd",2008-08-21,2008,234,6.3,0,"low",7.8,0,0,75.98,6.49,578.485,0
"63rd",2008-08-22,2008,235,22.6,0,"low",6.3,0,0,79.27,6.5,578.367,0
"63rd",2008-08-27,2008,240,22.7,0,"low",17.3,0,0,72.13,9.55,578.403,0
"63rd",2008-08-28,2008,241,14.6,0,"low",22.7,0,0,74.99,4.72,578.309,0
"63rd",2008-08-29,2008,242,164.5,0,"moderate",14.6,0.02,0.02,79.53,6.18,578.204,0
"63rd",2009-05-28,2009,148,667.6,1,"exceed",1304.2,0.042,1.043,71.8,1.71,579.11,0
"63rd",2009-05-29,2009,149,143.9,0,"moderate",667.6,0,0.042,60.83,4.99,578.911,0
"63rd",2009-06-03,2009,154,34.4,0,"low",67.6,0.01,1.079,55.4,9.58,579.017,0
"63rd",2009-06-04,2009,155,101.5,0,"low",34.4,0,0.01,56.87,11.42,579.015,0
"63rd",2009-06-05,2009,156,13.2,0,"low",101.5,0,0,66.12,6.64,578.901,0
"63rd",2009-06-10,2009,161,62.8,0,"low",73.7,0,0.08,63.41,5.5,579.142,0
"63rd",2009-06-11,2009,162,226.1,0,"moderate",62.8,0.082,0.082,60.72,7.89,579.027,0
"63rd",2009-06-12,2009,163,26.8,0,"low",226.1,0.861,0.943,59.46,9.48,579.194,0
"63rd",2009-06-17,2009,168,178.3,0,"moderate",924.2,0.855,1.136,67.78,9.54,579.153,0
"63rd",2009-06-18,2009,169,12.5,0,"low",178.3,0,0.855,70.39,2.37,579.141,0
"63rd",2009-06-19,2009,170,650.5,1,"exceed",12.5,0.134,0.134,80.41,4.25,579.036,0
"63rd",2009-06-20,2009,171,85.8,0,"low",650.5,1.019,1.154,87.32,6.91,578.927,0
"63rd",2009-06-24,2009,175,316.7,1,"exceed",54.3,0,0.08,85.64,3.52,579.09,0
"63rd",2009-06-25,2009,176,2419.6,1,"exceed",316.7,0.07,0.07,88.36,0.85,579.048,0
"63rd",2009-06-26,2009,177,2419.6,1,"exceed",2419.6,0,0.07,83.17,1.58,579.084,0
"63rd",2009-06-27,2009,178,1355.5,1,"exceed",2419.6,0,0,77.83,5.62,579.098,0
"63rd",2009-06-28,2009,179,547.4,1,"exceed",1355.5,0.05,0.05,86.33,1.52,579.067,0
"63rd",2009-06-29,2009,180,178.6,0,"moderate",547.4,0,0.05,81.85,12.48,579.02,0
"63rd",2009-06-30,2009,181,1420.8,1,"exceed",178.6,0,0,76.32,10.68,578.95,0
"63rd",2009-07-01,2009,182,83.8,0,"low",1420.8,0,0,68.38,7.36,579.061,0
"63rd",2009-07-02,2009,183,118.4,0,"low",83.8,0,0,65.09,5.02,579.068,0
"63rd",2009-07-08,2009,189,107.4,0,"low",148.6,0,0,71.19,5.44,579.018,0
"63rd",2009-07-09,2009,190,376.3,1,"exceed",107.4,0.17,0.17,68.3,6.35,579.049,0
"63rd",2009-07-10,2009,191,184.9,0,"moderate",376.3,0,0.17,75.34,5.15,579.128,0
"63rd",2009-07-15,2009,196,2419.6,1,"exceed",310,0,0,78.51,6.36,578.959,0
"63rd",2009-07-16,2009,197,918.3,1,"exceed",2419.6,0.7,0.7,85.27,7.86,578.83,0
"63rd",2009-07-17,2009,198,1126,1,"exceed",918.3,0.17,0.87,81.04,7.33,578.827,0
"63rd",2009-07-18,2009,199,290.9,1,"exceed",1126,0,0.17,68.54,7.73,578.958,0
"63rd",2009-07-22,2009,203,727.8,1,"exceed",600.6,0,0,75.97,4.53,579.032,0
"63rd",2009-07-23,2009,204,162.1,0,"moderate",727.8,0,0,73.61,2.46,579.107,0
"63rd",2009-07-24,2009,205,59.7,0,"low",162.1,0.17,0.17,74.35,2.4,579.058,0
"63rd",2009-07-29,2009,210,1177.2,1,"exceed",1591,0.04,0.04,83.24,4.78,578.877,0
"63rd",2009-07-30,2009,211,723.7,1,"exceed",1177.2,0,0.04,73.21,4.86,578.896,0
"63rd",2009-07-31,2009,212,201.5,0,"moderate",723.7,0,0,77.32,5.47,578.84,0
"63rd",2009-08-05,2009,217,2419.6,1,"exceed",630.9,0,0.06,77.74,1.15,578.907,0
"63rd",2009-08-06,2009,218,1646.1,1,"exceed",2419.6,0,0,73.02,5.27,578.799,0
"63rd",2009-08-07,2009,219,387.3,1,"exceed",1646.1,0,0,74.69,2.36,578.84,0
"63rd",2009-08-12,2009,224,1061.3,1,"exceed",2419.6,0,0,75.04,5.56,579.043,0
"63rd",2009-08-13,2009,225,667.6,1,"exceed",1061.3,0,0,75.29,5.27,578.94,0
"63rd",2009-08-14,2009,226,711,1,"exceed",667.6,0,0,80.2,2.96,578.885,0
"63rd",2009-08-19,2009,231,299.1,1,"exceed",1106.7,0.06,0.594,83.33,6.27,578.846,0
"63rd",2009-08-20,2009,232,78.4,0,"low",299.1,0.265,0.325,78.75,4.24,578.865,0
"63rd",2009-08-21,2009,233,639.7,1,"exceed",78.4,0.086,0.352,76.53,12.49,578.875,0
"63rd",2009-08-26,2009,238,1087.1,1,"exceed",1367.1,0,0,79.75,9.11,578.733,0
"63rd",2009-08-27,2009,239,350.2,1,"exceed",1087.1,0.498,0.498,71.4,3.47,578.996,0
"63rd",2009-08-28,2009,240,402.1,1,"exceed",350.2,0.791,1.29,67.53,10.51,579.078,0
"63rd",2009-09-02,2009,245,36,0,"low",138.5,0,0,67.6,4.67,578.965,0
"63rd",2009-09-03,2009,246,457.6,1,"exceed",36,0,0,68.52,4.19,578.963,0
"63rd",2010-05-27,2010,147,1667.2,1,"exceed",120.1,0,0,76.98,3.3,578.118,0
"63rd",2010-05-28,2010,148,872.1,1,"exceed",1667.2,0,0,67.62,11.43,578.183,0
"63rd",2010-06-03,2010,154,196.5,0,"moderate",2419.6,1.28,1.28,75.57,2.57,578.187,0
"63rd",2010-06-04,2010,155,154.3,0,"moderate",196.5,0,1.28,68.28,7.79,578.22,0
"63rd",2010-06-09,2010,160,9.5,0,"low",258.1,0.306,0.306,70.76,8.19,578.131,0
"63rd",2010-06-10,2010,161,204.1,0,"moderate",9.5,0,0.306,82.47,7.71,578.265,0
"63rd",2010-06-11,2010,162,49.2,0,"low",204.1,0,0,79.56,3.89,578.175,0
"63rd",2010-06-16,2010,167,15.9,0,"low",29,0.573,0.713,77.2,0.73,578.43,0
"63rd",2010-06-17,2010,168,47.3,0,"low",15.9,0,0.573,80.12,5.38,578.48,0
"63rd",2010-06-18,2010,169,40.9,0,"low",47.3,0,0,76.8,4.98,578.355,0
"63rd",2010-06-23,2010,174,1405.5,1,"exceed",25.5,0.931,1.305,85.91,6.76,578.446,0
"63rd",2010-06-24,2010,175,366.8,1,"exceed",1405.5,1.212,2.143,86.59,8.9,578.17,0
"63rd",2010-06-25,2010,176,22.9,0,"low",366.8,0.109,1.321,76.27,1.78,578.34,0
"63rd",2010-06-30,2010,181,11.2,0,"low",31.4,0,1.28,69.75,7.86,578.385,0
"63rd",2010-07-01,2010,182,112.1,0,"low",11.2,0,0,70.16,4.35,578.399,0
"63rd",2010-07-02,2010,183,11.5,0,"low",112.1,0,0,74.57,5.84,578.397,0
"63rd",2010-07-08,2010,189,950.1,1,"exceed",17.7,0.106,0.136,90.16,3.54,578.271,0
"63rd",2010-07-09,2010,190,855.1,1,"exceed",950.1,0.248,0.354,80.03,0.87,578.34,0
"63rd",2010-07-14,2010,195,14,0,"low",61.1,0.066,0.079,81.09,4.94,578.445,0
"63rd",2010-07-15,2010,196,903.1,1,"exceed",14,0,0.066,88.62,7.72,578.348,0
"63rd",2010-07-16,2010,197,58.1,0,"low",903.1,0,0,90.75,6.4,578.358,0
"63rd",2010-07-21,2010,202,2.9,0,"low",16.7,0,0,82.29,5.94,578.354,0
"63rd",2010-07-22,2010,203,27.1,0,"low",2.9,0,0,82.93,0.34,578.33,0
"63rd",2010-07-23,2010,204,30.2,0,"low",27.1,1.56,1.56,87.87,7.93,578.234,0
"63rd",2010-07-28,2010,209,17.1,0,"low",98.4,0,0,86.99,5.42,578.336,0
"63rd",2010-07-29,2010,210,19.9,0,"low",17.1,0,0,88.99,5.01,578.268,0
"63rd",2010-07-30,2010,211,32.2,0,"low",19.9,0,0,77.93,5.51,578.413,0
"63rd",2010-08-04,2010,216,1013,1,"exceed",293.6,1.249,1.319,82.55,3.1,578.278,0
"63rd",2010-08-05,2010,217,6.2,0,"low",1013,0.57,1.819,79.32,3,578.327,0
"63rd",2010-08-06,2010,218,55.4,0,"low",6.2,0,0.57,84.35,7.94,578.252,0
"63rd",2010-08-11,2010,223,11.1,0,"low",106.1,0,0,82.32,3.69,578.372,0
"63rd",2010-08-12,2010,224,68.3,0,"low",11.1,0,0,89.56,3.37,578.417,0
"63rd",2010-08-13,2010,225,6.8,0,"low",68.3,0,0,84.3,2.75,578.441,0
"63rd",2010-08-18,2010,230,44.6,0,"low",19.3,0.014,0.014,75.39,2.59,578.056,0
"63rd",2010-08-19,2010,231,27.3,0,"low",44.6,0.07,0.084,80.05,2.11,578.04,0
"63rd",2010-08-20,2010,232,180.8,0,"moderate",27.3,0,0.07,85.98,4.37,578.133,0
"63rd",2010-08-25,2010,237,59.7,0,"low",6.2,0,0,77.85,4.21,578.324,0
"63rd",2010-08-26,2010,238,46.1,0,"low",59.7,0,0,76.19,8.25,578.394,0
"63rd",2010-08-27,2010,239,27,0,"low",46.1,0,0,75.2,3.41,578.22,0
"63rd",2010-09-01,2010,244,175.9,0,"moderate",44.7,0,0,90.4,11.47,577.888,0
"63rd",2010-09-02,2010,245,94.6,0,"low",175.9,0.168,0.168,80.62,5.43,578.083,0
"63rd",2010-09-03,2010,246,49.2,0,"low",94.6,0.636,0.804,81.86,7.22,578.112,0
"63rd",2011-06-02,2011,153,120.2,0,"low",9.5,0,0,81.54,10.52,577.848,0
"63rd",2011-06-03,2011,154,191.8,0,"moderate",120.2,0,0,70.6,6.44,578.122,0
"63rd",2011-06-08,2011,159,6.8,0,"low",3.1,0,0,95.34,9.6,578.207,0
"63rd",2011-06-09,2011,160,1481.7,1,"exceed",6.8,0,0,94.1,11.08,578.026,0
"63rd",2011-06-10,2011,161,69.8,0,"low",1481.7,2.708,2.708,72.99,5.91,578.433,0
"63rd",2011-06-14,2011,165,69,0,"low",9,0,0,64.4,6.49,578.269,0
"63rd",2011-06-15,2011,166,144.7,0,"moderate",69,0.051,0.051,70.37,6.24,578.393,0
"63rd",2011-06-16,2011,167,58.3,0,"low",144.7,0.528,0.58,70.77,9.49,578.392,0
"63rd",2011-06-17,2011,168,16.5,0,"low",58.3,0.09,0.618,78.83,4.42,578.404,0
"63rd",2011-06-22,2011,173,6.7,0,"low",18.8,0.08,0.552,87.52,12.1,578.507,0
"63rd",2011-06-23,2011,174,6.7,0,"low",6.7,0.02,0.1,73.42,12.49,578.479,0
"63rd",2011-06-24,2011,175,1.4,0,"low",6.7,0.05,0.07,71.13,10.96,578.452,0
"63rd",2011-06-29,2011,180,5.7,0,"low",2.3,0,0.1,76.42,4.21,578.418,0
"63rd",2011-06-30,2011,181,8.6,0,"low",5.7,0,0,74.7,2.79,578.346,0
"63rd",2011-07-01,2011,182,24.2,0,"low",8.6,0.259,0.259,85.11,6.84,578.499,0
"63rd",2011-07-07,2011,188,751.4,1,"exceed",17.2,0,0,81.16,5.61,578.427,0
"63rd",2011-07-08,2011,189,5.7,0,"low",751.4,0.07,0.07,74.22,4.81,578.479,0
"63rd",2011-07-13,2011,194,12.1,0,"low",20.2,0.01,0.13,81.63,4.64,578.425,0
"63rd",2011-07-14,2011,195,4.4,0,"low",12.1,0,0.01,71.87,11.48,578.567,0
"63rd",2011-07-15,2011,196,5.1,0,"low",4.4,0,0,75.91,6.42,578.524,0
"63rd",2011-07-20,2011,201,843.5,1,"exceed",31.3,0,0,83.25,2.76,578.506,0
"63rd",2011-07-21,2011,202,5.1,0,"low",843.5,0,0,97.88,6.21,578.262,0
"63rd",2011-07-22,2011,203,1849.4,1,"exceed",5.1,0.01,0.01,97.97,4.13,578.262,0
"63rd",2011-07-23,2011,204,108.6,0,"low",1849.4,0.607,0.617,88.07,3.55,578.352,0
"63rd",2011-07-24,2011,205,74.7,0,"low",108.6,0.16,0.767,82.16,0.91,578.388,0
"63rd",2011-07-25,2011,206,63.3,0,"low",74.7,0.202,0.362,83.24,1.1,578.48,0
"63rd",2011-07-26,2011,207,17,0,"low",63.3,0.02,0.222,77.95,3.12,578.434,1
"63rd",2011-07-27,2011,208,4.6,0,"low",17,0.01,0.03,80.32,4.2,578.367,0
"63rd",2011-07-28,2011,209,61.5,0,"low",4.6,0,0.01,89.28,6.21,578.342,0
"63rd",2011-07-29,2011,210,214.5,0,"moderate",61.5,0.541,0.541,83.34,3.33,578.504,0
"63rd",2011-08-03,2011,215,687.1,1,"exceed",22,0.28,0.28,91.19,7.48,578.36,0
"63rd",2011-08-04,2011,216,81.5,0,"low",687.1,0,0.28,80.06,8.15,578.64,0
"63rd",2011-08-05,2011,217,24.5,0,"low",81.5,0,0,77.93,6.19,578.494,0
"63rd",2011-08-10,2011,222,93.6,0,"low",25.7,0.01,0.26,81.19,8.88,578.409,0
"63rd",2011-08-11,2011,223,10.2,0,"low",93.6,0,0.01,74.28,4.72,578.37,0
"63rd",2011-08-12,2011,224,12.6,0,"low",10.2,0,0,77.07,1.39,578.252,0
"63rd",2011-08-17,2011,229,18.6,0,"low",20.4,0,0,80.05,2.53,578.422,0
"63rd",2011-08-18,2011,230,62,0,"low",18.6,0,0,82.63,5.92,578.338,0
"63rd",2011-08-19,2011,231,74,0,"low",62,0,0,78.59,3.53,578.409,0
"63rd",2011-08-24,2011,236,25,0,"low",21.2,0.295,0.295,79.02,9.48,577.898,0
"63rd",2011-08-25,2011,237,135.4,0,"moderate",25,0,0.295,90.98,8.78,578.087,0
"63rd",2011-08-26,2011,238,17.1,0,"low",135.4,0,0,74.88,5.64,578.259,0
"63rd",2011-08-31,2011,243,15.3,0,"low",22.3,0.01,0.01,79.57,6.66,578.113,0
"63rd",2011-09-01,2011,244,37.6,0,"low",15.3,0.06,0.07,87.69,6.27,578.181,0
"63rd",2011-09-02,2011,245,23.7,0,"low",37.6,0,0.06,92.59,5.06,578.263,0
"63rd",2012-05-24,2012,145,252.2,1,"exceed",1014.8,0,0.011,71.99,4.17,577.847,0
"63rd",2012-05-25,2012,146,63.1,0,"low",252.2,0,0,85.69,15.1,577.695,0
"63rd",2012-05-31,2012,152,422.6,1,"exceed",331.3,0,0.006,67.79,6.16,577.868,0
"63rd",2012-06-01,2012,153,214.5,0,"moderate",422.6,0.602,0.602,54.61,12.72,577.991,0
"63rd",2012-06-06,2012,158,16.8,0,"low",83.9,0,0,63.4,8.94,578.029,0
"63rd",2012-06-07,2012,159,159.5,0,"moderate",16.8,0,0,68.17,6.47,577.873,0
"63rd",2012-06-08,2012,160,21.3,0,"low",159.5,0,0,71.31,3.03,577.767,0
"63rd",2012-06-13,2012,165,65.5,0,"low",770.1,0,0.024,76.76,6.65,577.847,0
"63rd",2012-06-14,2012,166,20.3,0,"low",65.5,0,0,66.83,7.35,577.781,0
"63rd",2012-06-15,2012,167,28.2,0,"low",20.3,0,0,76.79,6.6,577.847,0
"63rd",2012-06-20,2012,172,5.7,0,"low",45.3,0,0,89.8,13.86,577.656,0
"63rd",2012-06-21,2012,173,19.2,0,"low",5.7,0,0,89.72,13.44,577.635,0
"63rd",2012-06-22,2012,174,87.9,0,"low",19.2,0.034,0.034,80.81,5.83,577.678,0
"63rd",2012-06-27,2012,179,19.2,0,"low",22.2,0,0,73.99,6.15,577.866,0
"63rd",2012-06-28,2012,180,26.6,0,"low",19.2,0,0,87.62,10.78,577.697,0
"63rd",2012-06-29,2012,181,114.5,0,"low",26.6,0.099,0.099,98.25,7.01,577.777,0
"63rd",2012-07-07,2012,189,2420,1,"exceed",531,0,0,91.32,2.46,577.785,0
"63rd",2012-07-08,2012,190,301.6,1,"exceed",2420,0,0,91.72,6.59,577.941,0
"63rd",2012-07-09,2012,191,249.4,1,"exceed",301.6,0.074,0.074,77.58,12.68,577.964,0
"63rd",2012-07-10,2012,192,89.3,0,"low",249.4,0,0.074,80.42,4.71,577.932,0
"63rd",2012-07-11,2012,193,22.6,0,"low",89.3,0,0,76.74,10.59,577.973,0
"63rd",2012-07-12,2012,194,37.8,0,"low",22.6,0,0,79.73,6.65,577.899,0
"63rd",2012-07-13,2012,195,22.2,0,"low",37.8,0,0,84.05,6.46,577.818,0
"63rd",2012-07-18,2012,200,630.8,1,"exceed",18.3,0,0,97.9,7.94,577.557,0
"63rd",2012-07-19,2012,201,122.5,0,"low",630.8,0.007,0.007,83.38,5.73,577.851,0
"63rd",2012-07-20,2012,202,30.5,0,"low",122.5,1.019,1.026,79.64,3.36,578.002,0
"63rd",2012-07-25,2012,207,236.1,1,"exceed",2420,0.219,0.232,87.49,5.4,577.691,0
"63rd",2012-07-26,2012,208,242,1,"exceed",236.1,0.004,0.223,97.89,8.24,577.568,0
"63rd",2012-07-27,2012,209,56.7,0,"low",242,0.09,0.094,88.41,6.57,577.626,0
"63rd",2012-08-01,2012,214,24.8,0,"low",453.5,0.461,0.461,81.15,3.94,577.69,0
"63rd",2012-08-02,2012,215,100.2,0,"low",24.8,0,0.461,81.65,5.1,577.611,0
"63rd",2012-08-03,2012,216,37.7,0,"low",100.2,0,0,86.88,3.51,577.487,0
"63rd",2012-08-08,2012,221,44.6,0,"low",13.4,0,0,91.01,6.09,577.429,0
"63rd",2012-08-09,2012,222,30.6,0,"low",44.6,0.028,0.028,80.26,7.71,577.633,0
"63rd",2012-08-10,2012,223,547,1,"exceed",30.6,0.004,0.031,74.5,8.27,577.712,0
"63rd",2012-08-11,2012,224,62.2,0,"low",547,0.3,0.304,72.55,15.21,578.254,0
"63rd",2012-08-15,2012,228,140.8,0,"moderate",127.5,0.052,0.316,76.36,0.66,577.66,0
"63rd",2012-08-16,2012,229,121.1,0,"low",140.8,0,0.052,84.43,5.01,577.546,0
"63rd",2012-08-17,2012,230,85.4,0,"low",121.1,0.244,0.244,75.23,7.39,577.427,0
"63rd",2012-08-22,2012,235,10.1,0,"low",54.6,0,0.384,73.69,2.17,577.366,0
"63rd",2012-08-23,2012,236,1.8,0,"low",10.1,0,0,79.22,4.51,577.252,0
"63rd",2012-08-24,2012,237,23.8,0,"low",1.8,0,0,87.62,7.44,577.205,0
"63rd",2012-08-29,2012,242,26.9,0,"low",47.3,0,0.007,78.39,4.43,577.305,0
"63rd",2012-08-30,2012,243,5.9,0,"low",26.9,0,0,77.54,5.46,577.268,0
"63rd",2012-08-31,2012,244,16.3,0,"low",5.9,0,0,87.98,9.43,576.952,0
"63rd",2012-09-12,2012,256,130,0,"moderate",126,0,0,81.71,10.73,576.84,0
"63rd",2012-09-13,2012,257,1938.7,1,"exceed",130,0,0,84.5,9.62,576.874,0
"63rd",2013-05-23,2013,143,2420,1,"exceed",118.5,0.308,0.602,71.9,6.06,577.623,0
"63rd",2013-05-24,2013,144,115.9,0,"low",2420,0.057,0.365,55.41,18.77,578.166,0
"63rd",2013-05-30,2013,150,12,0,"low",219.5,0.03,1.07,80.72,6.48,577.632,0
"63rd",2013-05-31,2013,151,18.7,0,"low",12,0.311,0.342,81.44,14.09,577.582,0
"63rd",2013-06-05,2013,156,32.2,0,"low",22.2,0,0,64.4,4.09,577.762,0
"63rd",2013-06-06,2013,157,24.5,0,"low",32.2,0,0,68.63,5.11,577.928,0
"63rd",2013-06-07,2013,158,6,0,"low",24.5,0.06,0.06,59.45,8.69,577.971,0
"63rd",2013-06-12,2013,163,481.4,1,"exceed",20.4,0.328,0.478,79.67,1.73,577.747,0
"63rd",2013-06-13,2013,164,88.5,0,"low",481.4,0.658,0.986,81.45,1.11,577.887,0
"63rd",2013-06-14,2013,165,5.5,0,"low",88.5,0.066,0.724,64.37,11.77,578.018,0
"63rd",2013-06-19,2013,170,26,0,"low",76,0,0.065,63.39,12.53,578.197,0
"63rd",2013-06-20,2013,171,20.4,0,"low",26,0,0,68.33,5.98,577.927,0
"63rd",2013-06-21,2013,172,3.9,0,"low",20.4,0,0,78.71,5.77,577.877,0
"63rd",2013-06-26,2013,177,168.8,0,"moderate",1675.8,0.004,0.18,85.15,4.84,577.835,0
"63rd",2013-06-27,2013,178,30.3,0,"low",168.8,0.174,0.177,79.79,3.76,577.893,0
"63rd",2013-06-28,2013,179,25.7,0,"low",30.3,0.784,0.957,88.48,2.81,577.911,0
"63rd",2013-07-03,2013,184,20.5,0,"low",6,0,0,65.45,11.43,578.215,0
"63rd",2013-07-10,2013,191,65.9,0,"low",102.8,0.006,0.272,83.53,6.26,577.957,0
"63rd",2013-07-11,2013,192,54.4,0,"low",65.9,0,0.006,80.09,3.23,577.85,0
"63rd",2013-07-12,2013,193,175.1,0,"moderate",54.4,0,0,74.62,4.57,577.914,0
"63rd",2013-07-17,2013,198,40.9,0,"low",23.4,0.006,0.02,89.96,5.62,577.91,0
"63rd",2013-07-18,2013,199,76.2,0,"low",40.9,0,0.006,88.94,2.54,577.791,0
"63rd",2013-07-19,2013,200,3.5,0,"low",76.2,0,0,93.08,6.58,577.741,0
"63rd",2013-07-24,2013,205,59.4,0,"low",128,0.021,0.021,78.97,7.93,578.108,0
"63rd",2013-07-25,2013,206,68.9,0,"low",59.4,0,0.021,68.72,11.08,577.943,0
"63rd",2013-07-26,2013,207,8.8,0,"low",68.9,0,0,75.47,1.68,577.821,0
"63rd",2013-07-31,2013,212,101.6,0,"low",19.2,0.004,0.004,72.32,5.27,577.825,0
"63rd",2013-08-01,2013,213,98.3,0,"low",101.6,0.141,0.145,72.91,1.01,577.864,0
"63rd",2013-08-02,2013,214,113.7,0,"low",98.3,0.004,0.145,77.76,3.17,577.818,0
"63rd",2013-08-03,2013,215,40.1,0,"low",113.7,0.72,0.724,82.78,3.93,577.869,0
"63rd",2013-08-07,2013,219,158,0,"moderate",19.4,0,0.013,80.8,7.58,577.758,0
"63rd",2013-08-08,2013,220,31.3,0,"low",158,0.01,0.01,84.66,2.6,577.949,0
"63rd",2013-08-09,2013,221,12.3,0,"low",31.3,0,0.01,73.3,9.87,577.943,0
"63rd",2013-08-14,2013,226,49,0,"low",355.8,0,0.445,70.28,11.77,578.078,0
"63rd",2013-08-15,2013,227,167.2,0,"moderate",49,0,0,66.23,5.85,577.859,0
"63rd",2013-08-16,2013,228,8.9,0,"low",167.2,0,0,72.67,3.54,577.698,0
"63rd",2013-08-21,2013,233,43.6,0,"low",129.8,0,0,85.27,5.89,577.648,0
"63rd",2013-08-22,2013,234,1405.2,1,"exceed",43.6,0.02,0.02,87.97,8.23,577.654,0
"63rd",2013-08-23,2013,235,263,1,"exceed",1405.2,0.188,0.208,77.65,2.91,577.695,0
"63rd",2013-08-24,2013,236,12.2,0,"low",263,0,0.188,76.11,7.26,577.873,0
"63rd",2013-08-28,2013,240,1149.5,1,"exceed",518.5,0,0,92.28,10.46,577.68,0
"63rd",2013-08-29,2013,241,111,0,"low",1149.5,0,0,84.01,6.26,577.875,0
"63rd",2013-08-30,2013,242,650.1,1,"exceed",111,0,0,78.92,3.28,577.822,0
"63rd",2013-08-31,2013,243,136.6,0,"moderate",650.1,0.136,0.136,94.09,5.69,577.794,0
"63rd",2013-09-01,2013,244,132.5,0,"moderate",136.6,0.604,0.74,73.86,5.42,577.938,0
"63rd",2013-09-11,2013,254,327.9,1,"exceed",317.4,0,0,93.97,10.19,577.666,0
"63rd",2013-09-12,2013,255,34.7,0,"low",327.9,0,0,90.02,3.87,577.76,0
"63rd",2014-05-22,2014,142,2.8,0,"low",2420,0.005,0.805,79.16,1.4,578.717,0
"63rd",2014-05-23,2014,143,596,1,"exceed",2.8,0,0.005,63.84,5.72,578.625,0
"63rd",2014-05-24,2014,144,77.3,0,"low",596,0,0,57.79,5.67,578.604,0
"63rd",2014-05-29,2014,149,137.5,0,"moderate",48.1,0.277,0.424,60.46,7.77,578.878,0
"63rd",2014-05-30,2014,150,131.6,0,"moderate",137.5,0,0.277,63.97,7.92,578.922,0
"63rd",2014-06-04,2014,155,471.1,1,"exceed",143.6,0,0.123,77.12,3.14,578.649,0
"63rd",2014-06-05,2014,156,105.7,0,"low",471.1,0.127,0.127,68.39,5.97,578.836,0
"63rd",2014-06-06,2014,157,15.6,0,"low",105.7,0,0.127,67,5.42,578.784,0
"63rd",2014-06-11,2014,162,22.4,0,"low",5.5,0.219,0.219,61.04,8.24,579.007,0
"63rd",2014-06-12,2014,163,2.8,0,"low",22.4,0.069,0.288,65.54,3.2,579.091,0
"63rd",2014-06-13,2014,164,8.8,0,"low",2.8,0.009,0.078,80.37,7.13,578.845,0
"63rd",2014-06-18,2014,169,8.5,0,"low",515.1,0,0,87.77,9.69,578.796,0
"63rd",2014-06-19,2014,170,2,0,"low",8.5,0.221,0.221,81.16,3.41,579.096,0
"63rd",2014-06-20,2014,171,12.3,0,"low",2,0.338,0.559,72.1,4.64,579.167,0
"63rd",2014-06-25,2014,176,52.5,0,"low",9,0.388,0.476,78.82,1.29,579.042,0
"63rd",2014-06-26,2014,177,2.8,0,"low",52.5,0.018,0.406,69.22,6.12,579.183,0
"63rd",2014-06-27,2014,178,48.9,0,"low",2.8,0,0.018,65.81,5.28,579.117,0
"63rd",2014-07-02,2014,183,120.9,0,"low",25.7,0.08,0.744,80.84,10.04,578.823,1
"63rd",2014-07-03,2014,184,4.5,0,"low",120.9,0.073,0.153,72.73,5.04,578.957,0
"63rd",2014-07-09,2014,190,162.8,0,"moderate",2420,0.375,0.661,80.95,9.58,579.037,0
"63rd",2014-07-10,2014,191,68.1,0,"low",162.8,0,0.375,72.17,3.3,579.036,0
"63rd",2014-07-11,2014,192,6.6,0,"low",68.1,0,0,71.76,5.25,579.09,0
"63rd",2014-07-16,2014,197,25.1,0,"low",1355.8,0.018,0.212,68,8.2,579.219,0
"63rd",2014-07-17,2014,198,22.4,0,"low",25.1,0.005,0.023,66.76,3.69,579.122,0
"63rd",2014-07-18,2014,199,85.6,0,"low",22.4,0,0.005,72.4,2.88,579.121,0
"63rd",2014-07-23,2014,204,212,0,"moderate",7.7,0,0,87.37,10.43,578.974,0
"63rd",2014-07-24,2014,205,43.8,0,"low",212,0.062,0.062,74.66,15.32,579.474,0
"63rd",2014-07-25,2014,206,283.4,1,"exceed",43.8,0,0.062,69.01,7,579.242,0
"63rd",2014-07-26,2014,207,6.9,0,"low",283.4,0,0,73.48,7.99,579.039,0
"63rd",2014-07-30,2014,211,61.4,0,"low",706.9,0,0,73.23,1.64,579.144,0
"63rd",2014-07-31,2014,212,447.8,1,"exceed",61.4,0,0,71.11,2.26,579.143,0
"63rd",2014-08-01,2014,213,2.4,0,"low",447.8,0.025,0.025,82.39,6.75,579.062,0
"63rd",2014-08-06,2014,218,346.5,1,"exceed",36,0.297,0.648,74.22,2.89,579.265,0
"63rd",2014-08-07,2014,219,14.1,0,"low",346.5,0,0.297,73.49,5.82,579.249,0
"63rd",2014-08-08,2014,220,12.6,0,"low",14.1,0,0,75.95,6.86,579.216,0
"63rd",2014-08-13,2014,225,15.7,0,"low",319.4,0.041,1.037,69.83,8.26,579.486,0
"63rd",2014-08-14,2014,226,24.9,0,"low",15.7,0.015,0.056,78.63,2.39,579.225,0
"63rd",2014-08-15,2014,227,8.1,0,"low",24.9,0,0.015,67.24,8.05,579.275,0
"63rd",2014-08-20,2014,232,13.3,0,"low",48.3,0.094,0.094,82.48,9.42,579.32,0
"63rd",2014-08-21,2014,233,135.3,0,"moderate",13.3,0,0.094,85.19,6.59,579.33,0
"63rd",2014-08-22,2014,234,2420,1,"exceed",135.3,0.703,0.703,78.27,4.57,579.35,0
"63rd",2014-08-27,2014,239,152.7,0,"moderate",2420,0.037,0.91,79.2,0.29,579.28,0
"63rd",2014-08-28,2014,240,27.3,0,"low",152.7,0,0.037,74.84,6.36,579.262,0
"63rd",2014-08-29,2014,241,56.1,0,"low",27.3,0.009,0.009,72.71,7.73,579.322,0
"63rd",2014-09-04,2014,247,956,1,"exceed",87.5,0,0,81.72,4.97,579.106,0
"63rd",2014-09-05,2014,248,72.8,0,"low",956,0.074,0.074,84.21,10.95,578.948,0
"63rd",2015-05-21,2015,141,8.9,0,"low",818.3,0.014,0.014,45.8,8.52,579.495,0
"63rd",2015-05-22,2015,142,8.7,0,"low",8.9,0,0.014,67.41,6.27,579.462,0
"63rd",2015-05-28,2015,148,22.8,0,"low",27.7,0.027,0.216,75.15,8.13,579.525,0
"63rd",2015-05-29,2015,149,9.6,0,"low",22.8,0,0.027,78.07,4.8,579.607,0
"63rd",2015-06-03,2015,154,336.8,1,"exceed",129.5,0,0,63.48,4.39,579.794,0
"63rd",2015-06-04,2015,155,6.5,0,"low",336.8,0,0,70.17,5.1,579.82,0
"63rd",2015-06-05,2015,156,42.8,0,"low",6.5,0,0,78.67,6.43,579.79,0
"63rd",2015-06-10,2015,161,8.5,0,"low",19,0,0.167,82.79,5.71,579.718,0
"63rd",2015-06-11,2015,162,272.6,1,"exceed",8.5,0.051,0.051,91.24,7.17,579.761,0
"63rd",2015-06-12,2015,163,56.1,0,"low",272.6,0.128,0.179,68.59,4.63,579.944,0
"63rd",2015-06-17,2015,168,4.2,0,"low",1.4,0.021,0.621,71.2,8.75,580.016,1
"63rd",2015-06-18,2015,169,56,0,"low",4.2,0.096,0.117,64.26,2.76,580.048,0
"63rd",2015-06-19,2015,170,20.9,0,"low",56,0,0.096,81.53,5.28,580.048,0
"63rd",2015-06-24,2015,175,79.8,0,"low",17,0,0.024,76.12,3.35,580.017,0
"63rd",2015-06-25,2015,176,2420,1,"exceed",79.8,0,0,76.42,3.59,579.875,0
"63rd",2015-06-26,2015,177,18.7,0,"low",2420,0.236,0.236,78.01,0.19,580.153,0
"63rd",2015-07-01,2015,182,18.2,0,"low",74.5,0,0.058,74.15,3.02,580.06,0
"63rd",2015-07-02,2015,183,13.9,0,"low",18.2,0,0,61.21,7.85,580.091,0
"63rd",2015-07-08,2015,189,90.4,0,"low",1447.7,0.184,0.419,74.14,9.99,580.256,0
"63rd",2015-07-09,2015,190,31.3,0,"low",90.4,0,0.184,63.75,6.26,580.11,0
"63rd",2015-07-10,2015,191,85,0,"low",31.3,0.025,0.025,66.77,5.69,580.118,0
"63rd",2015-07-15,2015,196,88.7,0,"low",39.5,0,0.642,78.71,7.83,580.248,0
"63rd",2015-07-16,2015,197,143.7,0,"moderate",88.7,0,0,69.08,9.2,580.217,0
"63rd",2015-07-17,2015,198,7.1,0,"low",143.7,0.196,0.196,75.79,5.58,580.058,0
"63rd",2015-07-22,2015,203,45.1,0,"low",11.8,0,0.003,75.23,5.32,579.976,0
"63rd",2015-07-23,2015,204,41.4,0,"low",45.1,0,0,77.32,2.29,579.948,0
"63rd",2015-07-24,2015,205,186.8,0,"moderate",41.4,0,0,79.07,2.4,579.985,0
"63rd",2015-07-29,2015,210,153,0,"moderate",283.8,0,0,86.12,4.28,580.004,0
"63rd",2015-07-30,2015,211,21,0,"low",153,0.037,0.037,87.19,5.52,579.91,0
"63rd",2015-07-31,2015,212,37.8,0,"low",21,0.025,0.062,87.07,8.96,579.79,0
"63rd",2015-08-05,2015,217,30.6,0,"low",4.6,0,0.652,80.91,2.23,579.96,0
"63rd",2015-08-06,2015,218,60.4,0,"low",30.6,0,0,77.63,4.19,580.036,0
"63rd",2015-08-07,2015,219,48.6,0,"low",60.4,0,0,77.26,7.54,580.113,0
"63rd",2015-08-12,2015,224,23.7,0,"low",6.7,0,0.21,75.77,5.93,580.042,0
"63rd",2015-08-13,2015,225,29.5,0,"low",23.7,0,0,72.84,4.84,579.88,0
"63rd",2015-08-14,2015,226,31.4,0,"low",29.5,0,0,83.31,8.38,579.753,0
"63rd",2015-08-19,2015,231,737.9,1,"exceed",191.6,0.699,0.92,81.16,7.75,579.95,0
"63rd",2015-08-20,2015,232,482.9,1,"exceed",737.9,0,0.699,76.65,12.49,579.717,0
"63rd",2015-08-21,2015,233,604.3,1,"exceed",482.9,0,0,73.7,11.85,579.684,0
"63rd",2015-08-22,2015,234,69.3,0,"low",604.3,0,0,79.88,7.23,579.745,0
"63rd",2015-08-26,2015,238,34.6,0,"low",31,0,0,66.61,4.26,579.697,0
"63rd",2015-08-27,2015,239,75.2,0,"low",34.6,0,0,64.66,4.84,579.754,0
"63rd",2015-08-28,2015,240,22.6,0,"low",75.2,0,0,69.6,1.61,579.792,0
"63rd",2015-09-02,2015,245,171,0,"moderate",26.4,0,0,87.25,8.12,579.762,0
"63rd",2015-09-03,2015,246,82.8,0,"low",171,0,0,88.87,6.1,579.77,0
"63rd",2015-09-04,2015,247,117.7,0,"low",82.8,0,0,90.37,5.13,579.905,0
"63rd",2016-06-02,2016,154,112.9,0,"low",2420,0.156,0.545,77.28,1.11,580.465,0
"63rd",2016-06-03,2016,155,219.4,0,"moderate",112.9,0,0.156,77.73,3.18,580.335,0
"63rd",2016-06-07,2016,159,475.4,1,"exceed",157.7,0.039,0.131,82.21,8.51,580.213,0
"63rd",2016-06-08,2016,160,18.4,0,"low",475.4,0,0.039,62.33,6.47,580.418,0
"63rd",2016-06-09,2016,161,59.2,0,"low",18.4,0,0,62.53,3.79,580.28,0
"63rd",2016-06-10,2016,162,234.1,0,"moderate",59.2,0.028,0.028,70.32,5.02,580.367,0
"63rd",2016-06-14,2016,166,88.2,0,"low",71.6,0,0,83.63,3.72,580.574,0
"63rd",2016-06-15,2016,167,12,0,"low",88.2,0,0,81.04,5.84,580.531,0
"63rd",2016-06-16,2016,168,48.3,0,"low",12,0.176,0.176,87.43,6.28,580.513,0
"63rd",2016-06-17,2016,169,39.2,0,"low",48.3,0,0.176,82.69,9.48,580.684,0
"63rd",2016-06-21,2016,173,199,0,"moderate",1,0,0,90.95,9.46,580.242,0
"63rd",2016-06-22,2016,174,251.2,1,"exceed",199,0,0,80.79,3.29,580.311,0
"63rd",2016-06-23,2016,175,310.8,1,"exceed",251.2,0.412,0.412,74.65,4.32,580.435,0
"63rd",2016-06-24,2016,176,35,0,"low",310.8,0,0.412,73.19,6.88,580.579,0
"63rd",2016-06-28,2016,180,72.5,0,"low",30.5,0,0.096,90.53,4.79,580.343,0
"63rd",2016-06-29,2016,181,34.5,0,"low",72.5,0,0,70.74,11.71,580.589,0
"63rd",2016-06-30,2016,182,45.9,0,"low",34.5,0,0,74.85,3.26,580.371,0
"63rd",2016-07-01,2016,183,281.5,1,"exceed",45.9,0,0,76.95,8.26,580.284,0
"63rd",2016-07-07,2016,189,487,1,"exceed",296.3,1.087,1.087,87.32,6.43,580.282,0
"63rd",2016-07-08,2016,190,197.9,0,"moderate",487,0.048,1.135,81.92,2.93,580.371,0
"63rd",2016-07-12,2016,194,10.4,0,"low",106.4,0,0,88.61,11.23,580.358,0
"63rd",2016-07-13,2016,195,847.7,1,"exceed",10.4,0,0,88.45,11.47,580.23,0
"63rd",2016-07-14,2016,196,132.8,0,"moderate",847.7,0.232,0.232,83.52,8.39,580.112,0
"63rd",2016-07-15,2016,197,632.9,1,"exceed",132.8,0,0.232,86.21,11.72,580.105,0
"63rd",2016-07-16,2016,198,45.9,0,"low",632.9,0.009,0.009,74.56,5.81,580.328,0
"63rd",2016-07-19,2016,201,32,0,"low",82.9,0.392,0.599,78.86,0.77,580.249,0
"63rd",2016-07-20,2016,202,129,0,"moderate",32,0,0.392,81.44,2.52,580.308,0
"63rd",2016-07-21,2016,203,19.5,0,"low",129,0,0,85.6,4.48,580.289,0
"63rd",2016-07-22,2016,204,775.7,1,"exceed",19.5,0.544,0.544,88.45,5.67,580.039,0
"63rd",2016-07-26,2016,208,65.4,0,"low",563,0,0.322,82.36,0.23,580.19,0
"63rd",2016-07-27,2016,209,87.4,0,"low",65.4,0,0,83.27,3.34,580.223,0
"63rd",2016-07-28,2016,210,143.1,0,"moderate",87.4,0,0,85.45,2.13,580.259,0
"63rd",2016-07-29,2016,211,376.6,1,"exceed",143.1,0.037,0.037,80.64,2.19,580.394,0
"63rd",2016-07-30,2016,212,45,0,"low",376.6,0.321,0.358,77.69,5.14,580.505,0
"63rd",2016-08-02,2016,215,15.5,0,"low",19.5,0,0,78.54,5.84,580.413,0
"63rd",2016-08-03,2016,216,90.4,0,"low",15.5,0,0,81.35,4.81,580.397,0
"63rd",2016-08-04,2016,217,189.1,0,"moderate",90.4,0,0,86.21,3.99,580.364,0
"63rd",2016-08-05,2016,218,474.3,1,"exceed",189.1,0,0,89.28,5.54,580.276,0
"63rd",2016-08-06,2016,219,33.5,0,"low",474.3,0,0,81.63,1.84,580.243,0
"63rd",2016-08-09,2016,222,14.4,0,"low",39.8,0,0,80.43,9.56,580.318,0
"63rd",2016-08-10,2016,223,255.6,1,"exceed",14.4,0,0,83.29,4.23,580.18,0
"63rd",2016-08-11,2016,224,201.1,0,"moderate",255.6,0,0,83.99,3.37,580.164,0
"63rd",2016-08-12,2016,225,139,0,"moderate",201.1,0,0,90.58,9.07,580.105,0
"63rd",2016-08-16,2016,229,53.4,0,"low",31.3,0.217,0.217,74.63,6.43,580.335,0
"63rd",2016-08-17,2016,230,154.8,0,"moderate",53.4,0.048,0.266,80.37,1.78,580.308,0
"63rd",2016-08-18,2016,231,183,0,"moderate",154.8,0.02,0.068,84.85,5.1,580.249,0
"63rd",2016-08-19,2016,232,53.8,0,"low",183,0.268,0.287,83.42,7,580.213,0
"63rd",2016-08-23,2016,236,115.6,0,"low",2.4,0,0,77,4.18,580.135,0
"63rd",2016-08-24,2016,237,19,0,"low",115.6,0,0,79.62,9.9,579.918,0
"63rd",2016-08-29,2016,242,67,0,"low",82.7,0,0.335,78.37,4.12,580.269,0
"63rd",2016-08-30,2016,243,259.7,1,"exceed",67,0,0,82.67,4.6,580.226,0
"63rd",2016-08-31,2016,244,469.9,1,"exceed",259.7,0.053,0.053,83.25,0.99,580.223,0
"63rd",2016-09-01,2016,245,119.3,0,"low",469.9,0,0.053,74.6,10.84,580.489,0
"63rd",2016-09-02,2016,246,43.5,0,"low",119.3,0,0,71.63,11.71,580.577,0
"Albion",2006-05-25,2006,145,40.2698179478726,0,"low",14.1889138492791,0.375,0.375,77.53,11.58,577.846,0
"Albion",2006-05-26,2006,146,9.27574517592373,0,"low",40.2698179478726,0.196,0.571,73.25,10.05,577.922,0
"Albion",2006-06-01,2006,152,17.4736474113819,0,"low",10.5936327014564,0,0.427,73.07,6.78,578.078,0
"Albion",2006-06-02,2006,153,1,0,"low",17.4736474113819,0,0,72.94,7.58,578.091,0
"Albion",2006-06-07,2006,158,55.7980343856102,0,"low",33.4147890092698,0,0,81.79,10.42,577.94,0
"Albion",2006-06-08,2006,159,1,0,"low",55.7980343856102,0,0,78.51,4.47,578.118,0
"Albion",2006-06-09,2006,160,1,0,"low",1,0,0,79.89,5.56,578.066,0
"Albion",2006-06-14,2006,165,22.4607460421689,0,"low",1,0,0,70.54,5.39,578.077,0
"Albion",2006-06-15,2006,166,4.069453731617,0,"low",22.4607460421689,0.007,0.007,77.6,7.07,578.113,0
"Albion",2006-06-16,2006,167,22.2485855263754,0,"low",4.069453731617,0,0.007,86.02,4.61,578.093,0
"Albion",2006-06-21,2006,172,414.647985709806,1,"exceed",50.2930128484704,0,0,79.96,3.57,578.005,0
"Albion",2006-06-22,2006,173,57.1447332419752,0,"low",414.647985709806,0.051,0.051,86.02,8.79,577.913,0
"Albion",2006-06-23,2006,174,27.1834097215612,0,"low",57.1447332419752,0.157,0.207,80.2,3.93,578.022,0
"Albion",2006-06-28,2006,179,4.15669794670754,0,"low",115.321955401533,0.003,0.841,77.17,4.6,578.035,0
"Albion",2006-06-29,2006,180,1.7099759466767,0,"low",4.15669794670754,0.408,0.411,75.53,6.09,578.013,0
"Albion",2006-06-30,2006,181,64.2248971766675,0,"low",1.7099759466767,0,0.408,77.05,3.32,577.952,0
"Albion",2006-07-12,2006,193,16.6419223925455,0,"low",6.5251882625031,0.185,0.238,74.18,5.32,578.091,0
"Albion",2006-07-13,2006,194,7.14242926960803,0,"low",16.6419223925455,0.003,0.188,75.09,11.16,578.161,0
"Albion",2006-07-14,2006,195,20.2339200702219,0,"low",7.14242926960803,0,0.003,80.88,6.21,578.034,0
"Albion",2006-07-19,2006,200,6.89148287481917,0,"low",20.280844524947,0.036,0.213,80.46,12.49,578.065,0
"Albion",2006-07-20,2006,201,36.2621684395999,0,"low",6.89148287481917,0.004,0.039,87.58,6.87,578.016,0
"Albion",2006-07-21,2006,202,67.6724034005909,0,"low",36.2621684395999,0.842,0.845,80.45,3.1,577.928,0
"Albion",2006-07-26,2006,207,86.8153993079344,0,"low",178.121705523966,0,0.004,89.31,10.97,577.764,0
"Albion",2006-07-27,2006,208,10.2549323871676,0,"low",86.8153993079344,0.062,0.062,84.11,9.87,577.861,0
"Albion",2006-07-28,2006,209,48.2768420720011,0,"low",10.2549323871676,0.006,0.069,85.62,4.28,577.947,0
"Albion",2006-08-02,2006,214,15.6815150209035,0,"low",6.1176769345333,0.046,0.046,97,10.98,577.792,0
"Albion",2006-08-03,2006,215,680.56058407198,1,"exceed",15.6815150209035,0.259,0.306,95.91,12.06,577.893,0
"Albion",2006-08-04,2006,216,35.2480866121022,0,"low",680.56058407198,0.377,0.636,80.65,4.02,578.06,0
"Albion",2006-08-09,2006,221,17.1131733926114,0,"low",93.1219500885442,0,0,79.42,9.44,578.109,0
"Albion",2006-08-10,2006,222,147.103548680989,0,"moderate",17.1131733926114,0.035,0.035,82.4,5.3,577.977,0
"Albion",2006-08-11,2006,223,96.431523095226,0,"low",147.103548680989,0.143,0.178,76.88,6.01,578.171,0
"Albion",2006-08-16,2006,228,53.7631307671015,0,"low",88.634538557428,0,0,80.55,2.58,577.826,0
"Albion",2006-08-17,2006,229,70.6993934782954,0,"low",53.7631307671015,0,0,80.5,5.84,577.919,0
"Albion",2006-08-18,2006,230,12.8688590439685,0,"low",70.6993934782954,0.076,0.076,82.45,5.11,577.95,0
"Albion",2006-08-23,2006,235,72.1712751144555,0,"low",71.4478831037001,0,0,83.58,2.66,577.883,0
"Albion",2006-08-24,2006,236,197.625644544013,0,"moderate",72.1712751144555,0,0,86.68,4.26,577.925,0
"Albion",2006-08-25,2006,237,57.316186808127,0,"low",197.625644544013,0.682,0.682,82.53,7.19,577.945,0
"Albion",2006-08-30,2006,242,127.072829618106,0,"moderate",191.934394577702,0.065,0.555,68.71,8.68,578.246,0
"Albion",2006-08-31,2006,243,99.4388301074818,0,"low",127.072829618106,0.01,0.075,72.14,10.46,578.4,0
"Albion",2006-09-01,2006,244,130.052901546514,0,"moderate",99.4388301074818,0,0.01,72.64,11.72,578.358,0
"Albion",2007-05-30,2007,150,35.764199617888,0,"low",32.0027276320775,0,0,83.52,7.18,577.877,0
"Albion",2007-05-31,2007,151,179.951827108775,0,"moderate",35.764199617888,0,0,85.7,10.06,577.828,0
"Albion",2007-06-01,2007,152,10.1106380740024,0,"low",179.951827108775,0.074,0.074,76.49,8.9,577.775,0
"Albion",2007-06-06,2007,157,17.6348011479007,0,"low",60.5900145840808,0.296,0.512,67.31,8.19,577.92,0
"Albion",2007-06-07,2007,158,13.8495801112566,0,"low",17.6348011479007,0.004,0.3,84.47,9.56,577.75,0
"Albion",2007-06-08,2007,159,63.2640482265147,0,"low",13.8495801112566,0,0.004,90.52,21.06,577.59,0
"Albion",2007-06-13,2007,164,49.8978782315566,0,"low",18.2965564304968,0,0,78.18,7.54,577.911,0
"Albion",2007-06-14,2007,165,1.81913737649947,0,"low",49.8978782315566,0,0,81.12,6.33,577.919,0
"Albion",2007-06-15,2007,166,9.73867719106232,0,"low",1.81913737649947,0,0,83.76,5.26,577.939,0
"Albion",2007-06-20,2007,171,20.8837109711902,0,"low",7.71622485382027,0.512,0.771,79.28,10.72,577.746,0
"Albion",2007-06-21,2007,172,1.1186889420814,0,"low",20.8837109711902,0,0.512,81.63,3.83,577.675,0
"Albion",2007-06-22,2007,173,73.2022943381916,0,"low",1.1186889420814,0,0,75.18,2.74,577.785,0
"Albion",2007-06-27,2007,178,17.9123142796053,0,"low",34.1361109592482,0.084,0.084,88.31,6.43,577.738,0
"Albion",2007-06-28,2007,179,22.4759446613438,0,"low",17.9123142796053,0.15,0.234,88.54,7.21,577.706,0
"Albion",2007-06-29,2007,180,765.93475335881,1,"exceed",22.4759446613438,0,0.15,73.96,11.75,578.045,0
"Albion",2007-07-04,2007,185,19.4619375879298,0,"low",22.7095103984506,0.017,0.017,81.12,7.4,577.696,0
"Albion",2007-07-05,2007,186,11.8980247645463,0,"low",19.4619375879298,0.341,0.358,81.57,4.3,577.806,0
"Albion",2007-07-06,2007,187,47.6241303634923,0,"low",11.8980247645463,0,0.341,84.05,4.04,577.759,0
"Albion",2007-07-11,2007,192,115.235770111931,0,"low",44.629343503024,0.251,0.35,87.15,7.92,577.716,0
"Albion",2007-07-12,2007,193,26.1544846175431,0,"low",115.235770111931,0,0.251,76.87,8.22,577.669,0
"Albion",2007-07-13,2007,194,32.2368109039645,0,"low",26.1544846175431,0,0,78,10.91,577.625,0
"Albion",2007-07-18,2007,199,21.4796634814411,0,"low",1315.5695989981,0.13,0.13,80.72,5.14,577.769,0
"Albion",2007-07-19,2007,200,13.729953819097,0,"low",21.4796634814411,0.366,0.495,83.69,8.54,577.683,0
"Albion",2007-07-20,2007,201,391.254176884573,1,"exceed",13.729953819097,0.175,0.541,77.12,6.53,577.95,0
"Albion",2007-07-25,2007,206,56.2288809607466,0,"low",45.107940385228,0,0,79.39,2.04,577.688,0
"Albion",2007-07-26,2007,207,272.258045781588,1,"exceed",56.2288809607466,0,0,82.2,5.99,577.674,0
"Albion",2007-07-27,2007,208,18.0245036647014,0,"low",272.258045781588,0.359,0.359,80.27,7.44,577.661,0
"Albion",2007-08-01,2007,213,25.5337530731233,0,"low",27.0909361808438,0,0,87.07,2.47,577.675,0
"Albion",2007-08-02,2007,214,5.56526113812985,0,"low",25.5337530731233,0,0,88.99,2.58,577.682,0
"Albion",2007-08-03,2007,215,52.4389974446449,0,"low",5.56526113812985,0,0,89.08,6.17,577.563,0
"Albion",2007-08-08,2007,220,35.1683338557576,0,"low",87.5542264145083,0.782,0.905,91.25,5.35,577.645,0
"Albion",2007-08-09,2007,221,53.9508688925869,0,"low",35.1683338557576,0.189,0.971,82.93,4.11,577.665,0
"Albion",2007-08-10,2007,222,42.8903552340744,0,"low",53.9508688925869,0.071,0.26,83.25,1.65,577.71,0
"Albion",2007-08-15,2007,227,13.6020037416752,0,"low",1089.60241466222,0.316,0.316,83.17,7.19,577.495,0
"Albion",2007-08-16,2007,228,39.9160455813354,0,"low",13.6020037416752,0.386,0.702,78.76,4.85,577.561,0
"Albion",2007-08-17,2007,229,20.6201643759967,0,"low",39.9160455813354,0,0.386,74.55,4.76,577.507,0
"Albion",2007-08-22,2007,234,27.7772807496252,0,"low",361.514045906614,0.006,0.644,81.45,4.52,577.727,0
"Albion",2007-08-23,2007,235,16.1033029500355,0,"low",27.7772807496252,0.468,0.474,88.18,5,577.464,0
"Albion",2007-08-24,2007,236,59.4265364546916,0,"low",16.1033029500355,1.399,1.867,86.51,10.14,577.425,1
"Albion",2007-08-25,2007,237,451.840827761058,1,"exceed",59.4265364546916,0.221,1.621,78.66,6.27,577.509,1
"Albion",2007-08-26,2007,238,57.3400070051303,0,"low",451.840827761058,0.296,0.518,74.57,2.92,577.618,0
"Albion",2007-08-27,2007,239,218.156102807476,0,"moderate",57.3400070051303,0,0.296,74.34,1.74,577.588,0
"Albion",2007-08-28,2007,240,17.9865733205057,0,"low",218.156102807476,0,0,85.44,6.76,577.524,0
"Albion",2007-08-29,2007,241,63.7221250220813,0,"low",17.9865733205057,0,0,90.68,7.7,577.484,0
"Albion",2007-08-30,2007,242,474.126845279974,1,"exceed",63.7221250220813,0,0,80.3,3.64,577.699,0
"Albion",2007-08-31,2007,243,74.9746260831593,0,"low",474.126845279974,0,0,71.94,11.68,577.78,0
"Albion",2008-05-29,2008,150,23.9945126343519,0,"low",52.8072104525738,0,0,61.34,7.8,577.973,0
"Albion",2008-05-30,2008,151,20.3610914148158,0,"low",23.9945126343519,0.045,0.045,73.01,2.91,577.753,0
"Albion",2008-06-04,2008,156,107.225843879487,0,"low",79.5378151652277,0.287,0.287,67.02,6.93,577.949,0
"Albion",2008-06-05,2008,157,16.9547586004655,0,"low",107.225843879487,0,0.287,73.69,5.96,578.065,0
"Albion",2008-06-06,2008,158,28.4887391646577,0,"low",16.9547586004655,0.301,0.301,85.44,13.14,577.936,0
"Albion",2008-06-11,2008,163,1.84691475044783,0,"low",1.40945974641298,0.003,0.758,78.81,10.05,577.908,0
"Albion",2008-06-12,2008,164,101.367870652711,0,"low",1.84691475044783,0,0.003,82.81,12.59,578.155,0
"Albion",2008-06-13,2008,165,17.7473214234875,0,"low",101.367870652711,0,0,86.35,19.09,578.215,0
"Albion",2008-06-18,2008,170,3.49659532859043,0,"low",7.09203629999361,0,0,73.88,10.32,578.079,0
"Albion",2008-06-19,2008,171,9.52910740157146,0,"low",3.49659532859043,0,0,67.53,4.55,578.15,0
"Albion",2008-06-20,2008,172,1.89081438919656,0,"low",9.52910740157146,0.003,0.003,74.82,3.95,578.13,0
"Albion",2008-06-25,2008,177,3.86195753842252,0,"low",22.760164358737,0,0,75.96,4.75,578.148,0
"Albion",2008-06-26,2008,178,4.67995081157058,0,"low",3.86195753842252,0.064,0.064,80.83,10.15,578.1,0
"Albion",2008-06-27,2008,179,7.08069875108501,0,"low",4.67995081157058,0.003,0.067,84.82,7.11,578.16,0
"Albion",2008-07-02,2008,184,5.73950195389754,0,"low",10.3437857006888,0.014,0.014,81.37,8.55,578.09,0
"Albion",2008-07-03,2008,185,716.145338389481,1,"exceed",5.73950195389754,0.182,0.196,84.82,12.73,578.098,0
"Albion",2008-07-04,2008,186,50.8000049083427,0,"low",716.145338389481,0,0.182,67,16.55,578.525,0
"Albion",2008-07-09,2008,191,13.1250167800239,0,"low",4.70455270338631,0.199,0.28,82.62,9.27,578.235,0
"Albion",2008-07-10,2008,192,20.4778837433241,0,"low",13.1250167800239,0.016,0.216,77.76,5.87,578.223,0
"Albion",2008-07-11,2008,193,510.43832478406,1,"exceed",20.4778837433241,0.232,0.248,81.19,10.87,578.145,0
"Albion",2008-07-12,2008,194,53.8833237570135,0,"low",510.43832478406,0.148,0.379,81.11,6.3,578.464,0
"Albion",2008-07-16,2008,198,1.86433950357232,0,"low",11.0614195056924,0,0,88.51,9.09,578.149,0
"Albion",2008-07-17,2008,199,97.2159807083321,0,"low",1.86433950357232,0,0,87.88,6.59,578.227,0
"Albion",2008-07-18,2008,200,4.16881666818539,0,"low",97.2159807083321,0.083,0.083,87.39,9.85,578.239,0
"Albion",2008-07-23,2008,205,259.033646488727,1,"exceed",119.326393827462,0.019,0.091,71.94,9.82,578.575,0
"Albion",2008-07-24,2008,206,18.7966306018352,0,"low",259.033646488727,0,0.019,75.27,9.88,578.516,0
"Albion",2008-07-25,2008,207,8.95127994761072,0,"low",18.7966306018352,0,0,78.05,1.66,578.37,0
"Albion",2008-07-30,2008,212,24.4371522616295,0,"low",69.2261431286807,0.074,0.074,85.71,5.58,578.319,0
"Albion",2008-07-31,2008,213,10.5703216344181,0,"low",24.4371522616295,0.013,0.087,83.73,5.84,578.298,0
"Albion",2008-08-01,2008,214,22.5130551396212,0,"low",10.5703216344181,0.24,0.253,81.63,4.87,578.233,0
"Albion",2008-08-06,2008,219,23.5502014188142,0,"low",39.7537873848639,0.029,1.012,81.63,3.24,578.461,0
"Albion",2008-08-07,2008,220,45.1179861823456,0,"low",23.5502014188142,0.003,0.032,79.71,5.7,578.291,0
"Albion",2008-08-08,2008,221,88.4616783238543,0,"low",45.1179861823456,0.003,0.006,76.19,8.73,578.517,0
"Albion",2008-08-13,2008,226,17.0015684827325,0,"low",39.6041445514201,0.003,0.003,73.28,4.27,578.41,0
"Albion",2008-08-14,2008,227,53.9402494114997,0,"low",17.0015684827325,0.143,0.147,73.6,2.52,578.427,0
"Albion",2008-08-15,2008,228,88.6985744421904,0,"low",53.9402494114997,0,0.143,73.85,8.36,578.574,0
"Albion",2008-08-20,2008,233,82.7822680567807,0,"low",783.460864776623,0,0,76.41,6.77,578.565,0
"Albion",2008-08-21,2008,234,47.66847828108,0,"low",82.7822680567807,0,0,75.67,7.85,578.485,0
"Albion",2008-08-22,2008,235,15.350926037071,0,"low",47.66847828108,0,0,78.57,8.17,578.367,0
"Albion",2008-08-27,2008,240,37.5205505137574,0,"low",43.0652652316549,0,0,72.63,10.33,578.403,0
"Albion",2008-08-28,2008,241,5.57628148599537,0,"low",37.5205505137574,0,0,76.55,5.5,578.309,0
"Albion",2008-08-29,2008,242,5.60952884474459,0,"low",5.57628148599537,0.017,0.017,78.51,6.6,578.204,0
"Albion",2009-05-28,2009,148,13.9976356551495,0,"low",24.2829112072086,0.272,1.017,62.34,2.06,579.11,0
"Albion",2009-05-29,2009,149,3.77878295692227,0,"low",13.9976356551495,0,0.272,61.55,6.03,578.911,0
"Albion",2009-06-03,2009,154,43.2192872267231,0,"low",191.153097757814,0.051,0.624,58.12,9.92,579.017,0
"Albion",2009-06-04,2009,155,15.5174136583682,0,"low",43.2192872267231,0,0.051,58.22,12.15,579.015,0
"Albion",2009-06-05,2009,156,1.25992104989487,0,"low",15.5174136583682,0,0,73.07,6.36,578.901,0
"Albion",2009-06-10,2009,161,45.9184124040878,0,"low",12.7281455678446,0.003,0.234,64.6,4.36,579.142,0
"Albion",2009-06-11,2009,162,69.6301717184601,0,"low",45.9184124040878,0.016,0.02,63.64,8.08,579.027,0
"Albion",2009-06-12,2009,163,60.476748481448,0,"low",69.6301717184601,0.252,0.268,64.12,10.79,579.194,0
"Albion",2009-06-17,2009,168,198.910315049429,0,"moderate",54.8240072542612,0.489,0.745,68.57,11.91,579.153,0
"Albion",2009-06-18,2009,169,2.41449560598821,0,"low",198.910315049429,0.007,0.495,75.6,2.78,579.141,0
"Albion",2009-06-24,2009,175,6.56464102476773,0,"low",13.6198545787161,0,0.109,86.14,5.2,579.09,0
"Albion",2009-06-25,2009,176,23.1813961043001,0,"low",6.56464102476773,0.036,0.036,88.73,1.27,579.048,0
"Albion",2009-06-26,2009,177,24.7864509323736,0,"low",23.1813961043001,0,0.036,85.18,1.41,579.084,0
"Albion",2009-07-01,2009,182,55.6894852765236,0,"low",32.3549480537624,0,0,67.26,9.68,579.061,0
"Albion",2009-07-02,2009,183,12.7057406828457,0,"low",55.6894852765236,0.007,0.007,69.02,7.03,579.068,0
"Albion",2009-07-08,2009,189,24.4213554862623,0,"low",46.2204539217691,0.003,0.003,71.57,5.84,579.018,0
"Albion",2009-07-09,2009,190,8.92078632627828,0,"low",24.4213554862623,0.085,0.088,69.6,6.99,579.049,0
"Albion",2009-07-10,2009,191,7.49279307691952,0,"low",8.92078632627828,0,0.085,77.97,5.39,579.128,0
"Albion",2009-07-15,2009,196,5.03442905061734,0,"low",28.1078324860361,0,0,76.97,7.15,578.959,0
"Albion",2009-07-16,2009,197,4.22233004751826,0,"low",5.03442905061734,0.417,0.417,84.46,9.98,578.83,0
"Albion",2009-07-17,2009,198,9.35969235236907,0,"low",4.22233004751826,0.054,0.471,79.92,9.24,578.827,0
"Albion",2009-07-22,2009,203,10.2418122199543,0,"low",37.9995946401819,0.054,0.054,75.27,5.78,579.032,0
"Albion",2009-07-23,2009,204,8.12947650755281,0,"low",10.2418122199543,0,0.054,72.6,2.82,579.107,0
"Albion",2009-07-24,2009,205,16.3431853191565,0,"low",8.12947650755281,0.064,0.064,73.4,2.72,579.058,0
"Albion",2009-07-29,2009,210,87.7445096415234,0,"low",6.19176847258186,0.023,0.023,81.83,4.77,578.877,0
"Albion",2009-07-30,2009,211,7.67074976791148,0,"low",87.7445096415234,0.046,0.07,74.56,5.08,578.896,0
"Albion",2009-07-31,2009,212,17.0134081072033,0,"low",7.67074976791148,0.04,0.086,77.01,4.97,578.84,0
"Albion",2009-08-05,2009,217,62.0313389951919,0,"low",5.60501251879537,0,0.068,78.38,1.13,578.907,0
"Albion",2009-08-06,2009,218,15.6921688668847,0,"low",62.0313389951919,0,0,73.16,4.99,578.799,0
"Albion",2009-08-07,2009,219,36.0196004375868,0,"low",15.6921688668847,0.014,0.014,75.6,1.8,578.84,0
"Albion",2009-08-12,2009,224,14.174416674545,0,"low",78.8409090730556,0,0.003,75.1,6.45,579.043,0
"Albion",2009-08-13,2009,225,12.8848689846184,0,"low",14.174416674545,0,0,78.19,5.14,578.94,0
"Albion",2009-08-14,2009,226,5.11251571701857,0,"low",12.8848689846184,0,0,80.02,4.26,578.885,0
"Albion",2009-08-19,2009,231,90.1204940809962,0,"low",13.9845407588313,0.172,0.517,81.44,7.69,578.846,0
"Albion",2009-08-20,2009,232,17.1885627948864,0,"low",90.1204940809962,0.182,0.353,77.75,4.6,578.865,0
"Albion",2009-08-21,2009,233,5.77248161402453,0,"low",17.1885627948864,0.079,0.261,76.37,14,578.875,0
"Albion",2009-08-26,2009,238,26.018719261047,0,"low",8.01887729592602,0,0,79.28,10.62,578.733,0
"Albion",2009-08-27,2009,239,36.6529120126212,0,"low",26.018719261047,1.068,1.068,73.23,4.76,578.996,0
"Albion",2009-09-02,2009,245,45.8396204385483,0,"low",29.424928338148,0.003,0.003,66.97,5.67,578.965,0
"Albion",2009-09-03,2009,246,11.4722126850725,0,"low",45.8396204385483,0,0.003,68.51,4.45,578.963,0
"Albion",2010-05-27,2010,147,121,0,"low",33,0,0,77.24,3.83,578.118,0
"Albion",2010-05-28,2010,148,42.1,0,"low",121,0,0,69.4,11.77,578.183,0
"Albion",2010-06-03,2010,154,147.8,0,"moderate",69,0.752,0.752,74.66,2.33,578.187,0
"Albion",2010-06-04,2010,155,67.9,0,"low",147.8,0,0.752,70.39,7.96,578.22,0
"Albion",2010-06-09,2010,160,43.8,0,"low",44.7,0.275,0.278,71.52,9.93,578.131,0
"Albion",2010-06-10,2010,161,14.9,0,"low",43.8,0,0.275,81.65,10.31,578.265,0
"Albion",2010-06-11,2010,162,50.3,0,"low",14.9,0,0,76.82,4.19,578.175,0
"Albion",2010-06-16,2010,167,5,0,"low",51.2,0.314,0.366,75.32,1.57,578.43,0
"Albion",2010-06-17,2010,168,75.3,0,"low",5,0,0.314,79.17,6.35,578.48,0
"Albion",2010-06-18,2010,169,4.6,0,"low",75.3,0,0,76.33,6.56,578.355,0
"Albion",2010-06-23,2010,174,20.4,0,"low",1,0.348,0.525,85.16,7.58,578.446,0
"Albion",2010-06-24,2010,175,50.4,0,"low",20.4,0.433,0.781,86.02,11.71,578.17,0
"Albion",2010-06-25,2010,176,8.4,0,"low",50.4,0,0.433,76.41,3.59,578.34,0
"Albion",2010-06-30,2010,181,12.7,0,"low",71.9,0,0.41,69.66,8.01,578.385,0
"Albion",2010-07-01,2010,182,2,0,"low",12.7,0,0,70.1,4.73,578.399,0
"Albion",2010-07-02,2010,183,5.1,0,"low",2,0,0,76.03,6.32,578.397,0
"Albion",2010-07-08,2010,189,100.7,0,"low",1.7,0.121,0.159,88.93,4.5,578.271,0
"Albion",2010-07-09,2010,190,547,1,"exceed",100.7,0.132,0.254,81.83,0.25,578.34,0
"Albion",2010-07-14,2010,195,127.7,0,"moderate",25,0.066,0.069,82.4,5.63,578.445,0
"Albion",2010-07-15,2010,196,198.5,0,"moderate",127.7,0,0.066,87.89,8.67,578.348,0
"Albion",2010-07-16,2010,197,175.7,0,"moderate",198.5,0.004,0.004,88.93,6.42,578.358,0
"Albion",2010-07-21,2010,202,3.5,0,"low",44.9,0,0.004,83.03,6.45,578.354,0
"Albion",2010-07-22,2010,203,1367.1,1,"exceed",3.5,0,0,84.19,2.36,578.33,0
"Albion",2010-07-23,2010,204,1.7,0,"low",1367.1,0.514,0.514,87.76,10.34,578.234,0
"Albion",2010-07-28,2010,209,1,0,"low",17.2,0,0,87.03,6.56,578.336,0
"Albion",2010-07-29,2010,210,129.4,0,"moderate",1,0,0,87.27,6.02,578.268,0
"Albion",2010-07-30,2010,211,21,0,"low",129.4,0,0,77.79,5.6,578.413,0
"Albion",2010-08-04,2010,216,18.4,0,"low",23.8,0.426,0.446,82.03,4.11,578.278,0
"Albion",2010-08-05,2010,217,11.7,0,"low",18.4,0.484,0.911,79.67,2.9,578.327,0
"Albion",2010-08-06,2010,218,18.9,0,"low",11.7,0,0.484,81.94,10.69,578.252,0
"Albion",2010-08-11,2010,223,19.7,0,"low",13.1,0,0.208,81.57,3.78,578.372,0
"Albion",2010-08-12,2010,224,122.4,0,"low",19.7,0,0,88.15,2.17,578.417,0
"Albion",2010-08-13,2010,225,67.5,0,"low",122.4,0,0,84.87,2.03,578.441,0
"Albion",2010-08-25,2010,237,20.5,0,"low",6.9,0.003,0.003,79.86,3.12,578.324,0
"Albion",2010-08-26,2010,238,9,0,"low",20.5,0,0.003,77.19,8.77,578.394,0
"Albion",2010-08-27,2010,239,8.3,0,"low",9,0,0,80.07,2.08,578.22,0
"Albion",2010-09-01,2010,244,34.8,0,"low",122,0,0,90.21,13.76,577.888,0
"Albion",2010-09-02,2010,245,2192.3,1,"exceed",34.8,0.14,0.14,81.02,6.96,578.083,0
"Albion",2010-09-03,2010,246,596.1,1,"exceed",2192.3,0.779,0.92,81.81,8.24,578.112,0
"Albion",2011-06-02,2011,153,209.5,0,"moderate",2.9,0,0.056,80.48,13.05,577.848,0
"Albion",2011-06-03,2011,154,20.3,0,"low",209.5,0,0,70.15,7.31,578.122,0
"Albion",2011-06-08,2011,159,1.4,0,"low",1.4,0,0,94.66,11.81,578.207,0
"Albion",2011-06-09,2011,160,197.6,0,"moderate",1.4,0,0,93.83,13.78,578.026,0
"Albion",2011-06-10,2011,161,284.6,1,"exceed",197.6,1.073,1.073,68.52,7.13,578.433,0
"Albion",2011-06-11,2011,162,106.1,0,"low",284.6,0.532,1.606,62.07,8.98,578.504,0
"Albion",2011-06-12,2011,163,1,0,"low",106.1,0.02,0.553,57.8,6.62,578.396,0
"Albion",2011-06-13,2011,164,7.4,0,"low",1,0,0.02,61.36,8.82,578.248,0
"Albion",2011-06-14,2011,165,3.2,0,"low",7.4,0,0,65.21,6.83,578.269,0
"Albion",2011-06-15,2011,166,59.8,0,"low",3.2,0.048,0.048,69.13,7.3,578.393,0
"Albion",2011-06-16,2011,167,53.6,0,"low",59.8,0.465,0.513,71.72,10.8,578.392,0
"Albion",2011-06-17,2011,168,20.8,0,"low",53.6,0.024,0.488,76.01,4.38,578.404,0
"Albion",2011-06-22,2011,173,158.1,0,"moderate",1,0.339,0.571,85.86,13.92,578.507,0
"Albion",2011-06-23,2011,174,1.4,0,"low",158.1,0.069,0.408,72.32,14.37,578.479,0
"Albion",2011-06-24,2011,175,13.7,0,"low",1.4,0.02,0.089,70.16,12.7,578.452,0
"Albion",2011-06-29,2011,180,1.4,0,"low",3.5,0,0.039,76.56,6.67,578.418,0
"Albion",2011-06-30,2011,181,6.2,0,"low",1.4,0,0,74,2.89,578.346,0
"Albion",2011-07-01,2011,182,123.7,0,"low",6.2,0,0,83.4,8.99,578.499,0
"Albion",2011-07-07,2011,188,23.8,0,"low",20.1,0,0,80.57,6.27,578.427,0
"Albion",2011-07-08,2011,189,1.4,0,"low",23.8,0.022,0.022,76.08,5.59,578.479,0
"Albion",2011-07-13,2011,194,58.7,0,"low",7,0.007,0.413,80.65,5.61,578.425,0
"Albion",2011-07-14,2011,195,24.7,0,"low",58.7,0,0.007,70.77,12.23,578.567,0
"Albion",2011-07-15,2011,196,2.5,0,"low",24.7,0,0,75.78,7.45,578.524,0
"Albion",2011-07-20,2011,201,4,0,"low",5.9,0,0.004,84.83,2.78,578.506,0
"Albion",2011-07-21,2011,202,7.8,0,"low",4,0.086,0.086,97.21,7.11,578.262,0
"Albion",2011-07-22,2011,203,127.9,0,"moderate",7.8,0.003,0.09,95.45,5.71,578.262,0
"Albion",2011-07-23,2011,204,99.4,0,"low",127.9,0.566,0.569,85.32,3.57,578.352,0
"Albion",2011-07-24,2011,205,212.3,0,"moderate",99.4,2.836,3.402,81.69,0.75,578.388,0
"Albion",2011-07-25,2011,206,26.2,0,"low",212.3,0.078,2.914,82.72,1.48,578.48,0
"Albion",2011-07-26,2011,207,6.6,0,"low",26.2,0.006,0.084,80.92,3.28,578.434,1
"Albion",2011-07-27,2011,208,43.7,0,"low",6.6,0.003,0.01,79.72,4.96,578.367,0
"Albion",2011-07-28,2011,209,102.9,0,"low",43.7,0.492,0.495,86.93,7.18,578.342,0
"Albion",2011-07-29,2011,210,125.3,0,"low",102.9,0.407,0.899,81.88,3.24,578.504,0
"Albion",2011-08-03,2011,215,100.6,0,"low",1,0.276,0.276,91.11,9.45,578.36,0
"Albion",2011-08-04,2011,216,16.2,0,"low",100.6,0,0.276,80.72,8.64,578.64,0
"Albion",2011-08-10,2011,222,13.4,0,"low",15,0.031,0.255,79.59,11.59,578.409,0
"Albion",2011-08-11,2011,223,6.3,0,"low",13.4,0,0.031,74.54,6.4,578.37,0
"Albion",2011-08-12,2011,224,2.5,0,"low",6.3,0,0,77.33,2.09,578.252,0
"Albion",2011-08-17,2011,229,54.5,0,"low",8.8,0,0,79.55,3.1,578.422,0
"Albion",2011-08-18,2011,230,30.7,0,"low",54.5,0,0,81.83,7.29,578.338,0
"Albion",2011-08-19,2011,231,11.6,0,"low",30.7,0,0,79.11,3.37,578.409,0
"Albion",2011-08-24,2011,236,4,0,"low",11,0.208,0.208,79.07,11.85,577.898,0
"Albion",2011-08-25,2011,237,125.7,0,"low",4,0,0.208,90.7,10.18,578.087,0
"Albion",2011-08-26,2011,238,6.6,0,"low",125.7,0,0,75.63,6.59,578.259,0
"Albion",2011-08-31,2011,243,33.8,0,"low",20.8,0.007,0.007,79.95,7.61,578.113,0
"Albion",2011-09-01,2011,244,19.5,0,"low",33.8,0.033,0.04,87.44,7.14,578.181,0
"Albion",2011-09-02,2011,245,6.8,0,"low",19.5,0,0.033,91.98,5.58,578.263,0
"Albion",2012-05-24,2012,145,2,0,"low",1.8,0,0,73.51,5.79,577.847,0
"Albion",2012-05-25,2012,146,1,0,"low",2,0,0,84.61,18.05,577.695,0
"Albion",2012-05-31,2012,152,71.1,0,"low",3.9,0,0.003,66.54,7.12,577.868,0
"Albion",2012-06-01,2012,153,132,0,"moderate",71.1,0.767,0.767,53.78,12.68,577.991,0
"Albion",2012-06-06,2012,158,7.1,0,"low",8.7,0,0,63.57,9.45,578.029,0
"Albion",2012-06-07,2012,159,2,0,"low",7.1,0,0,68.46,6.67,577.873,0
"Albion",2012-06-08,2012,160,10.5,0,"low",2,0,0,72.4,2.35,577.767,0
"Albion",2012-06-13,2012,165,3.5,0,"low",10.8,0,0,77.16,8.15,577.847,0
"Albion",2012-06-14,2012,166,94.3,0,"low",3.5,0,0,66.26,8.22,577.781,0
"Albion",2012-06-15,2012,167,12,0,"low",94.3,0,0,77.31,8.66,577.847,0
"Albion",2012-06-20,2012,172,5.5,0,"low",33.3,0,0,89.97,17.11,577.656,0
"Albion",2012-06-21,2012,173,48,0,"low",5.5,0,0,89.97,17.17,577.635,0
"Albion",2012-06-22,2012,174,32,0,"low",48,0.013,0.013,82.41,7.47,577.678,0
"Albion",2012-06-27,2012,179,13.5,0,"low",13.4,0,0,74.83,7.01,577.866,0
"Albion",2012-06-28,2012,180,49.2,0,"low",13.5,0,0,87.81,13.13,577.697,0
"Albion",2012-06-29,2012,181,21.9,0,"low",49.2,0.023,0.023,96.03,7.96,577.777,0
"Albion",2012-07-11,2012,193,7.4,0,"low",119,0,0,77.41,11.25,577.973,0
"Albion",2012-07-12,2012,194,10.8,0,"low",7.4,0,0,80.13,7.94,577.899,0
"Albion",2012-07-13,2012,195,2.5,0,"low",10.8,0,0,86.65,7.74,577.818,0
"Albion",2012-07-18,2012,200,95.9,0,"low",20.7,0,0,97.03,10.09,577.557,0
"Albion",2012-07-19,2012,201,92.1,0,"low",95.9,0.335,0.335,83.8,6.58,577.851,0
"Albion",2012-07-20,2012,202,160.6,0,"moderate",92.1,0.613,0.948,78.96,4.01,578.002,0
"Albion",2012-07-25,2012,207,24.6,0,"low",135.2,0.56,0.566,86.88,6.21,577.691,0
"Albion",2012-07-26,2012,208,15.1,0,"low",24.6,0.004,0.564,97.66,9.96,577.568,0
"Albion",2012-07-27,2012,209,11.4,0,"low",15.1,0.289,0.292,89.84,7.1,577.626,0
"Albion",2012-08-01,2012,214,6.9,0,"low",19.2,0.236,0.256,82.32,3.37,577.69,0
"Albion",2012-08-02,2012,215,15.7,0,"low",6.9,0,0.236,82.82,5.39,577.611,0
"Albion",2012-08-03,2012,216,2.9,0,"low",15.7,0,0,87.08,4.17,577.487,0
"Albion",2012-08-08,2012,221,52.1,0,"low",1.8,0,0,90.87,6.96,577.429,0
"Albion",2012-08-09,2012,222,51.9,0,"low",52.1,0.003,0.003,80.58,9.31,577.633,0
"Albion",2012-08-10,2012,223,686.8,1,"exceed",51.9,0.295,0.299,74.19,9.23,577.712,0
"Albion",2012-08-15,2012,228,7.4,0,"low",29.5,0.003,0.29,76.73,1.03,577.66,0
"Albion",2012-08-22,2012,235,13.3,0,"low",4.1,0,0.255,74.52,1.79,577.366,0
"Albion",2012-08-23,2012,236,12.1,0,"low",13.3,0,0,79.93,7.05,577.252,0
"Albion",2012-08-24,2012,237,71.4,0,"low",12.1,0.017,0.017,86.93,9.41,577.205,0
"Albion",2012-08-29,2012,242,2.9,0,"low",53.3,0,0.007,78.6,4.04,577.305,0
"Albion",2012-08-30,2012,243,14.5,0,"low",2.9,0,0,78.58,6.29,577.268,0
"Albion",2012-08-31,2012,244,1.8,0,"low",14.5,0,0,88.07,12.02,576.952,0
"Albion",2013-05-23,2013,143,2420,1,"exceed",44.3,0.849,1.058,71.36,4.58,577.623,0
"Albion",2013-05-24,2013,144,97.6,0,"low",2420,0.05,0.9,53.54,20.13,578.166,0
"Albion",2013-05-30,2013,150,55.6,0,"low",8.7,0.013,0.364,79.95,7.68,577.632,0
"Albion",2013-05-31,2013,151,7.7,0,"low",55.6,0.335,0.348,79.73,16.42,577.582,0
"Albion",2013-06-05,2013,156,12.8,0,"low",34.5,0,0,64.47,5.33,577.762,0
"Albion",2013-06-06,2013,157,50.8,0,"low",12.8,0.007,0.007,65.41,7,577.928,0
"Albion",2013-06-07,2013,158,27,0,"low",50.8,0.171,0.178,58.68,9.46,577.971,0
"Albion",2013-06-12,2013,163,80.3,0,"low",1.7,0.14,0.29,78.19,3.17,577.747,0
"Albion",2013-06-13,2013,164,100,0,"low",80.3,0.39,0.53,75.55,2.38,577.887,0
"Albion",2013-06-14,2013,165,53.1,0,"low",100,0.032,0.423,65.84,12.73,578.018,0
"Albion",2013-06-19,2013,170,16.3,0,"low",64.8,0,0.042,63.71,13.85,578.197,0
"Albion",2013-06-20,2013,171,14,0,"low",16.3,0,0,68.12,6.06,577.927,0
"Albion",2013-06-21,2013,172,21.5,0,"low",14,0,0,78.56,7.45,577.877,0
"Albion",2013-06-26,2013,177,299.4,1,"exceed",111.2,0.044,0.326,83.79,5.66,577.835,0
"Albion",2013-06-27,2013,178,45,0,"low",299.4,1.189,1.233,77.92,4.4,577.893,0
"Albion",2013-06-28,2013,179,17.3,0,"low",45,0.577,1.766,85.87,4.29,577.911,0
"Albion",2013-07-03,2013,184,116.5,0,"low",34.5,0,0,64.13,12.22,578.215,0
"Albion",2013-07-10,2013,191,14.5,0,"low",124.7,0.01,0.251,83.69,7.12,577.957,0
"Albion",2013-07-11,2013,192,17.3,0,"low",14.5,0,0.01,80.68,4.29,577.85,0
"Albion",2013-07-12,2013,193,698,1,"exceed",17.3,0,0,75.57,5.24,577.914,0
"Albion",2013-07-13,2013,194,15,0,"low",698,0,0,76.3,5.05,577.992,0
"Albion",2013-07-17,2013,198,5.1,0,"low",5.5,0.003,0.044,88.22,5.95,577.91,0
"Albion",2013-07-18,2013,199,30,0,"low",5.1,0,0.003,88.95,4.45,577.791,0
"Albion",2013-07-19,2013,200,4.2,0,"low",30,0,0,93.25,7.76,577.741,0
"Albion",2013-07-24,2013,205,1168.1,1,"exceed",91.9,0.024,0.027,80,8.71,578.108,0
"Albion",2013-07-25,2013,206,42,0,"low",1168.1,0,0.024,68.42,11.1,577.943,0
"Albion",2013-07-26,2013,207,27.4,0,"low",42,0,0,75.6,1.68,577.821,0
"Albion",2013-07-31,2013,212,23.2,0,"low",3,0.027,0.027,72.03,6.23,577.825,0
"Albion",2013-08-01,2013,213,13.4,0,"low",23.2,0.158,0.185,74.33,1.09,577.864,0
"Albion",2013-08-02,2013,214,65.9,0,"low",13.4,0.003,0.161,75.98,5.47,577.818,0
"Albion",2013-08-07,2013,219,96.7,0,"low",10.5,0.021,0.048,81.05,8.5,577.758,0
"Albion",2013-08-08,2013,220,74.5,0,"low",96.7,0.01,0.03,84.08,2.45,577.949,0
"Albion",2013-08-09,2013,221,6.9,0,"low",74.5,0,0.01,73.7,10.55,577.943,0
"Albion",2013-08-14,2013,226,124.3,0,"low",894.2,0,0.523,69.79,12.5,578.078,0
"Albion",2013-08-15,2013,227,43.2,0,"low",124.3,0,0,67.03,6.16,577.859,0
"Albion",2013-08-16,2013,228,22.2,0,"low",43.2,0,0,72.6,4.97,577.698,0
"Albion",2013-08-21,2013,233,9.4,0,"low",15.5,0,0,85.42,7.65,577.648,0
"Albion",2013-08-22,2013,234,19.9,0,"low",9.4,0.01,0.01,88.25,10.32,577.654,0
"Albion",2013-08-23,2013,235,58.2,0,"low",19.9,0.212,0.222,78.18,2.94,577.695,0
"Albion",2013-08-28,2013,240,29,0,"low",7.5,0,0,92.94,12.95,577.68,0
"Albion",2013-08-29,2013,241,25.4,0,"low",29,0,0,84.68,7.06,577.875,0
"Albion",2013-08-30,2013,242,33.9,0,"low",25.4,0,0,79.68,3.04,577.822,0
"Albion",2014-05-22,2014,142,1,0,"low",6,0.26,0.515,77.23,1.25,578.717,0
"Albion",2014-05-23,2014,143,1.4,0,"low",1,0,0.26,63.14,5.25,578.625,0
"Albion",2014-05-29,2014,149,16.5,0,"low",15,0.201,0.326,60.96,8.83,578.878,0
"Albion",2014-05-30,2014,150,8,0,"low",16.5,0,0.201,64.33,8.26,578.922,0
"Albion",2014-06-04,2014,155,78.5,0,"low",2.8,0,0.134,75.83,5.72,578.649,0
"Albion",2014-06-05,2014,156,33,0,"low",78.5,0.123,0.123,67.41,7.09,578.836,0
"Albion",2014-06-06,2014,157,54.7,0,"low",33,0,0.123,67.38,5.25,578.784,0
"Albion",2014-06-11,2014,162,32.2,0,"low",38.5,0.615,0.615,59.7,9.93,579.007,0
"Albion",2014-06-18,2014,169,14.4,0,"low",6.9,0.003,0.003,85.09,11.19,578.796,0
"Albion",2014-06-19,2014,170,25.5,0,"low",14.4,0.208,0.211,80.86,3.3,579.096,0
"Albion",2014-06-20,2014,171,23.9,0,"low",25.5,0.291,0.499,70.98,6.06,579.167,0
"Albion",2014-06-25,2014,176,8.1,0,"low",7.5,0.68,0.811,78.46,1.45,579.042,0
"Albion",2014-06-26,2014,177,40.9,0,"low",8.1,0.01,0.69,68.8,7.53,579.183,0
"Albion",2014-06-27,2014,178,13.6,0,"low",40.9,0,0.01,67.46,5.79,579.117,0
"Albion",2014-07-02,2014,183,25,0,"low",28,0.055,2.076,79.66,12.48,578.823,1
"Albion",2014-07-03,2014,184,21.4,0,"low",25,0.102,0.158,72.06,6.7,578.957,0
"Albion",2014-07-09,2014,190,3.5,0,"low",12.7,0.31,0.717,80.19,10.8,579.037,0
"Albion",2014-07-10,2014,191,5,0,"low",3.5,0,0.31,73.3,3.74,579.036,0
"Albion",2014-07-11,2014,192,4,0,"low",5,0,0,72.24,6,579.09,0
"Albion",2014-07-16,2014,197,4.2,0,"low",138.7,0.06,0.359,67.92,11.06,579.219,0
"Albion",2014-07-17,2014,198,18.2,0,"low",4.2,0.003,0.063,67.52,4.16,579.122,0
"Albion",2014-07-18,2014,199,6.7,0,"low",18.2,0,0.003,72.35,4.6,579.121,0
"Albion",2014-07-23,2014,204,1492.9,1,"exceed",2,0.007,0.007,87.42,12.05,578.974,0
"Albion",2014-07-24,2014,205,94,0,"low",1492.9,0.01,0.017,74.8,18.19,579.474,0
"Albion",2014-07-25,2014,206,22.2,0,"low",94,0,0.01,69.38,7.36,579.242,0
"Albion",2014-07-30,2014,211,7.1,0,"low",49.9,0.073,0.073,73.46,3.38,579.144,0
"Albion",2014-07-31,2014,212,6,0,"low",7.1,0,0.073,71.68,2.56,579.143,0
"Albion",2014-08-01,2014,213,21,0,"low",6,0.01,0.01,82.07,8.42,579.062,0
"Albion",2014-08-06,2014,218,34.6,0,"low",10.4,0.23,1.716,74.38,3.02,579.265,0
"Albion",2014-08-07,2014,219,91.4,0,"low",34.6,0,0.23,74.3,6.39,579.249,0
"Albion",2014-08-08,2014,220,63,0,"low",91.4,0,0,75.71,7.87,579.216,0
"Albion",2014-08-13,2014,225,66.4,0,"low",135.5,0.026,0.903,69.82,11.65,579.486,0
"Albion",2014-08-14,2014,226,47.4,0,"low",66.4,0,0.026,77.93,3.99,579.225,0
"Albion",2014-08-15,2014,227,3.5,0,"low",47.4,0,0,67.45,8.68,579.275,0
"Albion",2014-08-20,2014,232,10.2,0,"low",8.9,0.231,0.231,84.47,11.32,579.32,0
"Albion",2014-08-21,2014,233,7.4,0,"low",10.2,0,0.231,84.85,7.87,579.33,0
"Albion",2014-08-22,2014,234,49.2,0,"low",7.4,0.997,0.997,76.9,5.67,579.35,0
"Albion",2014-08-27,2014,239,28.9,0,"low",111.9,0.026,0.543,79.4,0.73,579.28,0
"Albion",2014-08-28,2014,240,4.2,0,"low",28.9,0,0.026,75.59,6.86,579.262,0
"Albion",2014-08-29,2014,241,11.2,0,"low",4.2,0.006,0.006,72.53,9.08,579.322,0
"Albion",2015-05-21,2015,141,6.3,0,"low",24.1,0.044,0.044,45.67,8.57,579.495,0
"Albion",2015-05-22,2015,142,3.5,0,"low",6.3,0,0.044,66.48,7.93,579.462,0
"Albion",2015-05-28,2015,148,3,0,"low",1,0.112,0.597,70.94,8.77,579.525,0
"Albion",2015-05-29,2015,149,8.5,0,"low",3,0,0.112,76.01,6.45,579.607,0
"Albion",2015-06-03,2015,154,1.7,0,"low",47.9,0,0,63.08,4.4,579.794,0
"Albion",2015-06-04,2015,155,15.5,0,"low",1.7,0,0,70.52,7.16,579.82,0
"Albion",2015-06-05,2015,156,5,0,"low",15.5,0,0,77.25,8.11,579.79,0
"Albion",2015-06-10,2015,161,1.4,0,"low",2.4,0,0.113,82.87,7.25,579.718,0
"Albion",2015-06-11,2015,162,17.5,0,"low",1.4,0.029,0.029,91.23,7.86,579.761,0
"Albion",2015-06-12,2015,163,24.8,0,"low",17.5,0.128,0.157,67.84,6.04,579.944,0
"Albion",2015-06-17,2015,168,180.4,0,"moderate",127.4,0.006,1.076,70.65,9.53,580.016,1
"Albion",2015-06-18,2015,169,6.3,0,"low",180.4,0.148,0.154,64.96,2.87,580.048,0
"Albion",2015-06-19,2015,170,40.1,0,"low",6.3,0.169,0.316,79.8,5.95,580.048,0
"Albion",2015-06-24,2015,175,1.7,0,"low",7.1,0,0.026,76.31,4.58,580.017,0
"Albion",2015-06-25,2015,176,4.9,0,"low",1.7,0,0,76.41,5.16,579.875,0
"Albion",2015-06-26,2015,177,34.8,0,"low",4.9,0.541,0.541,75.9,0.54,580.153,0
"Albion",2015-07-01,2015,182,127.7,0,"moderate",4.5,0.123,0.357,71.95,3.82,580.06,0
"Albion",2015-07-02,2015,183,20.4,0,"low",127.7,0,0.123,61.7,8.03,580.091,0
"Albion",2015-07-08,2015,189,354.9,1,"exceed",281.3,0.347,0.717,72.21,11.96,580.256,0
"Albion",2015-07-09,2015,190,214.5,0,"moderate",354.9,0.037,0.384,63.12,7.06,580.11,0
"Albion",2015-07-10,2015,191,92.9,0,"low",214.5,0.016,0.053,68.51,6.05,580.118,0
"Albion",2015-07-15,2015,196,399,1,"exceed",1.4,0,0.511,76.49,9.89,580.248,0
"Albion",2015-07-16,2015,197,109.4,0,"low",399,0,0,68.71,9.77,580.217,0
"Albion",2015-07-17,2015,198,16.3,0,"low",109.4,0.599,0.599,73.12,6.61,580.058,0
"Albion",2015-07-22,2015,203,11.3,0,"low",47.8,0,0,75.64,6.43,579.976,0
"Albion",2015-07-23,2015,204,24.5,0,"low",11.3,0,0,76.71,1.53,579.948,0
"Albion",2015-07-24,2015,205,23,0,"low",24.5,0,0,78.88,3,579.985,0
"Albion",2015-07-29,2015,210,21.4,0,"low",34.1,0,0,84.46,5.36,580.004,0
"Albion",2015-07-30,2015,211,24,0,"low",21.4,0.022,0.022,85.63,7.64,579.91,0
"Albion",2015-07-31,2015,212,595.8,1,"exceed",24,0,0.022,86.37,11.49,579.79,0
"Albion",2015-08-01,2015,213,34.1,0,"low",595.8,0,0,85.31,12.03,579.848,0
"Albion",2015-08-05,2015,217,398.8,1,"exceed",22.8,0,0.687,79.7,3.94,579.96,0
"Albion",2015-08-06,2015,218,29.5,0,"low",398.8,0,0,77.67,4.43,580.036,0
"Albion",2015-08-07,2015,219,20,0,"low",29.5,0,0,77.08,8.58,580.113,0
"Albion",2015-08-12,2015,224,74,0,"low",163.3,0,0.282,76.07,6.15,580.042,0
"Albion",2015-08-13,2015,225,10,0,"low",74,0,0,74.62,4.67,579.88,0
"Albion",2015-08-14,2015,226,32.3,0,"low",10,0,0,83.03,10.34,579.753,0
"Albion",2015-08-19,2015,231,51.9,0,"low",9.5,0.534,0.785,81.06,9.81,579.95,0
"Albion",2015-08-20,2015,232,7.1,0,"low",51.9,0.02,0.554,75.16,14.56,579.717,0
"Albion",2015-08-21,2015,233,2.4,0,"low",7.1,0,0.02,72.99,14.77,579.684,0
"Albion",2015-08-26,2015,238,22.4,0,"low",41,0,0,67.04,5.5,579.697,0
"Albion",2015-08-27,2015,239,5.5,0,"low",22.4,0,0,64.37,5.23,579.754,0
"Albion",2015-08-28,2015,240,79.1,0,"low",5.5,0,0,70.06,1.28,579.792,0
"Albion",2015-09-02,2015,245,5.5,0,"low",1.7,0,0,87.83,9.72,579.762,0
"Albion",2015-09-03,2015,246,1.7,0,"low",5.5,0,0,88.89,6.96,579.77,0
"Albion",2015-09-04,2015,247,10.8,0,"low",1.7,0,0,89.5,5.55,579.905,0
"Albion",2016-06-02,2016,154,1,0,"low",1.7,0.307,0.761,74.79,1.71,580.465,0
"Albion",2016-06-03,2016,155,4.2,0,"low",1,0,0.307,75.79,3.18,580.335,0
"Albion",2016-06-08,2016,160,5,0,"low",16.7,0,0.019,62.99,8.15,580.418,0
"Albion",2016-06-09,2016,161,4.5,0,"low",5,0,0,62.61,3.33,580.28,0
"Albion",2016-06-10,2016,162,19.4,0,"low",4.5,0.121,0.121,69.81,6.43,580.367,0
"Albion",2016-06-15,2016,167,1,0,"low",115.7,0,0.007,79.08,7.19,580.531,0
"Albion",2016-06-16,2016,168,1.4,0,"low",1,0.295,0.295,84.83,6.4,580.513,0
"Albion",2016-06-17,2016,169,127.6,0,"moderate",1.4,0,0.295,82.24,10.96,580.684,0
"Albion",2016-06-22,2016,174,3.5,0,"low",11.3,0,0.003,78.77,4.17,580.311,0
"Albion",2016-06-23,2016,175,109.9,0,"low",3.5,0.8,0.8,74.99,3.92,580.435,0
"Albion",2016-06-24,2016,176,41.8,0,"low",109.9,0,0.8,71.99,7.76,580.579,0
"Albion",2016-06-29,2016,181,28.4,0,"low",75.9,0,0,70.72,12.21,580.589,0
"Albion",2016-06-30,2016,182,6,0,"low",28.4,0,0,73.82,2.58,580.371,0
"Albion",2016-07-01,2016,183,12.8,0,"low",6,0,0,76.76,8.88,580.284,0
"Albion",2016-07-07,2016,189,1.4,0,"low",3.9,0.992,0.992,84.78,7.01,580.282,0
"Albion",2016-07-08,2016,190,19.9,0,"low",1.4,0.174,1.166,79.67,2,580.371,0
"Albion",2016-07-13,2016,195,11.2,0,"low",1.4,0,0,87.68,13.54,580.23,0
"Albion",2016-07-14,2016,196,3.5,0,"low",11.2,0.166,0.166,83.56,10.1,580.112,0
"Albion",2016-07-15,2016,197,3.9,0,"low",3.5,0,0.166,85.91,14.17,580.105,0
"Albion",2016-07-20,2016,202,59.7,0,"low",2,0,0.142,81.82,3.02,580.308,0
"Albion",2016-07-21,2016,203,21.2,0,"low",59.7,0,0,85.4,5.94,580.289,0
"Albion",2016-07-22,2016,204,54.7,0,"low",21.2,0.494,0.494,88.38,6.49,580.039,0
"Albion",2016-07-26,2016,208,10,0,"low",6.7,0,0.461,82.3,1.08,580.19,0
"Albion",2016-07-27,2016,209,16.5,0,"low",10,0,0,83.12,3.12,580.223,0
"Albion",2016-07-28,2016,210,39.9,0,"low",16.5,0,0,84.51,2.81,580.259,0
"Albion",2016-07-29,2016,211,22.3,0,"low",39.9,0.182,0.182,79.76,3.42,580.394,0
"Albion",2016-08-03,2016,216,16.4,0,"low",25.4,0,0,81.86,5.72,580.397,0
"Albion",2016-08-04,2016,217,48.7,0,"low",16.4,0,0,85.29,5.19,580.364,0
"Albion",2016-08-05,2016,218,4.9,0,"low",48.7,0,0,88.23,6.31,580.276,0
"Albion",2016-08-10,2016,223,5.4,0,"low",26,0,0,83.85,5.77,580.18,0
"Albion",2016-08-11,2016,224,17.4,0,"low",5.4,0,0,84.6,3.81,580.164,0
"Albion",2016-08-12,2016,225,3.9,0,"low",17.4,0,0,90.91,10.65,580.105,0
"Albion",2016-08-17,2016,230,8.4,0,"low",130.2,0.046,0.081,81.46,2.45,580.308,0
"Albion",2016-08-18,2016,231,29.9,0,"low",8.4,0.018,0.063,85.36,5.18,580.249,0
"Albion",2016-08-19,2016,232,4,0,"low",29.9,0.591,0.608,84.44,7.85,580.213,0
"Albion",2016-08-24,2016,237,3.2,0,"low",3.5,0,0,79.38,12.29,579.918,0
"Albion",2016-08-31,2016,244,61.9,0,"low",481.4,0.106,0.287,81.66,1.25,580.223,0
"Albion",2016-09-01,2016,245,179,0,"moderate",61.9,0,0.106,74.39,12.66,580.489,0
"Albion",2016-09-02,2016,246,62,0,"low",179,0,0,71.53,13.89,580.577,0
"Calumet",2006-05-25,2006,145,37,0,"low",14,0.872,0.872,76.97,15.91,577.846,0
"Calumet",2006-05-26,2006,146,1,0,"low",37,0.219,1.091,75.04,13.53,577.922,0
"Calumet",2006-06-01,2006,152,9.1,0,"low",6.2,0,0.32,73.53,10.32,578.078,0
"Calumet",2006-06-02,2006,153,1,0,"low",9.1,0,0,66.28,11.94,578.091,0
"Calumet",2006-06-07,2006,158,402.3,1,"exceed",27.3,0,0,81.48,14.95,577.94,0
"Calumet",2006-06-08,2006,159,15.2,0,"low",402.3,0,0,72.8,6.14,578.118,0
"Calumet",2006-06-09,2006,160,1,0,"low",15.2,0,0,75.23,8.25,578.066,0
"Calumet",2006-06-14,2006,165,30.8,0,"low",1,0,0,64.14,9.01,578.077,0
"Calumet",2006-06-15,2006,166,2.9,0,"low",30.8,0,0,68.11,8.12,578.113,0
"Calumet",2006-06-16,2006,167,22.7,0,"low",2.9,0,0,82.53,5.8,578.093,0
"Calumet",2006-06-21,2006,172,648.9,1,"exceed",63.8,0,0,74.82,5.23,578.005,0
"Calumet",2006-06-22,2006,173,448.3,1,"exceed",648.9,0.06,0.06,88.25,10.94,577.913,0
"Calumet",2006-06-23,2006,174,17.4,0,"low",448.3,0.3,0.36,77.55,2.2,578.022,0
"Calumet",2006-06-28,2006,179,7.2,0,"low",108.3,0,0.31,75.97,3.06,578.035,0
"Calumet",2006-06-29,2006,180,4,0,"low",7.2,0.04,0.04,77.52,7.14,578.013,0
"Calumet",2006-06-30,2006,181,28.2,0,"low",4,0,0.04,74.34,3.91,577.952,0
"Calumet",2006-07-12,2006,193,217,0,"moderate",57.7,0.633,0.633,75.84,1.05,578.091,0
"Calumet",2006-07-13,2006,194,260.8,1,"exceed",217,0.127,0.76,73.12,11.05,578.161,0
"Calumet",2006-07-14,2006,195,168.7,0,"moderate",260.8,0,0.127,77.5,7.03,578.034,0
"Calumet",2006-07-19,2006,200,1756.4,1,"exceed",2192.3,0.09,0.09,78.92,10.7,578.065,0
"Calumet",2006-07-20,2006,201,1337,1,"exceed",1756.4,0,0.09,87.67,6.09,578.016,0
"Calumet",2006-07-21,2006,202,472.5,1,"exceed",1337,0.751,0.751,80.91,4.94,577.928,0
"Calumet",2006-07-22,2006,203,867,1,"exceed",472.5,0.03,0.781,75.61,16.33,578.108,0
"Calumet",2006-07-26,2006,207,27.8,0,"low",4.6,0,0,88.64,15.7,577.764,0
"Calumet",2006-07-27,2006,208,59.6,0,"low",27.8,0.13,0.13,82.15,15.08,577.861,0
"Calumet",2006-07-28,2006,209,1640.5,1,"exceed",59.6,0.02,0.15,85.49,6.23,577.947,0
"Calumet",2006-07-29,2006,210,36.6,0,"low",1640.5,0,0.02,89.53,3.62,577.942,0
"Calumet",2006-08-02,2006,214,69.2,0,"low",117.1,0,0,93.65,15.72,577.792,0
"Calumet",2006-08-03,2006,215,2419.6,1,"exceed",69.2,0.348,0.348,93.52,18.86,577.893,0
"Calumet",2006-08-04,2006,216,118.6,0,"low",2419.6,0.734,1.082,75.63,5.85,578.06,0
"Calumet",2006-08-09,2006,221,33.1,0,"low",48.5,0,0,74.38,13.8,578.109,0
"Calumet",2006-08-10,2006,222,291.6,1,"exceed",33.1,0.11,0.11,80.34,8.51,577.977,0
"Calumet",2006-08-11,2006,223,354.8,1,"exceed",291.6,0.542,0.652,76.08,4.53,578.171,0
"Calumet",2006-08-16,2006,228,63.9,0,"low",606.8,0,0,75.04,3.57,577.826,0
"Calumet",2006-08-17,2006,229,85.8,0,"low",63.9,0,0,76.51,7.99,577.919,0
"Calumet",2006-08-18,2006,230,18,0,"low",85.8,0,0,78.27,6.86,577.95,0
"Calumet",2006-08-23,2006,235,10.7,0,"low",26.6,0,0,81.19,1.01,577.883,0
"Calumet",2006-08-24,2006,236,90.6,0,"low",10.7,0,0,85.4,4.55,577.925,0
"Calumet",2006-08-25,2006,237,82.4,0,"low",90.6,0.608,0.608,82.51,6.2,577.945,0
"Calumet",2006-08-30,2006,242,107.4,0,"low",434.9,0.111,1.794,67.9,12.19,578.246,0
"Calumet",2006-08-31,2006,243,84.4,0,"low",107.4,0.117,0.228,73.53,12.34,578.4,0
"Calumet",2006-09-01,2006,244,156.4,0,"moderate",84.4,0,0.117,72.48,13.97,578.358,0
"Calumet",2007-05-30,2007,150,3.5,0,"low",27.1,0,0,85.96,5.95,577.877,0
"Calumet",2007-06-06,2007,157,102.2,0,"low",2419.6,0.27,0.52,59.39,9.74,577.92,0
"Calumet",2007-06-07,2007,158,99.2,0,"low",102.2,0,0.27,75.81,7.19,577.75,0
"Calumet",2007-06-08,2007,159,148.2,0,"moderate",99.2,0,0,91.24,17.59,577.59,0
"Calumet",2007-06-09,2007,160,1,0,"low",148.2,0,0,82,5.72,577.751,0
"Calumet",2007-06-10,2007,161,1,0,"low",1,0,0,71.73,4.12,577.848,0
"Calumet",2007-06-11,2007,162,13.2,0,"low",1,0,0,79.03,4.78,577.928,0
"Calumet",2007-06-12,2007,163,133.5,0,"moderate",13.2,0,0,76.35,4.42,577.928,0
"Calumet",2007-06-13,2007,164,157.9,0,"moderate",133.5,0,0,72.78,7.13,577.911,0
"Calumet",2007-06-14,2007,165,97.4,0,"low",157.9,0,0,75.18,7.07,577.919,0
"Calumet",2007-06-15,2007,166,52,0,"low",97.4,0,0,75.5,5.47,577.939,0
"Calumet",2007-06-20,2007,171,148.7,0,"moderate",687.1,0.54,0.54,80.02,6.86,577.746,0
"Calumet",2007-06-21,2007,172,126.3,0,"moderate",148.7,0,0.54,80.57,0.23,577.675,0
"Calumet",2007-06-22,2007,173,330.4,1,"exceed",126.3,0,0,79.34,4.01,577.785,0
"Calumet",2007-06-27,2007,178,38.3,0,"low",54.4,0,0,85.5,6.45,577.738,0
"Calumet",2007-06-28,2007,179,42.3,0,"low",38.3,0.35,0.35,87.77,6.89,577.706,0
"Calumet",2007-06-29,2007,180,92.1,0,"low",42.3,0,0.35,74.76,10.15,578.045,0
"Calumet",2007-07-04,2007,185,316.1,1,"exceed",43.3,0.01,0.01,80.84,5.92,577.696,0
"Calumet",2007-07-05,2007,186,201.6,0,"moderate",316.1,0.55,0.56,78.35,1.92,577.806,0
"Calumet",2007-07-06,2007,187,100.6,0,"low",201.6,0,0.55,77.82,2.3,577.759,0
"Calumet",2007-07-11,2007,192,2419.6,1,"exceed",291.1,0.15,0.28,85.76,7.26,577.716,0
"Calumet",2007-07-12,2007,193,928.7,1,"exceed",2419.6,0,0.15,75.64,4.77,577.669,0
"Calumet",2007-07-13,2007,194,243,1,"exceed",928.7,0,0,79.73,7.44,577.625,0
"Calumet",2007-07-18,2007,199,1345.6,1,"exceed",894.6,0.11,0.11,81.64,4.8,577.769,0
"Calumet",2007-07-19,2007,200,355.1,1,"exceed",1345.6,0.773,0.883,84.29,7.43,577.683,0
"Calumet",2007-07-20,2007,201,991.1,1,"exceed",355.1,0.115,0.888,78.87,6.54,577.95,0
"Calumet",2007-07-25,2007,206,184.8,0,"moderate",361,0,0,76.45,1.48,577.688,0
"Calumet",2007-07-26,2007,207,1026.2,1,"exceed",184.8,0,0,81.2,5.84,577.674,0
"Calumet",2007-07-27,2007,208,408.7,1,"exceed",1026.2,0.674,0.674,83.11,6.41,577.661,0
"Calumet",2007-07-28,2007,209,1166.1,1,"exceed",408.7,0.06,0.734,77.66,1.95,577.755,0
"Calumet",2007-07-29,2007,210,320.4,1,"exceed",1166.1,0,0.06,75.33,9.94,577.925,0
"Calumet",2007-07-30,2007,211,127.1,0,"moderate",320.4,0,0,77.48,5.47,577.829,0
"Calumet",2007-07-31,2007,212,174.3,0,"moderate",127.1,0,0,80.2,5.28,577.699,0
"Calumet",2007-08-01,2007,213,791.5,1,"exceed",174.3,0,0,83.17,2.65,577.675,0
"Calumet",2007-08-02,2007,214,31.3,0,"low",791.5,0,0,83.65,2.67,577.682,0
"Calumet",2007-08-03,2007,215,195.9,0,"moderate",31.3,0,0,89.26,5.63,577.563,0
"Calumet",2007-08-08,2007,220,34.9,0,"low",55.2,0.14,0.16,91.29,5.49,577.645,0
"Calumet",2007-08-09,2007,221,558,1,"exceed",34.9,0.417,0.557,83.66,2.84,577.665,0
"Calumet",2007-08-10,2007,222,49.2,0,"low",558,0.2,0.617,86.1,1.8,577.71,0
"Calumet",2007-08-15,2007,227,186.2,0,"moderate",239.2,0.42,0.42,83.83,6.76,577.495,0
"Calumet",2007-08-16,2007,228,87.3,0,"low",186.2,1.18,1.6,79.24,4.56,577.561,0
"Calumet",2007-08-17,2007,229,55.4,0,"low",87.3,0,1.18,74.92,4.11,577.507,0
"Calumet",2007-08-22,2007,234,236.9,1,"exceed",25.8,0.025,0.989,83.51,2.42,577.727,0
"Calumet",2007-08-23,2007,235,310.3,1,"exceed",236.9,1.129,1.154,89.56,5.03,577.464,0
"Calumet",2007-08-24,2007,236,233.8,0,"moderate",310.3,1.268,2.397,87.68,7.66,577.425,1
"Calumet",2007-08-25,2007,237,326,1,"exceed",233.8,0.29,1.558,81.18,5.72,577.509,1
"Calumet",2007-08-26,2007,238,596,1,"exceed",326,0.252,0.542,72.92,2.81,577.618,0
"Calumet",2007-08-27,2007,239,96.5,0,"low",596,0,0.252,73.89,2.16,577.588,0
"Calumet",2007-08-28,2007,240,7.5,0,"low",96.5,0,0,80.34,4.93,577.524,0
"Calumet",2007-08-29,2007,241,64.6,0,"low",7.5,0,0,92.04,7.26,577.484,0
"Calumet",2007-08-30,2007,242,668,1,"exceed",64.6,0,0,83.55,3.61,577.699,0
"Calumet",2007-08-31,2007,243,378.4,1,"exceed",668,0,0,70.9,11.59,577.78,0
"Calumet",2007-09-01,2007,244,58,0,"low",378.4,0,0,72.63,6.76,577.626,0
"Calumet",2008-05-29,2008,150,47.6,0,"low",169.3,0,0,54.73,9.87,577.973,0
"Calumet",2008-05-30,2008,151,20.9,0,"low",47.6,0.13,0.13,61.43,3.63,577.753,0
"Calumet",2008-06-04,2008,156,212.7,0,"moderate",1849.4,0.56,0.56,68.95,4.36,577.949,0
"Calumet",2008-06-05,2008,157,34.5,0,"low",212.7,0.178,0.738,66.22,5.07,578.065,0
"Calumet",2008-06-06,2008,158,14.6,0,"low",34.5,0.596,0.774,86.78,12.37,577.936,0
"Calumet",2008-06-11,2008,163,42.5,0,"low",11.5,0.01,0.38,80.3,7.12,577.908,0
"Calumet",2008-06-12,2008,164,24.6,0,"low",42.5,0,0.01,84.06,13.05,578.155,0
"Calumet",2008-06-13,2008,165,53.2,0,"low",24.6,0,0,89.45,21.62,578.215,0
"Calumet",2008-06-18,2008,170,52.1,0,"low",18,0,0,75.55,8.6,578.079,0
"Calumet",2008-06-19,2008,171,26.3,0,"low",52.1,0,0,67.88,7.32,578.15,0
"Calumet",2008-06-20,2008,172,5.5,0,"low",26.3,0.01,0.01,73.91,3.82,578.13,0
"Calumet",2008-06-25,2008,177,4.1,0,"low",71.9,0,0,74.84,5.62,578.148,0
"Calumet",2008-06-26,2008,178,159.9,0,"moderate",4.1,0.274,0.274,80.17,11.54,578.1,0
"Calumet",2008-06-27,2008,179,5.7,0,"low",159.9,0,0.274,85.64,7.63,578.16,0
"Calumet",2008-07-02,2008,184,3.6,0,"low",7.9,0,0,82.09,8.18,578.09,0
"Calumet",2008-07-03,2008,185,771.3,1,"exceed",3.6,0.01,0.01,86.29,14.45,578.098,0
"Calumet",2008-07-04,2008,186,19.9,0,"low",771.3,0,0.01,64.87,21.68,578.525,0
"Calumet",2008-07-09,2008,191,58.4,0,"low",45,0.662,0.877,83.86,9.31,578.235,0
"Calumet",2008-07-10,2008,192,34.8,0,"low",58.4,0.172,0.835,75.9,2.71,578.223,0
"Calumet",2008-07-11,2008,193,49,0,"low",34.8,0.351,0.523,82.41,12.27,578.145,0
"Calumet",2008-07-16,2008,198,1.4,0,"low",6.7,0,0,89.16,8.19,578.149,0
"Calumet",2008-07-17,2008,199,26.2,0,"low",1.4,0,0,87.79,5.86,578.227,0
"Calumet",2008-07-18,2008,200,9.7,0,"low",26.2,0,0,88.29,8.42,578.239,0
"Calumet",2008-07-23,2008,205,250.7,1,"exceed",1318.8,0.06,0.145,70.97,9.71,578.575,0
"Calumet",2008-07-24,2008,206,26.5,0,"low",250.7,0,0.06,74.05,9.52,578.516,0
"Calumet",2008-07-25,2008,207,20.3,0,"low",26.5,0,0,79.05,0.49,578.37,0
"Calumet",2008-07-30,2008,212,32.2,0,"low",68.3,0.19,0.19,86.57,3.81,578.319,0
"Calumet",2008-07-31,2008,213,13.4,0,"low",32.2,0.04,0.23,83.86,4.22,578.298,0
"Calumet",2008-08-01,2008,214,20.2,0,"low",13.4,0.7,0.74,80.5,2.79,578.233,0
"Calumet",2008-08-06,2008,219,41.8,0,"low",893.2,0.09,0.634,78.56,1.14,578.461,0
"Calumet",2008-08-07,2008,220,12.7,0,"low",41.8,0.01,0.1,80.09,2.75,578.291,0
"Calumet",2008-08-08,2008,221,355.8,1,"exceed",12.7,0.01,0.02,76.11,6.76,578.517,0
"Calumet",2008-08-09,2008,222,32.2,0,"low",355.8,0,0.01,73.47,7.59,578.385,0
"Calumet",2008-08-13,2008,226,247.3,1,"exceed",7.7,0,0,72.81,3.29,578.41,0
"Calumet",2008-08-14,2008,227,184.2,0,"moderate",247.3,0,0,72.76,2.91,578.427,0
"Calumet",2008-08-15,2008,228,169.7,0,"moderate",184.2,0,0,72.92,8.2,578.574,0
"Calumet",2008-08-20,2008,233,9.1,0,"low",237,0,0,76.05,5.75,578.565,0
"Calumet",2008-08-21,2008,234,42.5,0,"low",9.1,0,0,75.55,6.26,578.485,0
"Calumet",2008-08-22,2008,235,4.6,0,"low",42.5,0,0,79.2,6.05,578.367,0
"Calumet",2008-08-27,2008,240,13.6,0,"low",13.4,0,0,71.99,9.5,578.403,0
"Calumet",2008-08-28,2008,241,51.6,0,"low",13.6,0,0,73.59,4.68,578.309,0
"Calumet",2008-08-29,2008,242,71.2,0,"low",51.6,0.02,0.02,79.9,6.16,578.204,0
"Calumet",2009-05-28,2009,148,166.8,0,"moderate",67.8,0.056,1.072,73.46,1.18,579.11,0
"Calumet",2009-05-29,2009,149,12.5,0,"low",166.8,0,0.056,60.99,4.23,578.911,0
"Calumet",2009-06-03,2009,154,132.6,0,"moderate",487.3,0.01,1.133,53.8,9.89,579.017,0
"Calumet",2009-06-04,2009,155,25.3,0,"low",132.6,0,0.01,55.05,11.76,579.015,0
"Calumet",2009-06-05,2009,156,3.3,0,"low",25.3,0,0,60.97,7,578.901,0
"Calumet",2009-06-10,2009,161,154,0,"moderate",135.2,0,0.08,62.01,5.66,579.142,0
"Calumet",2009-06-11,2009,162,1421.8,1,"exceed",154,0.101,0.101,58.76,7.97,579.027,0
"Calumet",2009-06-12,2009,163,32.3,0,"low",1421.8,0.897,0.998,56.78,9.69,579.194,0
"Calumet",2009-06-17,2009,168,25.9,0,"low",1849.4,0.966,1.246,67.67,8.38,579.153,0
"Calumet",2009-06-18,2009,169,245.5,1,"exceed",25.9,0,0.966,67.23,2.22,579.141,0
"Calumet",2009-06-19,2009,170,1012.8,1,"exceed",245.5,0.146,0.146,79.77,3.62,579.036,0
"Calumet",2009-06-20,2009,171,6.2,0,"low",1012.8,0.919,1.065,87.24,6.33,578.927,0
"Calumet",2009-06-24,2009,175,4.4,0,"low",387.4,0,0.08,84.11,3.23,579.09,0
"Calumet",2009-06-25,2009,176,43.8,0,"low",4.4,0.07,0.07,88.33,0.73,579.048,0
"Calumet",2009-06-26,2009,177,517.2,1,"exceed",43.8,0,0.07,81.41,1.9,579.084,0
"Calumet",2009-07-01,2009,182,26.2,0,"low",138.6,0,0,68.73,6.21,579.061,0
"Calumet",2009-07-02,2009,183,26.3,0,"low",26.2,0,0,63.78,4.43,579.068,0
"Calumet",2009-07-08,2009,189,65.7,0,"low",80.8,0,0,71.39,5.58,579.018,0
"Calumet",2009-07-09,2009,190,842.1,1,"exceed",65.7,0.17,0.17,67.59,6.21,579.049,0
"Calumet",2009-07-10,2009,191,698.1,1,"exceed",842.1,0,0.17,73.33,5.27,579.128,0
"Calumet",2009-07-15,2009,196,91.6,0,"low",108.9,0,0,78.36,5.95,578.959,0
"Calumet",2009-07-16,2009,197,204.6,0,"moderate",91.6,0.7,0.7,85.19,6.99,578.83,0
"Calumet",2009-07-17,2009,198,260.7,1,"exceed",204.6,0.17,0.87,81.11,6.34,578.827,0
"Calumet",2009-07-22,2009,203,249.6,1,"exceed",70.2,0,0,76.52,3.77,579.032,0
"Calumet",2009-07-23,2009,204,137.2,0,"moderate",249.6,0,0,73.26,2.26,579.107,0
"Calumet",2009-07-24,2009,205,75.3,0,"low",137.2,0.17,0.17,73.07,2.24,579.058,0
"Calumet",2009-07-29,2009,210,1225.1,1,"exceed",70.8,0.04,0.04,84.04,4.59,578.877,0
"Calumet",2009-07-30,2009,211,120,0,"low",1225.1,0,0.04,72.75,4.99,578.896,0
"Calumet",2009-07-31,2009,212,40,0,"low",120,0,0,77.75,5.62,578.84,0
"Calumet",2009-08-05,2009,217,1122.4,1,"exceed",66.1,0,0.06,76.97,1.45,578.907,0
"Calumet",2009-08-06,2009,218,154,0,"moderate",1122.4,0,0,72.25,5.47,578.799,0
"Calumet",2009-08-07,2009,219,40.6,0,"low",154,0,0,74.01,2.44,578.84,0
"Calumet",2009-08-12,2009,224,1646.1,1,"exceed",31.2,0,0,75.53,5.46,579.043,0
"Calumet",2009-08-13,2009,225,1218,1,"exceed",1646.1,0,0,73.52,5.26,578.94,0
"Calumet",2009-08-14,2009,226,43.1,0,"low",1218,0,0,79.25,3.12,578.885,0
"Calumet",2009-08-19,2009,231,579.3,1,"exceed",25.2,0.06,0.569,83.74,5.57,578.846,0
"Calumet",2009-08-20,2009,232,26.5,0,"low",579.3,0.344,0.404,78.58,3.71,578.865,0
"Calumet",2009-08-21,2009,233,91.2,0,"low",26.5,0.085,0.429,76.77,11.98,578.875,0
"Calumet",2009-08-26,2009,238,7.6,0,"low",50.8,0,0,79.92,8.77,578.733,0
"Calumet",2009-08-27,2009,239,1092.9,1,"exceed",7.6,0.574,0.574,71.54,3.24,578.996,0
"Calumet",2009-08-28,2009,240,160.8,0,"moderate",1092.9,0.864,1.438,67.75,10.54,579.078,0
"Calumet",2009-09-02,2009,245,10.9,0,"low",44,0,0,67.03,4.5,578.965,0
"Calumet",2009-09-03,2009,246,52.4,0,"low",10.9,0,0,68.37,4.35,578.963,0
"Calumet",2010-05-27,2010,147,2419.6,1,"exceed",13.9,0,0,77.06,3.23,578.118,0
"Calumet",2010-05-28,2010,148,75.2,0,"low",2419.6,0,0,66.66,11.21,578.183,0
"Calumet",2010-06-03,2010,154,639.7,1,"exceed",26.6,1.28,1.28,75.85,2.45,578.187,0
"Calumet",2010-06-04,2010,155,6.8,0,"low",639.7,0,1.28,65.62,8.01,578.22,0
"Calumet",2010-06-09,2010,160,2,0,"low",15.3,0.305,0.305,68.04,7.94,578.131,0
"Calumet",2010-06-10,2010,161,52,0,"low",2,0,0.305,82.81,6.67,578.265,0
"Calumet",2010-06-11,2010,162,44.4,0,"low",52,0,0,80.87,3.75,578.175,0
"Calumet",2010-06-16,2010,167,2.9,0,"low",149.8,0.57,0.71,77.89,0.79,578.43,0
"Calumet",2010-06-17,2010,168,123.3,0,"low",2.9,0,0.57,80.54,4.42,578.48,0
"Calumet",2010-06-18,2010,169,72.2,0,"low",123.3,0,0,76.21,4.92,578.355,0
"Calumet",2010-06-23,2010,174,707.5,1,"exceed",9.5,0.882,1.262,86.07,6.53,578.446,0
"Calumet",2010-06-24,2010,175,19.7,0,"low",707.5,1.38,2.262,86.86,8.18,578.17,0
"Calumet",2010-06-25,2010,176,3.6,0,"low",19.7,0.158,1.537,75.02,1.55,578.34,0
"Calumet",2010-06-30,2010,181,15.7,0,"low",286.2,0,1.28,69.58,7.91,578.385,0
"Calumet",2010-07-01,2010,182,317.3,1,"exceed",15.7,0,0,69.78,4.47,578.399,0
"Calumet",2010-07-02,2010,183,7,0,"low",317.3,0,0,72.63,5.96,578.397,0
"Calumet",2010-07-08,2010,189,501.7,1,"exceed",33,0.132,0.162,90.28,3.15,578.271,0
"Calumet",2010-07-09,2010,190,275.2,1,"exceed",501.7,0.287,0.419,78.49,1.06,578.34,0
"Calumet",2010-07-14,2010,195,56.6,0,"low",78.6,0.086,0.101,78.91,4.84,578.445,0
"Calumet",2010-07-15,2010,196,21.8,0,"low",56.6,0,0.086,88.93,7.6,578.348,0
"Calumet",2010-07-16,2010,197,13.7,0,"low",21.8,0,0,90.97,6.16,578.358,0
"Calumet",2010-07-21,2010,202,13.2,0,"low",47.6,0,0,81.94,5.56,578.354,0
"Calumet",2010-07-22,2010,203,55.4,0,"low",13.2,0,0,81.71,0.6,578.33,0
"Calumet",2010-07-23,2010,204,8,0,"low",55.4,1.56,1.56,87.59,7.59,578.234,0
"Calumet",2010-07-28,2010,209,17.4,0,"low",42.8,0,0,86.53,5.18,578.336,0
"Calumet",2010-07-29,2010,210,203.9,0,"moderate",17.4,0,0,89.36,4.47,578.268,0
"Calumet",2010-07-30,2010,211,355.1,1,"exceed",203.9,0,0,77.59,5.36,578.413,0
"Calumet",2010-07-31,2010,212,355,1,"exceed",355.1,0,0,77.8,4.67,578.436,0
"Calumet",2010-08-04,2010,216,98.8,0,"low",6.7,1.361,1.437,82.06,2.57,578.278,0
"Calumet",2010-08-05,2010,217,4.4,0,"low",98.8,0.57,1.931,79.29,2.64,578.327,0
"Calumet",2010-08-06,2010,218,1500.7,1,"exceed",4.4,0,0.57,84.91,6.64,578.252,0
"Calumet",2010-08-07,2010,219,42.9,0,"low",1500.7,0,0,77.24,1.24,578.307,0
"Calumet",2010-08-11,2010,223,7.7,0,"low",197.9,0,0,81.47,3.92,578.372,0
"Calumet",2010-08-12,2010,224,134.6,0,"moderate",7.7,0,0,90.41,3.51,578.417,0
"Calumet",2010-08-13,2010,225,21.1,0,"low",134.6,0,0,83.4,3.07,578.441,0
"Calumet",2010-08-18,2010,230,868.9,1,"exceed",579.4,0.02,0.02,75.84,2.22,578.056,0
"Calumet",2010-08-19,2010,231,161.3,0,"moderate",868.9,0.07,0.09,78.81,2.39,578.04,0
"Calumet",2010-08-20,2010,232,110.4,0,"low",161.3,0,0.07,86.69,3.88,578.133,0
"Calumet",2010-08-25,2010,237,153.1,0,"moderate",134.2,0,0,76.59,4.65,578.324,0
"Calumet",2010-08-26,2010,238,37.7,0,"low",153.1,0,0,75.65,8.44,578.394,0
"Calumet",2010-08-27,2010,239,4,0,"low",37.7,0,0,73.17,4.27,578.22,0
"Calumet",2010-09-01,2010,244,3.2,0,"low",1.4,0,0,90.23,11.25,577.888,0
"Calumet",2010-09-02,2010,245,52.4,0,"low",3.2,0.181,0.181,80.78,4.74,578.083,0
"Calumet",2010-09-03,2010,246,11,0,"low",52.4,0.635,0.816,81.9,6.74,578.112,0
"Calumet",2011-06-02,2011,153,921.6,1,"exceed",6,0,0,81.81,9.04,577.848,0
"Calumet",2011-06-03,2011,154,44,0,"low",921.6,0,0,71.18,6.24,578.122,0
"Calumet",2011-06-08,2011,159,2.9,0,"low",4.8,0,0,95.69,8.7,578.207,0
"Calumet",2011-06-09,2011,160,166.4,0,"moderate",2.9,0,0,94.05,10.3,578.026,0
"Calumet",2011-06-10,2011,161,291.1,1,"exceed",166.4,2.901,2.901,75.32,5.7,578.433,0
"Calumet",2011-06-11,2011,162,113.4,0,"low",291.1,0.74,3.641,65.11,7.71,578.504,0
"Calumet",2011-06-12,2011,163,1,0,"low",113.4,0.03,0.77,59.16,5.78,578.396,0
"Calumet",2011-06-13,2011,164,21.8,0,"low",1,0,0.03,57.92,7.91,578.248,0
"Calumet",2011-06-14,2011,165,33.7,0,"low",21.8,0,0,63.23,6.35,578.269,0
"Calumet",2011-06-15,2011,166,35.6,0,"low",33.7,0.06,0.06,69.1,6.1,578.393,0
"Calumet",2011-06-16,2011,167,2,0,"low",35.6,0.546,0.607,68.9,9,578.392,0
"Calumet",2011-06-17,2011,168,97.8,0,"low",2,0.116,0.663,79.62,3.73,578.404,0
"Calumet",2011-06-22,2011,173,5.7,0,"low",2.4,0.08,0.481,87.91,11.57,578.507,0
"Calumet",2011-06-23,2011,174,10.6,0,"low",5.7,0.02,0.1,73.29,11.5,578.479,0
"Calumet",2011-06-24,2011,175,115.3,0,"low",10.6,0.05,0.07,71.19,9.82,578.452,0
"Calumet",2011-06-29,2011,180,46.2,0,"low",40.8,0,0.1,76.94,3.01,578.418,0
"Calumet",2011-06-30,2011,181,9.5,0,"low",46.2,0,0,74.7,2.74,578.346,0
"Calumet",2011-07-01,2011,182,78.3,0,"low",9.5,0.377,0.377,85.81,5.82,578.499,0
"Calumet",2011-07-07,2011,188,530.6,1,"exceed",62.3,0,0,81.49,5.34,578.427,0
"Calumet",2011-07-08,2011,189,40.9,0,"low",530.6,0.07,0.07,72.55,4.6,578.479,0
"Calumet",2011-07-13,2011,194,387,1,"exceed",27,0.01,0.13,81.92,4.45,578.425,0
"Calumet",2011-07-14,2011,195,27,0,"low",387,0,0.01,71.95,11.41,578.567,0
"Calumet",2011-07-15,2011,196,14.5,0,"low",27,0,0,75.26,6.23,578.524,0
"Calumet",2011-07-20,2011,201,15,0,"low",150.7,0,0,83.05,3.06,578.506,0
"Calumet",2011-07-21,2011,202,4.6,0,"low",15,0,0,98.07,5.8,578.262,0
"Calumet",2011-07-22,2011,203,180.6,0,"moderate",4.6,0.01,0.01,99.22,3.28,578.262,0
"Calumet",2011-07-23,2011,204,97.3,0,"low",180.6,0.822,0.832,88.72,3.44,578.352,0
"Calumet",2011-07-24,2011,205,141.3,0,"moderate",97.3,0.16,0.982,81.79,0.93,578.388,0
"Calumet",2011-07-25,2011,206,160.7,0,"moderate",141.3,0.248,0.408,83.59,1.12,578.48,0
"Calumet",2011-07-26,2011,207,65.7,0,"low",160.7,0.02,0.268,76.81,3.28,578.434,1
"Calumet",2011-07-27,2011,208,36.9,0,"low",65.7,0.01,0.03,77.98,4.32,578.367,0
"Calumet",2011-07-28,2011,209,4,0,"low",36.9,0,0.01,89.19,5.77,578.342,0
"Calumet",2011-07-29,2011,210,447.6,1,"exceed",4,0.582,0.582,83.24,3.01,578.504,0
"Calumet",2011-07-30,2011,211,97.8,0,"low",447.6,0.25,0.832,82.45,3.4,578.473,0
"Calumet",2011-08-03,2011,215,1640.6,1,"exceed",10.4,0.28,0.28,91.17,7.04,578.36,0
"Calumet",2011-08-04,2011,216,1216.1,1,"exceed",1640.6,0,0.28,79.06,7.68,578.64,0
"Calumet",2011-08-05,2011,217,59.5,0,"low",1216.1,0,0,77.2,6.19,578.494,0
"Calumet",2011-08-10,2011,222,358.6,1,"exceed",4.8,0.01,0.26,81.81,7.52,578.409,0
"Calumet",2011-08-11,2011,223,29.6,0,"low",358.6,0,0.01,72.95,4.2,578.37,0
"Calumet",2011-08-12,2011,224,4.6,0,"low",29.6,0,0,76.67,1.67,578.252,0
"Calumet",2011-08-17,2011,229,9.6,0,"low",21.6,0,0,79.73,2.18,578.422,0
"Calumet",2011-08-18,2011,230,201.6,0,"moderate",9.6,0,0,82.83,5.68,578.338,0
"Calumet",2011-08-19,2011,231,47.1,0,"low",201.6,0,0,77.15,3.74,578.409,0
"Calumet",2011-08-24,2011,236,288.9,1,"exceed",25,0.311,0.311,76.18,8.79,577.898,0
"Calumet",2011-08-25,2011,237,630.9,1,"exceed",288.9,0,0.311,91.06,8.06,578.087,0
"Calumet",2011-08-26,2011,238,46.4,0,"low",630.9,0,0,75.45,5.58,578.259,0
"Calumet",2011-08-31,2011,243,38.1,0,"low",5.2,0.01,0.01,77.99,6.09,578.113,0
"Calumet",2011-09-01,2011,244,3.1,0,"low",38.1,0.06,0.07,87.85,5.71,578.181,0
"Calumet",2011-09-02,2011,245,50.8,0,"low",3.1,0,0.06,92.38,4.86,578.263,0
"Calumet",2012-05-24,2012,145,9,0,"low",12.7,0,0.015,71.28,3.67,577.847,0
"Calumet",2012-05-25,2012,146,398.7,1,"exceed",9,0,0,85.99,14.3,577.695,0
"Calumet",2012-05-26,2012,147,793.8,1,"exceed",398.7,0,0,77.7,2.51,577.686,0
"Calumet",2012-05-27,2012,148,76.3,0,"low",793.8,0,0,72.35,7.05,577.856,0
"Calumet",2012-05-31,2012,152,125.5,0,"low",152.1,0,0.005,68.36,5.91,577.868,0
"Calumet",2012-06-01,2012,153,57.8,0,"low",125.5,0.499,0.499,54.81,12.46,577.991,0
"Calumet",2012-06-06,2012,158,65.9,0,"low",85.5,0,0,62.8,8.66,578.029,0
"Calumet",2012-06-07,2012,159,66,0,"low",65.9,0,0,67.23,6.38,577.873,0
"Calumet",2012-06-08,2012,160,8,0,"low",66,0,0,69.93,3.18,577.767,0
"Calumet",2012-06-13,2012,165,73.6,0,"low",1756.4,0,0.036,76.8,6.14,577.847,0
"Calumet",2012-06-14,2012,166,86.9,0,"low",73.6,0,0,66.52,7.3,577.781,0
"Calumet",2012-06-15,2012,167,22.8,0,"low",86.9,0,0,76.49,5.87,577.847,0
"Calumet",2012-06-20,2012,172,2.7,0,"low",164.3,0,0,89.47,12.85,577.656,0
"Calumet",2012-06-21,2012,173,41,0,"low",2.7,0,0,89.44,11.93,577.635,0
"Calumet",2012-06-22,2012,174,85.2,0,"low",41,0.035,0.035,81.58,4.97,577.678,0
"Calumet",2012-06-27,2012,179,32.3,0,"low",707.5,0,0,72.33,6.16,577.866,0
"Calumet",2012-06-28,2012,180,13.2,0,"low",32.3,0,0,87.42,10.01,577.697,0
"Calumet",2012-06-29,2012,181,1732.9,1,"exceed",13.2,0.121,0.121,99.28,6.06,577.777,0
"Calumet",2012-06-30,2012,182,15,0,"low",1732.9,0.557,0.679,84.57,2.39,577.622,0
"Calumet",2012-07-07,2012,189,117,0,"low",18.5,0,0,90.12,1.21,577.785,0
"Calumet",2012-07-08,2012,190,105.9,0,"low",117,0,0,91.83,6.61,577.941,0
"Calumet",2012-07-09,2012,191,36.2,0,"low",105.9,0.107,0.107,76.87,12.5,577.964,0
"Calumet",2012-07-10,2012,192,169.4,0,"moderate",36.2,0,0.107,79.23,4.76,577.932,0
"Calumet",2012-07-11,2012,193,44.6,0,"low",169.4,0,0,75.97,10.55,577.973,0
"Calumet",2012-07-12,2012,194,21.4,0,"low",44.6,0,0,78.97,6.23,577.899,0
"Calumet",2012-07-13,2012,195,7.4,0,"low",21.4,0,0,82.69,5.77,577.818,0
"Calumet",2012-07-18,2012,200,1082.1,1,"exceed",7.1,0,0,98.1,6.8,577.557,0
"Calumet",2012-07-19,2012,201,115.6,0,"low",1082.1,0.01,0.01,83.44,5.91,577.851,0
"Calumet",2012-07-20,2012,202,184.9,0,"moderate",115.6,1.036,1.046,79.5,3.2,578.002,0
"Calumet",2012-07-25,2012,207,64.4,0,"low",474.1,0.241,0.251,87.57,5.26,577.691,0
"Calumet",2012-07-26,2012,208,31,0,"low",64.4,0.005,0.246,97.9,7.56,577.568,0
"Calumet",2012-07-27,2012,209,14.6499146755194,0,"low",31,0.09,0.095,88.51,6,577.626,0
"Calumet",2012-08-01,2012,214,39.8108025540807,0,"low",41.5858148892143,0.592,0.592,81.37,4.3,577.69,0
"Calumet",2012-08-02,2012,215,91.4920761596325,0,"low",39.8108025540807,0,0.592,80.47,5.25,577.611,0
"Calumet",2012-08-03,2012,216,73.8542483544447,0,"low",91.4920761596325,0,0,86.27,3.06,577.487,0
"Calumet",2012-08-08,2012,221,190.366173465771,0,"moderate",13.9892816112908,0,0,91.03,5.84,577.429,0
"Calumet",2012-08-09,2012,222,119.600543477026,0,"low",190.366173465771,0.036,0.036,80.34,7.35,577.633,0
"Calumet",2012-08-10,2012,223,902.65807479909,1,"exceed",119.600543477026,0.005,0.041,73.95,7.89,577.712,0
"Calumet",2012-08-11,2012,224,254.298446711733,1,"exceed",902.65807479909,0.332,0.337,72.32,14.65,578.254,0
"Calumet",2012-08-12,2012,225,89.6102672688794,0,"low",254.298446711733,0,0.332,72.69,7.39,577.907,0
"Calumet",2012-08-13,2012,226,46.8911505510368,0,"low",89.6102672688794,0,0,74.95,3.78,577.576,0
"Calumet",2012-08-14,2012,227,127.407378122305,0,"moderate",46.8911505510368,0.276,0.276,70.62,0.98,577.614,0
"Calumet",2012-08-15,2012,228,28.5022806105055,0,"low",127.407378122305,0.071,0.347,75.4,0.99,577.66,0
"Calumet",2012-08-16,2012,229,32.4027776587131,0,"low",28.5022806105055,0,0.071,84.23,5.04,577.546,0
"Calumet",2012-08-17,2012,230,165.411456676979,0,"moderate",32.4027776587131,0.245,0.245,75.44,6.77,577.427,0
"Calumet",2012-08-22,2012,235,6.54217089351845,0,"low",14.2723508925475,0,0.295,72.94,2.31,577.366,0
"Calumet",2012-08-23,2012,236,8.42436941260294,0,"low",6.54217089351845,0,0,78.38,3.72,577.252,0
"Calumet",2012-08-24,2012,237,6.49846135635198,0,"low",8.42436941260294,0,0,87.88,6.92,577.205,0
"Calumet",2012-08-29,2012,242,74.6513898062186,0,"low",19.8302798769962,0,0.01,76.87,4.52,577.305,0
"Calumet",2012-08-30,2012,243,6.47224845011376,0,"low",74.6513898062186,0,0,76.41,5.59,577.268,0
"Calumet",2012-08-31,2012,244,14.5027583583262,0,"low",6.47224845011376,0,0,87.99,8.88,576.952,0
"Calumet",2012-09-01,2012,245,178.537811121342,0,"moderate",14.5027583583262,0,0,90.01,6.63,577.051,0
"Calumet",2012-09-02,2012,246,183.469452498229,0,"moderate",178.537811121342,0.079,0.079,75.96,6.65,577.438,0
"Calumet",2013-05-23,2013,143,1318.8,1,"exceed",112.4,0.262,0.563,72.58,5.95,577.623,0
"Calumet",2013-05-24,2013,144,32.4,0,"low",1318.8,0.06,0.323,54.18,18.3,578.166,0
"Calumet",2013-05-25,2013,145,435,1,"exceed",32.4,0,0.06,48.88,10.85,577.762,0
"Calumet",2013-05-26,2013,146,157.5,0,"moderate",435,0,0,51.66,4.39,577.604,0
"Calumet",2013-05-30,2013,150,36.4,0,"low",61.5,0.035,1.256,81.53,5.7,577.632,0
"Calumet",2013-05-31,2013,151,116.4,0,"low",36.4,0.448,0.483,81.88,13.36,577.582,0
"Calumet",2013-06-05,2013,156,64.6,0,"low",3.5,0,0,63.44,3.62,577.762,0
"Calumet",2013-06-06,2013,157,36.7,0,"low",64.6,0,0,67.7,4.59,577.928,0
"Calumet",2013-06-07,2013,158,3.9,0,"low",36.7,0.06,0.06,59.13,8.71,577.971,0
"Calumet",2013-06-12,2013,163,20,0,"low",21,0.277,0.427,80.3,0.93,577.747,0
"Calumet",2013-06-13,2013,164,116.3,0,"low",20,0.856,1.133,82.57,1.09,577.887,0
"Calumet",2013-06-14,2013,165,2.6,0,"low",116.3,0.06,0.916,63.99,11.41,578.018,0
"Calumet",2013-06-19,2013,170,23.2,0,"low",198.6,0,0.049,62.72,12.27,578.197,0
"Calumet",2013-06-20,2013,171,18.4,0,"low",23.2,0,0,67.44,6.16,577.927,0
"Calumet",2013-06-21,2013,172,14.5,0,"low",18.4,0,0,78.1,5.26,577.877,0
"Calumet",2013-06-26,2013,177,124.7,0,"low",243.2,0.005,0.154,85.22,4.56,577.835,0
"Calumet",2013-06-27,2013,178,12.4,0,"low",124.7,0.175,0.18,80.04,3.39,577.893,0
"Calumet",2013-06-28,2013,179,10.7,0,"low",12.4,0.605,0.78,88.87,1.78,577.911,0
"Calumet",2013-06-29,2013,180,16.9,0,"low",10.7,0.214,0.818,81.41,4.88,577.887,0
"Calumet",2013-06-30,2013,181,13.5,0,"low",16.9,0.02,0.234,67.03,10.04,578.161,0
"Calumet",2013-07-01,2013,182,9,0,"low",13.5,0.005,0.026,67.48,11.65,578.244,0
"Calumet",2013-07-02,2013,183,19,0,"low",9,0,0.005,67.32,11.44,578.278,0
"Calumet",2013-07-03,2013,184,5.5,0,"low",19,0,0,65.2,11.13,578.215,0
"Calumet",2013-07-10,2013,191,49.9,0,"low",16.4,0.005,0.259,83.25,5.33,577.957,0
"Calumet",2013-07-11,2013,192,22.2,0,"low",49.9,0,0.005,80.08,3.19,577.85,0
"Calumet",2013-07-12,2013,193,110.5,0,"low",22.2,0,0,73.81,4.26,577.914,0
"Calumet",2013-07-16,2013,197,24.5,0,"low",83.5,0.01,0.01,80.62,3.53,577.975,0
"Calumet",2013-07-17,2013,198,112.5,0,"low",24.5,0.005,0.015,90.43,5.22,577.91,0
"Calumet",2013-07-18,2013,199,15.4,0,"low",112.5,0,0.005,89.4,1.49,577.791,0
"Calumet",2013-07-19,2013,200,42.4,0,"low",15.4,0,0,92.89,5.97,577.741,0
"Calumet",2013-07-24,2013,205,40,0,"low",26.5,0.031,0.031,78.76,7.75,578.108,0
"Calumet",2013-07-25,2013,206,46.9,0,"low",40,0,0.031,68.44,10.93,577.943,0
"Calumet",2013-07-26,2013,207,5.9,0,"low",46.9,0,0,74.42,2.41,577.821,0
"Calumet",2013-07-27,2013,208,1250.6,1,"exceed",5.9,0.005,0.005,73.92,8.75,577.694,0
"Calumet",2013-07-28,2013,209,86.4,0,"low",1250.6,0,0.005,67.22,6.31,577.947,0
"Calumet",2013-07-29,2013,210,63.3,0,"low",86.4,0.005,0.005,68.81,6.94,577.807,0
"Calumet",2013-07-30,2013,211,327.5,1,"exceed",63.3,0,0.005,68,2.29,577.903,0
"Calumet",2013-07-31,2013,212,7.5,0,"low",327.5,0.005,0.005,72.66,4.76,577.825,0
"Calumet",2013-08-01,2013,213,134.6,0,"moderate",7.5,0.124,0.129,72.58,0.89,577.864,0
"Calumet",2013-08-02,2013,214,116.2,0,"low",134.6,0.005,0.129,77.97,2.07,577.818,0
"Calumet",2013-08-07,2013,219,53.6,0,"low",3.9,0,0.01,80.93,7.17,577.758,0
"Calumet",2013-08-08,2013,220,346.5,1,"exceed",53.6,0.01,0.01,85.51,2.66,577.949,0
"Calumet",2013-08-09,2013,221,44.5,0,"low",346.5,0,0.01,72.21,9.49,577.943,0
"Calumet",2013-08-14,2013,226,18,0,"low",460,0,0.434,70.62,11.35,578.078,0
"Calumet",2013-08-15,2013,227,16.4,0,"low",18,0,0,66,6.09,577.859,0
"Calumet",2013-08-16,2013,228,2420,1,"exceed",16.4,0,0,73.37,2.75,577.698,0
"Calumet",2013-08-17,2013,229,14.4,0,"low",2420,0,0,74.71,2.67,577.836,0
"Calumet",2013-08-18,2013,230,8.2,0,"low",14.4,0,0,74.77,5.24,577.875,0
"Calumet",2013-08-19,2013,231,14.1,0,"low",8.2,0,0,75.28,4.91,577.839,0
"Calumet",2013-08-20,2013,232,22,0,"low",14.1,0,0,80.55,1.74,577.727,0
"Calumet",2013-08-21,2013,233,2,0,"low",22,0,0,85.11,5.37,577.648,0
"Calumet",2013-08-22,2013,234,788.6,1,"exceed",2,0.015,0.015,87.56,7.64,577.654,0
"Calumet",2013-08-23,2013,235,139.5,0,"moderate",788.6,0.174,0.189,77.45,2.42,577.695,0
"Calumet",2013-08-28,2013,240,11.5,0,"low",88.4,0,0,92.19,9.33,577.68,0
"Calumet",2013-08-29,2013,241,68.5,0,"low",11.5,0,0,84.43,5.93,577.875,0
"Calumet",2013-08-30,2013,242,785.2,1,"exceed",68.5,0,0,77.71,3.41,577.822,0
"Calumet",2013-08-31,2013,243,1020.7,1,"exceed",785.2,0.156,0.156,94.26,5.37,577.794,0
"Calumet",2013-09-01,2013,244,1160.8,1,"exceed",1020.7,0.547,0.703,73.45,5.26,577.938,0
"Calumet",2013-09-11,2013,254,34.6,0,"low",30.7,0,0,94.07,8.91,577.666,0
"Calumet",2013-09-12,2013,255,687.4,1,"exceed",34.6,0,0,91.27,3.24,577.76,0
"Calumet",2014-05-22,2014,142,386.1,1,"exceed",145.9,0.003,0.887,79.51,1.63,578.717,0
"Calumet",2014-05-23,2014,143,956.8,1,"exceed",386.1,0,0.003,62.54,5.68,578.625,0
"Calumet",2014-05-24,2014,144,448.2,1,"exceed",956.8,0,0,56.48,5.4,578.604,0
"Calumet",2014-05-25,2014,145,6.3,0,"low",448.2,0,0,61.01,3.86,578.654,0
"Calumet",2014-05-29,2014,149,56.9,0,"low",143.5,0.178,0.325,60.21,7.76,578.878,0
"Calumet",2014-05-30,2014,150,133.5,0,"moderate",56.9,0,0.178,62.18,8.06,578.922,0
"Calumet",2014-06-04,2014,155,356.1,1,"exceed",126.8,0,0.078,77.28,2.24,578.649,0
"Calumet",2014-06-05,2014,156,158.6,0,"moderate",356.1,0.125,0.125,68.67,5.32,578.836,0
"Calumet",2014-06-06,2014,157,34.1,0,"low",158.6,0,0.125,65.71,5.52,578.784,0
"Calumet",2014-06-11,2014,162,23.5,0,"low",32.9,0.172,0.172,59.73,8.25,579.007,0
"Calumet",2014-06-12,2014,163,4.2,0,"low",23.5,0.08,0.252,66.6,3.25,579.091,0
"Calumet",2014-06-13,2014,164,6,0,"low",4.2,0.006,0.085,80.19,6.24,578.845,0
"Calumet",2014-06-18,2014,169,74.3,0,"low",2420,0,0,88.08,8.45,578.796,0
"Calumet",2014-06-19,2014,170,6.3,0,"low",74.3,0.182,0.182,81.49,3.14,579.096,0
"Calumet",2014-06-20,2014,171,4.9,0,"low",6.3,0.262,0.444,71.68,4.43,579.167,0
"Calumet",2014-06-25,2014,176,83,0,"low",1.7,0.294,0.359,78.42,1.01,579.042,0
"Calumet",2014-06-26,2014,177,1,0,"low",83,0.013,0.307,68.64,5.81,579.183,0
"Calumet",2014-06-27,2014,178,41.8,0,"low",1,0,0.013,64.02,5.25,579.117,0
"Calumet",2014-07-02,2014,183,1.4,0,"low",16.5,0.066,0.559,80.91,8.8,578.823,1
"Calumet",2014-07-03,2014,184,28.9,0,"low",1.4,0.053,0.119,73.32,4,578.957,0
"Calumet",2014-07-09,2014,190,122.4,0,"low",1.4,0.279,0.534,80.99,8.33,579.037,0
"Calumet",2014-07-10,2014,191,61.4,0,"low",122.4,0,0.279,71.28,3.52,579.036,0
"Calumet",2014-07-11,2014,192,4.2,0,"low",61.4,0,0,70.6,5.07,579.09,0
"Calumet",2014-07-16,2014,197,39.2,0,"low",1203,0.012,0.149,68.06,6.92,579.219,0
"Calumet",2014-07-17,2014,198,20,0,"low",39.2,0.003,0.014,65.91,3.53,579.122,0
"Calumet",2014-07-18,2014,199,54.3,0,"low",20,0,0.003,71.45,2.58,579.121,0
"Calumet",2014-07-23,2014,204,513.2,1,"exceed",9.5,0,0,87.18,9.73,578.974,0
"Calumet",2014-07-24,2014,205,41.6,0,"low",513.2,0.077,0.077,74.07,14.5,579.474,0
"Calumet",2014-07-25,2014,206,387.4,1,"exceed",41.6,0,0.077,68.12,6.93,579.242,0
"Calumet",2014-07-26,2014,207,2,0,"low",387.4,0,0,73.17,7.25,579.039,0
"Calumet",2014-07-30,2014,211,103.2,0,"low",667.7,0,0,73.11,1,579.144,0
"Calumet",2014-07-31,2014,212,423.4,1,"exceed",103.2,0,0,69.33,2.41,579.143,0
"Calumet",2014-08-01,2014,213,7.3,0,"low",423.4,0.03,0.03,82.63,5.9,579.062,0
"Calumet",2014-08-06,2014,218,422.4,1,"exceed",34.1,0.288,0.512,73.27,3.09,579.265,0
"Calumet",2014-08-07,2014,219,9.2,0,"low",422.4,0,0.288,72.32,5.86,579.249,0
"Calumet",2014-08-08,2014,220,866,1,"exceed",9.2,0,0,74.84,6.58,579.216,0
"Calumet",2014-08-13,2014,225,41,0,"low",300.1,0.042,0.701,69.29,6.7,579.486,0
"Calumet",2014-08-14,2014,226,422.8,1,"exceed",41,0.018,0.06,78.99,1.65,579.225,0
"Calumet",2014-08-15,2014,227,78.3,0,"low",422.8,0,0.018,67.28,7.9,579.275,0
"Calumet",2014-08-20,2014,232,74.2,0,"low",5.5,0.067,0.067,82.61,8.51,579.32,0
"Calumet",2014-08-21,2014,233,8.9,0,"low",74.2,0,0.067,85.08,5.95,579.33,0
"Calumet",2014-08-22,2014,234,132.9,0,"moderate",8.9,0.572,0.572,78.22,4.15,579.35,0
"Calumet",2014-08-27,2014,239,143.5,0,"moderate",52.2,0.045,0.713,79.46,0.27,579.28,0
"Calumet",2014-08-28,2014,240,97.5,0,"low",143.5,0,0.045,73.54,6.3,579.262,0
"Calumet",2014-08-29,2014,241,22.9,0,"low",97.5,0.006,0.006,73.31,7.63,579.322,0
"Calumet",2014-09-04,2014,247,47.7,0,"low",17.7,0,0,81.98,4.82,579.106,0
"Calumet",2014-09-05,2014,248,8.5,0,"low",47.7,0.053,0.053,84.11,9.88,578.948,0
"Calumet",2015-05-21,2015,141,86.9,0,"low",562.8,0.012,0.012,45.26,8.39,579.495,0
"Calumet",2015-05-22,2015,142,286.6,1,"exceed",86.9,0,0.012,67.66,5.45,579.462,0
"Calumet",2015-05-23,2015,143,12.4,0,"low",286.6,0,0,59.43,4.45,579.542,0
"Calumet",2015-05-28,2015,148,118,0,"low",10.5,0.017,0.152,75.72,7.23,579.525,0
"Calumet",2015-05-29,2015,149,17.4,0,"low",118,0,0.017,78.48,3.95,579.607,0
"Calumet",2015-06-03,2015,154,159,0,"moderate",50.1,0,0,62.46,4.53,579.794,0
"Calumet",2015-06-04,2015,155,38.2,0,"low",159,0,0,67.94,4.5,579.82,0
"Calumet",2015-06-05,2015,156,305.7,1,"exceed",38.2,0,0,78.99,5.73,579.79,0
"Calumet",2015-06-06,2015,157,179.8,0,"moderate",305.7,0,0,71.79,10.84,579.854,0
"Calumet",2015-06-10,2015,161,26.2,0,"low",531.6,0,0.18,82.86,5.05,579.718,0
"Calumet",2015-06-11,2015,162,649.6,1,"exceed",26.2,0.038,0.038,90.99,6.48,579.761,0
"Calumet",2015-06-12,2015,163,630.9,1,"exceed",649.6,0.116,0.154,68.24,4.68,579.944,0
"Calumet",2015-06-13,2015,164,30.9,0,"low",630.9,0.364,0.48,71.39,3.74,580.123,0
"Calumet",2015-06-17,2015,168,155.4,0,"moderate",1606.8,0.021,0.489,71.03,8.46,580.016,1
"Calumet",2015-06-18,2015,169,8.5,0,"low",155.4,0.061,0.082,63.22,2.89,580.048,0
"Calumet",2015-06-19,2015,170,1304.2,1,"exceed",8.5,0,0.061,81.81,4.47,580.048,0
"Calumet",2015-06-20,2015,171,23.3,0,"low",1304.2,0,0,59.35,10.21,580.139,0
"Calumet",2015-06-24,2015,175,44.4,0,"low",94.7,0,0.02,75.99,3.3,580.017,0
"Calumet",2015-06-25,2015,176,34.6,0,"low",44.4,0,0,76.14,3.1,579.875,0
"Calumet",2015-06-26,2015,177,1253.2,1,"exceed",34.6,0.154,0.154,78.65,0.24,580.153,0
"Calumet",2015-06-27,2015,178,1020.7,1,"exceed",1253.2,0.334,0.489,64.55,7.64,580.217,0
"Calumet",2015-06-28,2015,179,114,0,"low",1020.7,0.008,0.343,67.85,8.96,580.163,0
"Calumet",2015-06-29,2015,180,77.6,0,"low",114,0,0.008,73.52,2.42,579.992,0
"Calumet",2015-06-30,2015,181,7.4,0,"low",77.6,0.063,0.063,68.92,2.45,580.013,0
"Calumet",2015-07-01,2015,182,501,1,"exceed",7.4,0,0.063,74.67,2.6,580.06,0
"Calumet",2015-07-02,2015,183,50.3,0,"low",501,0,0,60.22,7.72,580.091,0
"Calumet",2015-07-08,2015,189,338.1,1,"exceed",2192.3,0.129,0.292,74.68,9.22,580.256,0
"Calumet",2015-07-09,2015,190,265.9,1,"exceed",338.1,0,0.129,64.49,6.16,580.11,0
"Calumet",2015-07-10,2015,191,52.9,0,"low",265.9,0.017,0.017,65.82,5.58,580.118,0
"Calumet",2015-07-15,2015,196,365,1,"exceed",48.2,0,0.448,79.01,7.05,580.248,0
"Calumet",2015-07-16,2015,197,474.3,1,"exceed",365,0,0,68.18,9.01,580.217,0
"Calumet",2015-07-17,2015,198,26,0,"low",474.3,0.167,0.167,75.95,4.96,580.058,0
"Calumet",2015-07-22,2015,203,35.7,0,"low",271.2,0,0.004,75.56,5.06,579.976,0
"Calumet",2015-07-23,2015,204,33.2,0,"low",35.7,0,0,76.36,2.3,579.948,0
"Calumet",2015-07-24,2015,205,22.2,0,"low",33.2,0,0,78.2,2.52,579.985,0
"Calumet",2015-07-29,2015,210,32.3,0,"low",167.9,0,0,86.61,3.94,580.004,0
"Calumet",2015-07-30,2015,211,53.9,0,"low",32.3,0.026,0.026,87.03,4.61,579.91,0
"Calumet",2015-07-31,2015,212,35.2,0,"low",53.9,0.03,0.056,87.06,7.68,579.79,0
"Calumet",2015-08-05,2015,217,30.6,0,"low",13.1,0,0.514,81,1.5,579.96,0
"Calumet",2015-08-06,2015,218,90.3,0,"low",30.6,0,0,76.87,4.28,580.036,0
"Calumet",2015-08-07,2015,219,38.6,0,"low",90.3,0,0,76.46,7.28,580.113,0
"Calumet",2015-08-12,2015,224,248.2,1,"exceed",57.7,0,0.137,74.99,5.83,580.042,0
"Calumet",2015-08-13,2015,225,21.2,0,"low",248.2,0,0,71.95,4.94,579.88,0
"Calumet",2015-08-14,2015,226,35.7,0,"low",21.2,0,0,83.15,7.56,579.753,0
"Calumet",2015-08-19,2015,231,73.8,0,"low",36.5,0.595,0.769,81.01,7.13,579.95,0
"Calumet",2015-08-20,2015,232,6,0,"low",73.8,0,0.595,76.47,11.6,579.717,0
"Calumet",2015-08-21,2015,233,14.8,0,"low",6,0,0,73.84,10.1,579.684,0
"Calumet",2015-08-26,2015,238,202,0,"moderate",272,0,0,66.88,3.83,579.697,0
"Calumet",2015-08-27,2015,239,85.9,0,"low",202,0,0,64.53,4.89,579.754,0
"Calumet",2015-08-28,2015,240,99,0,"low",85.9,0,0,68.92,1.93,579.792,0
"Calumet",2015-09-02,2015,245,24.8,0,"low",1.7,0,0,87.11,7.42,579.762,0
"Calumet",2015-09-03,2015,246,18.4,0,"low",24.8,0,0,88.49,5.67,579.77,0
"Calumet",2015-09-04,2015,247,1128.7,1,"exceed",18.4,0,0,90.18,4.64,579.905,0
"Calumet",2015-09-05,2015,248,308.6,1,"exceed",1128.7,0,0,75.26,5.33,579.992,0
"Calumet",2015-09-06,2015,249,6.6,0,"low",308.6,0.021,0.021,82.81,4.88,579.877,0
"Calumet",2016-06-03,2016,155,228.2,0,"moderate",13,0,0.146,78.29,2.84,580.335,0
"Calumet",2016-06-04,2016,156,1.4,0,"low",228.2,0,0,79.89,4.16,580.347,0
"Calumet",2016-06-07,2016,159,748.2,1,"exceed",712.3,0.034,0.113,82.22,7.72,580.213,0
"Calumet",2016-06-08,2016,160,86,0,"low",748.2,0,0.034,61.98,6.38,580.418,0
"Calumet",2016-06-09,2016,161,61.2,0,"low",86,0,0,61.37,4.08,580.28,0
"Calumet",2016-06-10,2016,162,47.6,0,"low",61.2,0.017,0.017,70.29,4.56,580.367,0
"Calumet",2016-06-14,2016,166,547,1,"exceed",40,0,0,84.5,3.7,580.574,0
"Calumet",2016-06-15,2016,167,532.3,1,"exceed",547,0,0,81.15,5.22,580.531,0
"Calumet",2016-06-16,2016,168,99.1,0,"low",532.3,0.198,0.198,88.5,5.69,580.513,0
"Calumet",2016-06-17,2016,169,155.9,0,"moderate",99.1,0,0.198,82.74,9,580.684,0
"Calumet",2016-06-21,2016,173,22.7,0,"low",24.3,0,0,90.55,8.69,580.242,0
"Calumet",2016-06-22,2016,174,20,0,"low",22.7,0,0,81.2,2.88,580.311,0
"Calumet",2016-06-23,2016,175,842.1,1,"exceed",20,0.324,0.324,74.27,4.49,580.435,0
"Calumet",2016-06-24,2016,176,180.8,0,"moderate",842.1,0,0.324,72.65,6.85,580.579,0
"Calumet",2016-06-28,2016,180,216.6,0,"moderate",5.7,0,0.064,90.9,3.99,580.343,0
"Calumet",2016-06-29,2016,181,36.5,0,"low",216.6,0,0,70.29,11.56,580.589,0
"Calumet",2016-06-30,2016,182,39.8,0,"low",36.5,0,0,74.97,3.28,580.371,0
"Calumet",2016-07-01,2016,183,1100,1,"exceed",39.8,0,0,76.84,7.7,580.284,0
"Calumet",2016-07-07,2016,189,375.8,1,"exceed",211.9,0.804,0.804,87.84,6.08,580.282,0
"Calumet",2016-07-08,2016,190,1938.6,1,"exceed",375.8,0.048,0.852,82.25,2.78,580.371,0
"Calumet",2016-07-09,2016,191,161.9,0,"moderate",1938.6,0,0.048,88.44,7.64,580.39,0
"Calumet",2016-07-12,2016,194,7.3,0,"low",23,0,0,88.36,10.8,580.358,0
"Calumet",2016-07-13,2016,195,1094.2,1,"exceed",7.3,0,0,88.31,10.64,580.23,0
"Calumet",2016-07-14,2016,196,49.1,0,"low",1094.2,0.158,0.158,83.28,7.74,580.112,0
"Calumet",2016-07-15,2016,197,176.5,0,"moderate",49.1,0,0.158,86.22,10.63,580.105,0
"Calumet",2016-07-19,2016,201,151.3,0,"moderate",18.8,0.403,0.543,77.89,0.73,580.249,0
"Calumet",2016-07-20,2016,202,203,0,"moderate",151.3,0,0.403,80.03,2.53,580.308,0
"Calumet",2016-07-21,2016,203,116,0,"low",203,0,0,85.53,3.73,580.289,0
"Calumet",2016-07-22,2016,204,667.7,1,"exceed",116,0.617,0.617,88.31,5.36,580.039,0
"Calumet",2016-07-26,2016,208,22.8,0,"low",2420,0,0.313,82.46,0.71,580.19,0
"Calumet",2016-07-27,2016,209,69.3,0,"low",22.8,0,0,83.21,3.53,580.223,0
"Calumet",2016-07-28,2016,210,111.8,0,"low",69.3,0,0,85.56,2.15,580.259,0
"Calumet",2016-07-29,2016,211,1938.6,1,"exceed",111.8,0.023,0.023,80.02,2.12,580.394,0
"Calumet",2016-07-30,2016,212,355.2,1,"exceed",1938.6,0.36,0.384,76.94,4.88,580.505,0
"Calumet",2016-07-31,2016,213,95.1,0,"low",355.2,0,0.36,75.72,8.26,580.495,0
"Calumet",2016-08-01,2016,214,59.5,0,"low",95.1,0,0,75.22,5.67,580.43,0
"Calumet",2016-08-02,2016,215,67.2,0,"low",59.5,0,0,77.78,5.58,580.413,0
"Calumet",2016-08-03,2016,216,18.4,0,"low",67.2,0,0,80.29,4.7,580.397,0
"Calumet",2016-08-04,2016,217,13.4,0,"low",18.4,0,0,86.22,3.83,580.364,0
"Calumet",2016-08-05,2016,218,109.5,0,"low",13.4,0,0,89.73,5.19,580.276,0
"Calumet",2016-08-09,2016,222,6.9,0,"low",119.1,0,0,79.34,9.39,580.318,0
"Calumet",2016-08-10,2016,223,21.8,0,"low",6.9,0,0,82.16,4.34,580.18,0
"Calumet",2016-08-11,2016,224,243,1,"exceed",21.8,0,0,82.25,3.42,580.164,0
"Calumet",2016-08-12,2016,225,36,0,"low",243,0,0,90.23,8.53,580.105,0
"Calumet",2016-08-16,2016,229,969,1,"exceed",8.5,0.244,0.244,74.5,6.14,580.335,0
"Calumet",2016-08-17,2016,230,207.5,0,"moderate",969,0.04,0.283,80.36,1.75,580.308,0
"Calumet",2016-08-18,2016,231,1.4,0,"low",207.5,0.024,0.064,85.73,4.88,580.249,0
"Calumet",2016-08-19,2016,232,38,0,"low",1.4,0.247,0.271,83.17,6.93,580.213,0
"Calumet",2016-08-23,2016,236,5.9,0,"low",29,0,0,77.06,4.07,580.135,0
"Calumet",2016-08-24,2016,237,1,0,"low",5.9,0,0,79.33,9.61,579.918,0
"Calumet",2016-08-30,2016,243,36.3,0,"low",102.9,0,0,81.4,4.5,580.226,0
"Calumet",2016-08-31,2016,244,2420,1,"exceed",36.3,0.038,0.038,83.78,1.06,580.223,0
"Calumet",2016-09-01,2016,245,247,1,"exceed",2420,0,0.038,74.31,10.14,580.489,0
"Calumet",2016-09-02,2016,246,482,1,"exceed",247,0,0,71.33,11.35,580.577,0
"Foster",2006-05-25,2006,145,101.6,0,"low",1,0.396,0.396,77.54,11.71,577.846,0
"Foster",2006-05-26,2006,146,6.3,0,"low",101.6,0.183,0.579,73.27,10.17,577.922,0
"Foster",2006-06-01,2006,152,46.5,0,"low",5.4,0,0.424,72.93,6.88,578.078,0
"Foster",2006-06-02,2006,153,15.6,0,"low",46.5,0,0,72.74,7.68,578.091,0
"Foster",2006-06-07,2006,158,56.9,0,"low",27.8,0,0,81.82,10.54,577.94,0
"Foster",2006-06-08,2006,159,1,0,"low",56.9,0,0,78.44,4.52,578.118,0
"Foster",2006-06-09,2006,160,1,0,"low",1,0,0,79.69,5.64,578.066,0
"Foster",2006-06-14,2006,165,20.9,0,"low",1,0,0,70.43,5.48,578.077,0
"Foster",2006-06-15,2006,166,33.4,0,"low",20.9,0.007,0.007,77.46,7.12,578.113,0
"Foster",2006-06-16,2006,167,28.9,0,"low",33.4,0,0.007,85.89,4.66,578.093,0
"Foster",2006-06-21,2006,172,398.4,1,"exceed",56.6,0,0,79.74,3.6,578.005,0
"Foster",2006-06-22,2006,173,56.8,0,"low",398.4,0.052,0.052,86.03,8.85,577.913,0
"Foster",2006-06-23,2006,174,12.8,0,"low",56.8,0.163,0.215,80.04,3.91,578.022,0
"Foster",2006-06-28,2006,179,7.2,0,"low",111.5,0.003,0.82,77.03,4.53,578.035,0
"Foster",2006-06-29,2006,180,1.8,0,"low",7.2,0.393,0.396,75.54,6.13,578.013,0
"Foster",2006-06-30,2006,181,47.2,0,"low",1.8,0,0.393,77,3.34,577.952,0
"Foster",2006-07-12,2006,193,28.6,0,"low",87.5,0.187,0.236,74.2,5.25,578.091,0
"Foster",2006-07-13,2006,194,9.3,0,"low",28.6,0.004,0.191,75.03,11.21,578.161,0
"Foster",2006-07-14,2006,195,7.3,0,"low",9.3,0,0.004,80.8,6.24,578.034,0
"Foster",2006-07-19,2006,200,232.9,0,"moderate",185.9,0.038,0.21,80.43,12.53,578.065,0
"Foster",2006-07-20,2006,201,27.5,0,"low",232.9,0.003,0.042,87.6,6.89,578.016,0
"Foster",2006-07-21,2006,202,275.7,1,"exceed",27.5,0.841,0.845,80.53,3.17,577.928,0
"Foster",2006-07-22,2006,203,53.1,0,"low",275.7,0.028,0.869,75.13,10.15,578.108,0
"Foster",2006-07-26,2006,207,325.7,1,"exceed",83.5,0,0.003,89.3,11.11,577.764,0
"Foster",2006-07-27,2006,208,8.6,0,"low",325.7,0.066,0.066,84.08,10.01,577.861,0
"Foster",2006-07-28,2006,209,194.6,0,"moderate",8.6,0.007,0.073,85.54,4.34,577.947,0
"Foster",2006-08-02,2006,214,3.8,0,"low",2,0.043,0.043,96.94,11.12,577.792,0
"Foster",2006-08-03,2006,215,892.8,1,"exceed",3.8,0.268,0.311,95.86,12.25,577.893,0
"Foster",2006-08-04,2006,216,64.2,0,"low",892.8,0.382,0.65,80.57,4.03,578.06,0
"Foster",2006-08-09,2006,221,1773.3,1,"exceed",402.6,0,0,79.35,9.58,578.109,0
"Foster",2006-08-10,2006,222,1177.2,1,"exceed",1773.3,0.038,0.038,82.31,5.44,577.977,0
"Foster",2006-08-11,2006,223,179.4,0,"moderate",1177.2,0.158,0.196,76.9,5.98,578.171,0
"Foster",2006-08-16,2006,228,2192.3,1,"exceed",30.6,0,0,80.3,2.55,577.826,0
"Foster",2006-08-17,2006,229,2.9,0,"low",2192.3,0,0,80.34,5.9,577.919,0
"Foster",2006-08-18,2006,230,18.1,0,"low",2.9,0.071,0.071,82.32,5.15,577.95,0
"Foster",2006-08-23,2006,235,35.3,0,"low",27.9,0,0,83.48,2.62,577.883,0
"Foster",2006-08-24,2006,236,57,0,"low",35.3,0,0,86.65,4.27,577.925,0
"Foster",2006-08-25,2006,237,12.8,0,"low",57,0.664,0.664,82.54,7.19,577.945,0
"Foster",2006-08-30,2006,242,86.3,0,"low",188.4,0.065,0.567,68.65,8.9,578.246,0
"Foster",2006-08-31,2006,243,71.5,0,"low",86.3,0.011,0.075,72.14,10.58,578.4,0
"Foster",2006-09-01,2006,244,138.7,0,"moderate",71.5,0,0.011,72.59,11.83,578.358,0
"Foster",2007-05-30,2007,150,2.3,0,"low",4.6,0,0,83.46,7.19,577.877,0
"Foster",2007-05-31,2007,151,125,0,"low",2.3,0,0,85.8,10.06,577.828,0
"Foster",2007-06-01,2007,152,532,1,"exceed",125,0.08,0.08,76.53,8.87,577.775,0
"Foster",2007-06-06,2007,157,22.8,0,"low",201.1,0.297,0.515,67.13,8.23,577.92,0
"Foster",2007-06-07,2007,158,32.3,0,"low",22.8,0.003,0.3,84.26,9.54,577.75,0
"Foster",2007-06-13,2007,164,108.6,0,"low",125.4,0,0,78.11,7.58,577.911,0
"Foster",2007-06-14,2007,165,2,0,"low",108.6,0,0,80.97,6.34,577.919,0
"Foster",2007-06-15,2007,166,38.6,0,"low",2,0,0,83.59,5.25,577.939,0
"Foster",2007-06-20,2007,171,35.2,0,"low",630.8,0.519,0.764,79.25,10.67,577.746,0
"Foster",2007-06-21,2007,172,25.6,0,"low",35.2,0,0.519,81.54,3.75,577.675,0
"Foster",2007-06-22,2007,173,77.5,0,"low",25.6,0,0,75.16,2.76,577.785,0
"Foster",2007-06-27,2007,178,46.5,0,"low",39.9,0.079,0.079,88.2,6.45,577.738,0
"Foster",2007-06-28,2007,179,227.7,0,"moderate",46.5,0.16,0.24,88.39,7.23,577.706,0
"Foster",2007-06-29,2007,180,830.9,1,"exceed",227.7,0,0.16,73.94,11.75,578.045,0
"Foster",2007-07-04,2007,185,85.2,0,"low",20.8,0.017,0.017,81.05,7.39,577.696,0
"Foster",2007-07-05,2007,186,40.5,0,"low",85.2,0.349,0.366,81.4,4.24,577.806,0
"Foster",2007-07-06,2007,187,1257.9,1,"exceed",40.5,0,0.349,83.88,3.99,577.759,0
"Foster",2007-07-07,2007,188,228.5,0,"moderate",1257.9,0,0,80.82,2.78,577.738,0
"Foster",2007-07-11,2007,192,2419.6,1,"exceed",175.2,0.252,0.352,87.1,7.92,577.716,0
"Foster",2007-07-12,2007,193,21.5,0,"low",2419.6,0,0.252,76.83,8.18,577.669,0
"Foster",2007-07-13,2007,194,146,0,"moderate",21.5,0,0,78.03,10.89,577.625,0
"Foster",2007-07-18,2007,199,11.7,0,"low",149.8,0.128,0.128,80.89,5.16,577.769,0
"Foster",2007-07-19,2007,200,57.2,0,"low",11.7,0.364,0.492,83.74,8.56,577.683,0
"Foster",2007-07-20,2007,201,225.9,0,"moderate",57.2,0.175,0.539,77.05,6.58,577.95,0
"Foster",2007-07-25,2007,206,72.8,0,"low",22.1,0,0,79.23,1.99,577.688,0
"Foster",2007-07-26,2007,207,100.5,0,"low",72.8,0,0,82.1,6.02,577.674,0
"Foster",2007-07-27,2007,208,117,0,"low",100.5,0.378,0.378,80.4,7.46,577.661,0
"Foster",2007-08-01,2007,213,36.4,0,"low",5.1,0,0,86.88,2.47,577.675,0
"Foster",2007-08-02,2007,214,8.4,0,"low",36.4,0,0,88.86,2.58,577.682,0
"Foster",2007-08-03,2007,215,60.7,0,"low",8.4,0,0,89.04,6.17,577.563,0
"Foster",2007-08-08,2007,220,10.4,0,"low",316.7,0.754,0.871,91.27,5.36,577.645,0
"Foster",2007-08-09,2007,221,37,0,"low",10.4,0.179,0.933,82.97,4.11,577.665,0
"Foster",2007-08-10,2007,222,22.1,0,"low",37,0.077,0.255,83.27,1.65,577.71,0
"Foster",2007-08-15,2007,227,143.9,0,"moderate",2419.6,0.322,0.322,83.16,7.2,577.495,0
"Foster",2007-08-16,2007,228,230.2,0,"moderate",143.9,0.424,0.746,78.79,4.9,577.561,0
"Foster",2007-08-17,2007,229,26.5,0,"low",230.2,0,0.424,74.57,4.75,577.507,0
"Foster",2007-08-22,2007,234,60.7,0,"low",365.1,0.007,0.632,81.43,4.52,577.727,0
"Foster",2007-08-23,2007,235,30.3,0,"low",60.7,0.492,0.499,88.17,5.03,577.464,0
"Foster",2007-08-24,2007,236,55.8,0,"low",30.3,1.397,1.889,86.52,10.08,577.425,1
"Foster",2007-08-25,2007,237,355.1,1,"exceed",55.8,0.227,1.624,78.71,6.27,577.509,1
"Foster",2007-08-26,2007,238,191.1,0,"moderate",355.1,0.298,0.525,74.45,2.91,577.618,0
"Foster",2007-08-27,2007,239,319.7,1,"exceed",191.1,0,0.298,74.31,1.75,577.588,0
"Foster",2007-08-28,2007,240,18,0,"low",319.7,0,0,85.29,6.72,577.524,0
"Foster",2007-08-29,2007,241,52,0,"low",18,0,0,90.65,7.71,577.484,0
"Foster",2007-08-30,2007,242,488.3,1,"exceed",52,0,0,80.33,3.63,577.699,0
"Foster",2007-08-31,2007,243,88.6,0,"low",488.3,0,0,71.92,11.75,577.78,0
"Foster",2008-05-29,2008,150,62.5,0,"low",40.5,0,0,61.39,7.84,577.973,0
"Foster",2008-05-30,2008,151,36.3,0,"low",62.5,0.049,0.049,72.96,2.91,577.753,0
"Foster",2008-06-04,2008,156,67.5,0,"low",168.5,0.299,0.299,67.16,6.86,577.949,0
"Foster",2008-06-05,2008,157,20.1,0,"low",67.5,0,0.299,73.6,5.95,578.065,0
"Foster",2008-06-06,2008,158,7.9,0,"low",20.1,0.304,0.304,85.46,13.24,577.936,0
"Foster",2008-06-11,2008,163,2.3,0,"low",14.7,0.004,0.748,78.83,10.07,577.908,0
"Foster",2008-06-12,2008,164,32.1,0,"low",2.3,0,0.004,82.83,12.63,578.155,0
"Foster",2008-06-13,2008,165,28.8,0,"low",32.1,0,0,86.35,19.11,578.215,0
"Foster",2008-06-18,2008,170,20.8,0,"low",21.4,0,0,73.88,10.34,578.079,0
"Foster",2008-06-19,2008,171,32.4,0,"low",20.8,0,0,67.4,4.6,578.15,0
"Foster",2008-06-20,2008,172,5.5,0,"low",32.4,0.004,0.004,74.69,3.95,578.13,0
"Foster",2008-06-25,2008,177,9.6,0,"low",78.1,0,0,75.87,4.77,578.148,0
"Foster",2008-06-26,2008,178,1,0,"low",9.6,0.065,0.065,80.82,10.2,578.1,0
"Foster",2008-06-27,2008,179,42.8,0,"low",1,0.003,0.068,84.81,7.14,578.16,0
"Foster",2008-07-02,2008,184,10.5,0,"low",20.2,0.013,0.013,81.38,8.55,578.09,0
"Foster",2008-07-03,2008,185,448,1,"exceed",10.5,0.172,0.186,84.87,12.82,578.098,0
"Foster",2008-07-04,2008,186,59.8,0,"low",448,0,0.172,66.95,16.69,578.525,0
"Foster",2008-07-09,2008,191,99.3,0,"low",55.4,0.215,0.303,82.71,9.3,578.235,0
"Foster",2008-07-10,2008,192,10.9,0,"low",99.3,0.017,0.233,77.71,5.79,578.223,0
"Foster",2008-07-11,2008,193,1938.5,1,"exceed",10.9,0.239,0.256,81.22,10.92,578.145,0
"Foster",2008-07-12,2008,194,18.1,0,"low",1938.5,0.14,0.379,81.05,6.29,578.464,0
"Foster",2008-07-16,2008,198,1,0,"low",14.7,0,0,88.52,9.08,578.149,0
"Foster",2008-07-17,2008,199,40.3,0,"low",1,0,0,87.87,6.59,578.227,0
"Foster",2008-07-18,2008,200,1.8,0,"low",40.3,0.077,0.077,87.37,9.85,578.239,0
"Foster",2008-07-23,2008,205,74.1,0,"low",177.4,0.021,0.093,71.92,9.86,578.575,0
"Foster",2008-07-24,2008,206,19.2,0,"low",74.1,0,0.021,75.22,9.92,578.516,0
"Foster",2008-07-25,2008,207,2.9,0,"low",19.2,0,0,78.03,1.65,578.37,0
"Foster",2008-07-30,2008,212,5.7,0,"low",96,0.08,0.08,85.72,5.55,578.319,0
"Foster",2008-07-31,2008,213,55.4,0,"low",5.7,0.014,0.094,83.71,5.84,578.298,0
"Foster",2008-08-01,2008,214,39,0,"low",55.4,0.262,0.276,81.58,4.85,578.233,0
"Foster",2008-08-06,2008,219,289.4,1,"exceed",823.2,0.032,1.002,81.51,3.17,578.461,0
"Foster",2008-08-07,2008,220,447,1,"exceed",289.4,0.004,0.035,79.65,5.66,578.291,0
"Foster",2008-08-08,2008,221,100,0,"low",447,0.004,0.007,76.18,8.72,578.517,0
"Foster",2008-08-13,2008,226,317.5,1,"exceed",38,0.003,0.003,73.3,4.26,578.41,0
"Foster",2008-08-14,2008,227,60.9,0,"low",317.5,0.134,0.137,73.57,2.54,578.427,0
"Foster",2008-08-15,2008,228,92.2,0,"low",60.9,0,0.134,73.83,8.4,578.574,0
"Foster",2008-08-20,2008,233,59.3,0,"low",1258.5,0,0,76.51,6.76,578.565,0
"Foster",2008-08-21,2008,234,18.2,0,"low",59.3,0,0,75.67,7.84,578.485,0
"Foster",2008-08-22,2008,235,9.7,0,"low",18.2,0,0,78.58,8.15,578.367,0
"Foster",2008-08-27,2008,240,21.2,0,"low",19.6,0,0,72.62,10.36,578.403,0
"Foster",2008-08-28,2008,241,16,0,"low",21.2,0,0,76.49,5.48,578.309,0
"Foster",2008-08-29,2008,242,197.8,0,"moderate",16,0.017,0.017,78.52,6.61,578.204,0
"Foster",2009-05-28,2009,148,1.4,0,"low",4,0.257,1.012,62.62,2.03,579.11,0
"Foster",2009-05-29,2009,149,1.7,0,"low",1.4,0,0.257,61.4,6.03,578.911,0
"Foster",2009-06-03,2009,154,28.8,0,"low",311.7,0.05,0.64,57.99,9.97,579.017,0
"Foster",2009-06-04,2009,155,7.8,0,"low",28.8,0,0.05,58.18,12.18,579.015,0
"Foster",2009-06-05,2009,156,1,0,"low",7.8,0,0,72.77,6.38,578.901,0
"Foster",2009-06-10,2009,161,17.9,0,"low",9.6,0.003,0.228,64.63,4.43,579.142,0
"Foster",2009-06-11,2009,162,9.7,0,"low",17.9,0.017,0.02,63.6,8.11,579.027,0
"Foster",2009-06-12,2009,163,22.1,0,"low",9.7,0.277,0.294,63.97,10.8,579.194,0
"Foster",2009-06-17,2009,168,36,0,"low",14.3,0.496,0.753,68.63,11.88,579.153,0
"Foster",2009-06-18,2009,169,5.2,0,"low",36,0.006,0.502,75.37,2.77,579.141,0
"Foster",2009-06-24,2009,175,25.9,0,"low",148.8,0,0.106,86.07,5.18,579.09,0
"Foster",2009-06-25,2009,176,201,0,"moderate",25.9,0.038,0.038,88.7,1.25,579.048,0
"Foster",2009-06-26,2009,177,835,1,"exceed",201,0,0.038,85.11,1.4,579.084,0
"Foster",2009-07-01,2009,182,17.8,0,"low",27.5,0,0,67.31,9.64,579.061,0
"Foster",2009-07-02,2009,183,70.7,0,"low",17.8,0.006,0.006,68.89,6.99,579.068,0
"Foster",2009-07-08,2009,189,45.8,0,"low",70.2,0.003,0.003,71.65,5.82,579.018,0
"Foster",2009-07-09,2009,190,95.7,0,"low",45.8,0.089,0.092,69.5,7.01,579.049,0
"Foster",2009-07-10,2009,191,11.9,0,"low",95.7,0,0.089,77.83,5.42,579.128,0
"Foster",2009-07-15,2009,196,4.1,0,"low",2.9,0,0,76.97,7.14,578.959,0
"Foster",2009-07-16,2009,197,13.3,0,"low",4.1,0.432,0.432,84.49,9.95,578.83,0
"Foster",2009-07-17,2009,198,928.7,1,"exceed",13.3,0.06,0.492,79.95,9.18,578.827,0
"Foster",2009-07-22,2009,203,43.5,0,"low",32.6,0.051,0.051,75.18,5.77,579.032,0
"Foster",2009-07-23,2009,204,69.1,0,"low",43.5,0,0.051,72.61,2.8,579.107,0
"Foster",2009-07-24,2009,205,26,0,"low",69.1,0.069,0.069,73.38,2.73,579.058,0
"Foster",2009-07-29,2009,210,434.5,1,"exceed",14.8,0.024,0.024,81.87,4.75,578.877,0
"Foster",2009-07-30,2009,211,43.7,0,"low",434.5,0.043,0.067,74.48,5.06,578.896,0
"Foster",2009-07-31,2009,212,66.6,0,"low",43.7,0.037,0.08,77.01,4.98,578.84,0
"Foster",2009-08-05,2009,217,73.3,0,"low",42,0,0.069,78.32,1.12,578.907,0
"Foster",2009-08-06,2009,218,16.3,0,"low",73.3,0,0,73.15,5.01,578.799,0
"Foster",2009-08-07,2009,219,1166.1,1,"exceed",16.3,0.013,0.013,75.51,1.83,578.84,0
"Foster",2009-08-08,2009,220,6.6,0,"low",1166.1,0.258,0.271,77.15,8.62,578.783,0
"Foster",2009-08-12,2009,224,23.6,0,"low",2192.4,0,0.003,75.06,6.44,579.043,0
"Foster",2009-08-13,2009,225,109.7,0,"low",23.6,0,0,78.08,5.15,578.94,0
"Foster",2009-08-14,2009,226,17.5,0,"low",109.7,0,0,80.01,4.23,578.885,0
"Foster",2009-08-19,2009,231,48,0,"low",19.1,0.166,0.523,81.48,7.67,578.846,0
"Foster",2009-08-20,2009,232,21.9,0,"low",48,0.177,0.343,77.74,4.62,578.865,0
"Foster",2009-08-21,2009,233,78.2,0,"low",21.9,0.079,0.256,76.38,14.01,578.875,0
"Foster",2009-08-26,2009,238,45.4,0,"low",59.9,0,0,79.23,10.62,578.733,0
"Foster",2009-08-27,2009,239,37.6,0,"low",45.4,1.023,1.023,73.17,4.74,578.996,0
"Foster",2009-09-02,2009,245,17.1,0,"low",56.2,0.003,0.003,66.96,5.64,578.965,0
"Foster",2009-09-03,2009,246,26.8,0,"low",17.1,0,0.003,68.46,4.43,578.963,0
"Foster",2010-05-27,2010,147,28,0,"low",44.6,0,0,77.16,3.81,578.118,0
"Foster",2010-05-28,2010,148,45,0,"low",28,0,0,69.32,11.85,578.183,0
"Foster",2010-06-03,2010,154,129.5,0,"moderate",18,0.781,0.781,74.65,2.35,578.187,0
"Foster",2010-06-04,2010,155,6.7,0,"low",129.5,0,0.781,70.22,7.99,578.22,0
"Foster",2010-06-09,2010,160,39.5,0,"low",31.1,0.278,0.281,71.39,9.93,578.131,0
"Foster",2010-06-10,2010,161,7.5,0,"low",39.5,0,0.278,81.64,10.27,578.265,0
"Foster",2010-06-11,2010,162,20.9,0,"low",7.5,0,0,76.7,4.2,578.175,0
"Foster",2010-06-16,2010,167,4.1,0,"low",44.5,0.33,0.385,75.3,1.54,578.43,0
"Foster",2010-06-17,2010,168,21.9,0,"low",4.1,0,0.33,79.15,6.34,578.48,0
"Foster",2010-06-18,2010,169,126.6,0,"moderate",21.9,0,0,76.29,6.55,578.355,0
"Foster",2010-06-23,2010,174,921.6,1,"exceed",6.3,0.38,0.567,85.14,7.6,578.446,0
"Foster",2010-06-24,2010,175,387.6,1,"exceed",921.6,0.454,0.834,85.99,11.65,578.17,0
"Foster",2010-06-25,2010,176,9,0,"low",387.6,0,0.454,76.26,3.52,578.34,0
"Foster",2010-06-30,2010,181,4.6,0,"low",78.7,0,0.452,69.59,8.03,578.385,0
"Foster",2010-07-01,2010,182,41.2,0,"low",4.6,0,0,70.05,4.72,578.399,0
"Foster",2010-07-02,2010,183,5.5,0,"low",41.2,0,0,75.93,6.31,578.397,0
"Foster",2010-07-08,2010,189,155.8,0,"moderate",1,0.12,0.158,88.89,4.47,578.271,0
"Foster",2010-07-09,2010,190,818.2,1,"exceed",155.8,0.133,0.254,81.69,0.26,578.34,0
"Foster",2010-07-14,2010,195,9.4,0,"low",13.3,0.065,0.069,82.3,5.63,578.445,0
"Foster",2010-07-15,2010,196,41.6,0,"low",9.4,0,0.065,87.89,8.67,578.348,0
"Foster",2010-07-16,2010,197,3.9,0,"low",41.6,0.003,0.003,88.98,6.46,578.358,0
"Foster",2010-07-21,2010,202,4.1,0,"low",94.7,0,0.003,82.95,6.48,578.354,0
"Foster",2010-07-22,2010,203,7.8,0,"low",4.1,0,0,84.1,2.29,578.33,0
"Foster",2010-07-23,2010,204,23.6,0,"low",7.8,0.564,0.564,87.73,10.31,578.234,0
"Foster",2010-07-28,2010,209,16.9,0,"low",118.1,0,0,87.03,6.53,578.336,0
"Foster",2010-07-29,2010,210,444.5,1,"exceed",16.9,0,0,87.31,6.03,578.268,0
"Foster",2010-07-30,2010,211,200.1,0,"moderate",444.5,0,0,77.76,5.62,578.413,0
"Foster",2010-08-04,2010,216,307.7,1,"exceed",28.5,0.456,0.477,82,4.09,578.278,0
"Foster",2010-08-05,2010,217,10.2,0,"low",307.7,0.488,0.944,79.55,2.92,578.327,0
"Foster",2010-08-06,2010,218,198.5,0,"moderate",10.2,0,0.488,81.97,10.64,578.252,0
"Foster",2010-08-11,2010,223,398.8,1,"exceed",125.9,0,0.195,81.54,3.79,578.372,0
"Foster",2010-08-12,2010,224,172.3,0,"moderate",398.8,0,0,88.16,2.19,578.417,0
"Foster",2010-08-13,2010,225,53.8,0,"low",172.3,0,0,84.84,2.06,578.441,0
"Foster",2010-08-25,2010,237,24.9,0,"low",12.1,0.003,0.003,79.75,3.17,578.324,0
"Foster",2010-08-26,2010,238,15.2,0,"low",24.9,0,0.003,77.13,8.79,578.394,0
"Foster",2010-08-27,2010,239,3.5,0,"low",15.2,0,0,79.88,2.13,578.22,0
"Foster",2010-09-01,2010,244,197.8,0,"moderate",2.5,0,0,90.21,13.72,577.888,0
"Foster",2010-09-02,2010,245,4.6,0,"low",197.8,0.141,0.141,80.99,6.94,578.083,0
"Foster",2010-09-03,2010,246,139.3,0,"moderate",4.6,0.769,0.91,81.82,8.24,578.112,0
"Foster",2011-06-02,2011,153,47.2,0,"low",1.8,0,0.055,80.5,13.03,577.848,0
"Foster",2011-06-03,2011,154,31.8,0,"low",47.2,0,0,70.23,7.32,578.122,0
"Foster",2011-06-08,2011,159,3.1,0,"low",1,0,0,94.66,11.8,578.207,0
"Foster",2011-06-09,2011,160,928.7,1,"exceed",3.1,0,0,93.83,13.76,578.026,0
"Foster",2011-06-10,2011,161,213,0,"moderate",928.7,1.134,1.134,68.64,7.13,578.433,0
"Foster",2011-06-14,2011,165,34.6,0,"low",12.6,0,0,65.15,6.84,578.269,0
"Foster",2011-06-15,2011,166,81.7,0,"low",34.6,0.048,0.048,69.09,7.3,578.393,0
"Foster",2011-06-16,2011,167,5.7,0,"low",81.7,0.468,0.516,71.66,10.8,578.392,0
"Foster",2011-06-17,2011,168,223.6,0,"moderate",5.7,0.024,0.492,76.03,4.4,578.404,0
"Foster",2011-06-22,2011,173,9.2,0,"low",5.1,0.332,0.583,85.84,13.92,578.507,0
"Foster",2011-06-23,2011,174,2.3,0,"low",9.2,0.066,0.398,72.37,14.36,578.479,0
"Foster",2011-06-24,2011,175,5.9,0,"low",2.3,0.021,0.087,70.18,12.71,578.452,0
"Foster",2011-06-29,2011,180,11.2,0,"low",4.2,0,0.042,76.52,6.6,578.418,0
"Foster",2011-06-30,2011,181,15.2,0,"low",11.2,0,0,74.02,2.89,578.346,0
"Foster",2011-07-01,2011,182,179.2,0,"moderate",15.2,0,0,83.38,8.95,578.499,0
"Foster",2011-07-07,2011,188,54.9,0,"low",75.6,0,0,80.63,6.27,578.427,0
"Foster",2011-07-08,2011,189,8,0,"low",54.9,0.024,0.024,75.99,5.57,578.479,0
"Foster",2011-07-13,2011,194,122.2,0,"low",29.9,0.007,0.396,80.6,5.59,578.425,0
"Foster",2011-07-14,2011,195,5.1,0,"low",122.2,0,0.007,70.83,12.28,578.567,0
"Foster",2011-07-15,2011,196,43.1,0,"low",5.1,0,0,75.73,7.43,578.524,0
"Foster",2011-07-20,2011,201,15.3,0,"low",26.8,0,0.003,84.68,2.77,578.506,0
"Foster",2011-07-21,2011,202,1.8,0,"low",15.3,0.08,0.08,97.21,7.1,578.262,0
"Foster",2011-07-22,2011,203,379.9,1,"exceed",1.8,0.004,0.084,95.52,5.68,578.262,0
"Foster",2011-07-23,2011,204,20.6,0,"low",379.9,0.55,0.553,85.35,3.6,578.352,0
"Foster",2011-07-24,2011,205,8.8,0,"low",20.6,2.722,3.272,81.65,0.77,578.388,0
"Foster",2011-07-25,2011,206,23.3,0,"low",8.8,0.078,2.8,82.7,1.47,578.48,0
"Foster",2011-07-26,2011,207,8.7,0,"low",23.3,0.007,0.084,80.78,3.27,578.434,1
"Foster",2011-07-27,2011,208,14.8,0,"low",8.7,0.004,0.011,79.72,4.95,578.367,0
"Foster",2011-07-28,2011,209,103.2,0,"low",14.8,0.463,0.467,87.09,7.19,578.342,0
"Foster",2011-07-29,2011,210,163.8,0,"moderate",103.2,0.39,0.853,81.87,3.27,578.504,0
"Foster",2011-08-03,2011,215,212.7,0,"moderate",8.5,0.274,0.274,91.07,9.42,578.36,0
"Foster",2011-08-04,2011,216,21.3,0,"low",212.7,0,0.274,80.7,8.68,578.64,0
"Foster",2011-08-05,2011,217,22.1,0,"low",21.3,0,0,78.14,6.36,578.494,0
"Foster",2011-08-10,2011,222,15.1,0,"low",5.8,0.031,0.259,79.63,11.55,578.409,0
"Foster",2011-08-11,2011,223,18.2,0,"low",15.1,0,0.031,74.49,6.36,578.37,0
"Foster",2011-08-12,2011,224,10.1,0,"low",18.2,0,0,77.29,2.05,578.252,0
"Foster",2011-08-17,2011,229,14.5,0,"low",14.6,0,0,79.48,3.1,578.422,0
"Foster",2011-08-18,2011,230,33.5,0,"low",14.5,0,0,81.83,7.26,578.338,0
"Foster",2011-08-19,2011,231,26,0,"low",33.5,0,0,79.06,3.37,578.409,0
"Foster",2011-08-24,2011,236,25.8,0,"low",29,0.21,0.21,79,11.83,577.898,0
"Foster",2011-08-25,2011,237,207.2,0,"moderate",25.8,0,0.21,90.68,10.19,578.087,0
"Foster",2011-08-26,2011,238,19.1,0,"low",207.2,0,0,75.57,6.58,578.259,0
"Foster",2011-08-31,2011,243,39.9,0,"low",10,0.007,0.007,79.89,7.63,578.113,0
"Foster",2011-09-01,2011,244,34.3,0,"low",39.9,0.034,0.041,87.46,7.15,578.181,0
"Foster",2011-09-02,2011,245,20.3,0,"low",34.3,0,0.034,92,5.57,578.263,0
"Foster",2012-05-24,2012,145,2,0,"low",2.4,0,0,73.37,5.75,577.847,0
"Foster",2012-05-25,2012,146,70.2,0,"low",2,0,0,84.6,17.99,577.695,0
"Foster",2012-05-31,2012,152,75.4,0,"low",4.4,0,0.004,66.64,7.12,577.868,0
"Foster",2012-06-01,2012,153,162.7,0,"moderate",75.4,0.772,0.772,53.82,12.76,577.991,0
"Foster",2012-06-06,2012,158,15.2,0,"low",17.2,0,0,63.54,9.48,578.029,0
"Foster",2012-06-07,2012,159,3.5,0,"low",15.2,0,0,68.41,6.68,577.873,0
"Foster",2012-06-08,2012,160,2.9,0,"low",3.5,0,0,72.28,2.39,577.767,0
"Foster",2012-06-13,2012,165,10.3,0,"low",308,0,0,77.17,8.12,577.847,0
"Foster",2012-06-14,2012,166,13.8,0,"low",10.3,0,0,66.28,8.22,577.781,0
"Foster",2012-06-15,2012,167,1.4,0,"low",13.8,0,0,77.23,8.62,577.847,0
"Foster",2012-06-20,2012,172,1.4,0,"low",7.6,0,0,89.94,17.07,577.656,0
"Foster",2012-06-21,2012,173,1.4,0,"low",1.4,0,0,89.94,17.13,577.635,0
"Foster",2012-06-22,2012,174,6.3,0,"low",1.4,0.014,0.014,82.38,7.44,577.678,0
"Foster",2012-06-27,2012,179,3.2,0,"low",105.9,0,0,74.77,7.01,577.866,0
"Foster",2012-06-28,2012,180,3.2,0,"low",3.2,0,0,87.75,13.1,577.697,0
"Foster",2012-06-29,2012,181,461,1,"exceed",3.2,0.024,0.024,96.08,7.97,577.777,0
"Foster",2012-06-30,2012,182,31.5,0,"low",461,0.09,0.115,83.41,3.61,577.622,0
"Foster",2012-07-11,2012,193,29.4,0,"low",43.6,0,0,77.36,11.29,577.973,0
"Foster",2012-07-12,2012,194,10.8,0,"low",29.4,0,0,80.07,7.94,577.899,0
"Foster",2012-07-13,2012,195,429.9,1,"exceed",10.8,0,0,86.57,7.73,577.818,0
"Foster",2012-07-14,2012,196,140.7,0,"moderate",429.9,0.049,0.049,86.94,5.08,577.774,0
"Foster",2012-07-18,2012,200,49.5,0,"low",24.5,0,0,97.02,10.07,577.557,0
"Foster",2012-07-19,2012,201,104.4,0,"low",49.5,0.319,0.319,83.77,6.56,577.851,0
"Foster",2012-07-20,2012,202,164.1,0,"moderate",104.4,0.629,0.948,78.95,4.01,578.002,0
"Foster",2012-07-25,2012,207,25.9,0,"low",596,0.545,0.552,86.96,6.21,577.691,0
"Foster",2012-07-26,2012,208,291.8,1,"exceed",25.9,0.003,0.549,97.69,9.94,577.568,0
"Foster",2012-07-27,2012,209,163.5,0,"moderate",291.8,0.286,0.289,89.82,7.12,577.626,0
"Foster",2012-08-01,2012,214,36.1,0,"low",106.3,0.234,0.252,82.31,3.38,577.69,0
"Foster",2012-08-02,2012,215,8.3,0,"low",36.1,0,0.234,82.73,5.4,577.611,0
"Foster",2012-08-03,2012,216,4.6,0,"low",8.3,0,0,87.06,4.19,577.487,0
"Foster",2012-08-08,2012,221,190.8,0,"moderate",20.7,0,0,90.86,6.94,577.429,0
"Foster",2012-08-09,2012,222,21,0,"low",190.8,0.004,0.004,80.68,9.31,577.633,0
"Foster",2012-08-10,2012,223,1756.4,1,"exceed",21,0.275,0.278,74.24,9.26,577.712,0
"Foster",2012-08-11,2012,224,115.7,0,"low",1756.4,0.192,0.466,72.08,16.99,578.254,0
"Foster",2012-08-15,2012,228,115.6,0,"low",122.4,0.004,0.29,76.68,1.03,577.66,0
"Foster",2012-08-16,2012,229,500.9,1,"exceed",115.6,0,0.004,84.38,5.29,577.546,0
"Foster",2012-08-17,2012,230,84.1,0,"low",500.9,0.28,0.28,75.07,8.69,577.427,0
"Foster",2012-08-22,2012,235,3.6,0,"low",174.3,0,0.269,74.47,1.81,577.366,0
"Foster",2012-08-23,2012,236,5.7,0,"low",3.6,0,0,79.86,6.98,577.252,0
"Foster",2012-08-24,2012,237,11.5,0,"low",5.7,0.016,0.016,86.91,9.37,577.205,0
"Foster",2012-08-29,2012,242,45.2,0,"low",36.8,0,0.006,78.6,4.09,577.305,0
"Foster",2012-08-30,2012,243,14,0,"low",45.2,0,0,78.52,6.27,577.268,0
"Foster",2012-08-31,2012,244,4.6,0,"low",14,0,0,88.06,12.01,576.952,0
"Foster",2013-05-23,2013,143,2192.5,1,"exceed",2047.9,0.828,1.041,71.36,4.65,577.623,0
"Foster",2013-05-24,2013,144,133.3,0,"moderate",2192.5,0.051,0.879,53.66,20.24,578.166,0
"Foster",2013-05-30,2013,150,3.5,0,"low",92.2,0.014,0.378,80,7.65,577.632,0
"Foster",2013-05-31,2013,151,5.2,0,"low",3.5,0.323,0.337,79.67,16.4,577.582,0
"Foster",2013-06-05,2013,156,16.2,0,"low",2,0,0,64.41,5.32,577.762,0
"Foster",2013-06-06,2013,157,29.2,0,"low",16.2,0.006,0.006,65.44,6.98,577.928,0
"Foster",2013-06-07,2013,158,22.4,0,"low",29.2,0.165,0.172,58.68,9.48,577.971,0
"Foster",2013-06-12,2013,163,67,0,"low",2,0.154,0.304,78.14,3.14,577.747,0
"Foster",2013-06-13,2013,164,132.5,0,"moderate",67,0.385,0.539,75.64,2.35,577.887,0
"Foster",2013-06-14,2013,165,48,0,"low",132.5,0.035,0.42,65.75,12.78,578.018,0
"Foster",2013-06-19,2013,170,23.9,0,"low",36.4,0,0.045,63.69,13.88,578.197,0
"Foster",2013-06-20,2013,171,9.2,0,"low",23.9,0,0,68.09,6.09,577.927,0
"Foster",2013-06-21,2013,172,4.9,0,"low",9.2,0,0,78.49,7.45,577.877,0
"Foster",2013-06-26,2013,177,1346.4,1,"exceed",271.7,0.041,0.322,83.82,5.67,577.835,0
"Foster",2013-06-27,2013,178,36.2,0,"low",1346.4,1.126,1.168,77.96,4.43,577.893,0
"Foster",2013-06-28,2013,179,11,0,"low",36.2,0.608,1.734,85.89,4.23,577.911,0
"Foster",2013-07-03,2013,184,20,0,"low",29.2,0,0,64.19,12.28,578.215,0
"Foster",2013-07-10,2013,191,751.4,1,"exceed",131.8,0.01,0.256,83.69,7.15,577.957,0
"Foster",2013-07-11,2013,192,13,0,"low",751.4,0,0.01,80.65,4.22,577.85,0
"Foster",2013-07-12,2013,193,28.6,0,"low",13,0,0,75.54,5.25,577.914,0
"Foster",2013-07-17,2013,198,5.8,0,"low",9.9,0.004,0.045,88.22,5.96,577.91,0
"Foster",2013-07-18,2013,199,17.3,0,"low",5.8,0,0.004,88.85,4.39,577.791,0
"Foster",2013-07-19,2013,200,3.5,0,"low",17.3,0,0,93.22,7.76,577.741,0
"Foster",2013-07-24,2013,205,138.7,0,"moderate",37.3,0.023,0.026,80.03,8.73,578.108,0
"Foster",2013-07-25,2013,206,36.3,0,"low",138.7,0,0.023,68.42,11.16,577.943,0
"Foster",2013-07-26,2013,207,12.5,0,"low",36.3,0,0,75.53,1.66,577.821,0
"Foster",2013-07-31,2013,212,130.2,0,"moderate",3.3,0.026,0.026,72.02,6.24,577.825,0
"Foster",2013-08-01,2013,213,11.8,0,"low",130.2,0.161,0.187,74.31,1.09,577.864,0
"Foster",2013-08-02,2013,214,24.2,0,"low",11.8,0.003,0.164,75.96,5.41,577.818,0
"Foster",2013-08-07,2013,219,62.7,0,"low",76.8,0.02,0.048,81.03,8.53,577.758,0
"Foster",2013-08-08,2013,220,73.8,0,"low",62.7,0.01,0.03,84,2.46,577.949,0
"Foster",2013-08-09,2013,221,22,0,"low",73.8,0,0.01,73.69,10.6,577.943,0
"Foster",2013-08-14,2013,226,94.9,0,"low",635.8,0,0.517,69.83,12.56,578.078,0
"Foster",2013-08-15,2013,227,73.1,0,"low",94.9,0,0,66.96,6.17,577.859,0
"Foster",2013-08-16,2013,228,97,0,"low",73.1,0,0,72.57,4.97,577.698,0
"Foster",2013-08-21,2013,233,26.7,0,"low",12.8,0,0,85.42,7.62,577.648,0
"Foster",2013-08-22,2013,234,191.6,0,"moderate",26.7,0.011,0.011,88.22,10.3,577.654,0
"Foster",2013-08-23,2013,235,95.5,0,"low",191.6,0.211,0.222,78.13,2.95,577.695,0
"Foster",2013-08-28,2013,240,147,0,"moderate",8.5,0,0,92.92,12.96,577.68,0
"Foster",2013-08-29,2013,241,1365.1,1,"exceed",147,0,0,84.67,7.07,577.875,0
"Foster",2013-08-30,2013,242,182.4,0,"moderate",1365.1,0,0,79.6,3.05,577.822,0
"Foster",2013-09-12,2013,255,32.4,0,"low",613.1,0.003,0.003,84.5,4.78,577.76,0
"Foster",2014-05-22,2014,142,1.7,0,"low",11.6,0.244,0.511,77.33,1.22,578.717,0
"Foster",2014-05-23,2014,143,1,0,"low",1.7,0,0.244,63.19,5.27,578.625,0
"Foster",2014-05-29,2014,149,22.2,0,"low",363,0.22,0.348,60.97,8.83,578.878,0
"Foster",2014-05-30,2014,150,6.5,0,"low",22.2,0,0.22,64.31,8.29,578.922,0
"Foster",2014-06-04,2014,155,578.9,1,"exceed",1.4,0,0.14,75.84,5.64,578.649,0
"Foster",2014-06-05,2014,156,2,0,"low",578.9,0.122,0.122,67.47,7.11,578.836,0
"Foster",2014-06-06,2014,157,4.2,0,"low",2,0,0.122,67.29,5.27,578.784,0
"Foster",2014-06-11,2014,162,18.4,0,"low",65.5,0.606,0.606,59.77,9.93,579.007,0
"Foster",2014-06-18,2014,169,12.6,0,"low",3.5,0.003,0.003,85.16,11.2,578.796,0
"Foster",2014-06-19,2014,170,27.9,0,"low",12.6,0.214,0.217,80.88,3.35,579.096,0
"Foster",2014-06-20,2014,171,6.7,0,"low",27.9,0.306,0.52,71.04,6.05,579.167,0
"Foster",2014-06-25,2014,176,212.3,0,"moderate",51.2,0.665,0.796,78.37,1.44,579.042,0
"Foster",2014-06-26,2014,177,25.8,0,"low",212.3,0.011,0.675,68.84,7.52,579.183,0
"Foster",2014-06-27,2014,178,50,0,"low",25.8,0,0.011,67.39,5.77,579.117,0
"Foster",2014-07-02,2014,183,13.3,0,"low",172.2,0.059,2.054,79.69,12.47,578.823,1
"Foster",2014-07-03,2014,184,21,0,"low",13.3,0.104,0.163,72.08,6.67,578.957,0
"Foster",2014-07-09,2014,190,9.8,0,"low",19.1,0.326,0.731,80.21,10.8,579.037,0
"Foster",2014-07-10,2014,191,165.2,0,"moderate",9.8,0,0.326,73.24,3.68,579.036,0
"Foster",2014-07-11,2014,192,16.9,0,"low",165.2,0,0,72.21,6,579.09,0
"Foster",2014-07-16,2014,197,2.8,0,"low",114.2,0.059,0.361,67.9,11.01,579.219,0
"Foster",2014-07-17,2014,198,20,0,"low",2.8,0.004,0.062,67.51,4.17,579.122,0
"Foster",2014-07-18,2014,199,111.9,0,"low",20,0,0.004,72.35,4.55,579.121,0
"Foster",2014-07-23,2014,204,630.7,1,"exceed",67.9,0.006,0.006,87.42,12.08,578.974,0
"Foster",2014-07-24,2014,205,224.4,0,"moderate",630.7,0.01,0.017,74.74,18.19,579.474,0
"Foster",2014-07-25,2014,206,58.2,0,"low",224.4,0,0.01,69.36,7.38,579.242,0
"Foster",2014-07-30,2014,211,8.5,0,"low",24.9,0.068,0.068,73.34,3.29,579.144,0
"Foster",2014-07-31,2014,212,4.9,0,"low",8.5,0,0.068,71.61,2.55,579.143,0
"Foster",2014-08-01,2014,213,17.7,0,"low",4.9,0.009,0.009,82.06,8.4,579.062,0
"Foster",2014-08-06,2014,218,27.3,0,"low",53.4,0.233,1.688,74.36,3.01,579.265,0
"Foster",2014-08-07,2014,219,184.9,0,"moderate",27.3,0,0.233,74.24,6.4,579.249,0
"Foster",2014-08-08,2014,220,40.9,0,"low",184.9,0,0,75.69,7.88,579.216,0
"Foster",2014-08-13,2014,225,24.2,0,"low",1052.6,0.027,0.961,69.85,11.6,579.486,0
"Foster",2014-08-14,2014,226,35,0,"low",24.2,0,0.027,77.93,3.95,579.225,0
"Foster",2014-08-15,2014,227,87.3,0,"low",35,0,0,67.54,8.7,579.275,0
"Foster",2014-08-20,2014,232,60,0,"low",16.1,0.225,0.225,84.4,11.34,579.32,0
"Foster",2014-08-21,2014,233,21.4,0,"low",60,0,0.225,84.87,7.86,579.33,0
"Foster",2014-08-22,2014,234,278.3,1,"exceed",21.4,1.009,1.009,76.96,5.66,579.35,0
"Foster",2014-08-27,2014,239,159.5,0,"moderate",55.1,0.024,0.586,79.39,0.7,579.28,0
"Foster",2014-08-28,2014,240,155.6,0,"moderate",159.5,0,0.024,75.55,6.87,579.262,0
"Foster",2014-08-29,2014,241,13.9,0,"low",155.6,0.007,0.007,72.53,9.09,579.322,0
"Foster",2014-09-04,2014,247,19.6,0,"low",30.5,0,0.01,80.73,5.25,579.106,0
"Foster",2014-09-05,2014,248,34.5,0,"low",19.6,0.177,0.177,83.87,13.21,578.948,0
"Foster",2015-05-21,2015,141,8.8,0,"low",37.8,0.042,0.042,45.7,8.63,579.495,0
"Foster",2015-05-22,2015,142,5.5,0,"low",8.8,0,0.042,66.52,7.89,579.462,0
"Foster",2015-05-28,2015,148,6.7,0,"low",62.2,0.107,0.585,71.13,8.8,579.525,0
"Foster",2015-05-29,2015,149,8.4,0,"low",6.7,0,0.107,75.97,6.43,579.607,0
"Foster",2015-06-03,2015,154,10.7,0,"low",51.4,0,0,63.07,4.41,579.794,0
"Foster",2015-06-04,2015,155,12,0,"low",10.7,0,0,70.49,7.12,579.82,0
"Foster",2015-06-05,2015,156,38.4,0,"low",12,0,0,77.26,8.11,579.79,0
"Foster",2015-06-10,2015,161,14.5,0,"low",25.1,0,0.113,82.9,7.23,579.718,0
"Foster",2015-06-11,2015,162,369,1,"exceed",14.5,0.032,0.032,91.28,7.9,579.761,0
"Foster",2015-06-12,2015,163,35.1,0,"low",369,0.128,0.16,67.85,6,579.944,0
"Foster",2015-06-17,2015,168,222.6,0,"moderate",94.7,0.007,1.08,70.72,9.55,580.016,1
"Foster",2015-06-18,2015,169,17,0,"low",222.6,0.15,0.157,64.91,2.86,580.048,0
"Foster",2015-06-19,2015,170,14.5,0,"low",17,0.165,0.314,79.83,5.98,580.048,0
"Foster",2015-06-24,2015,175,12.8,0,"low",100.8,0,0.026,76.33,4.51,580.017,0
"Foster",2015-06-25,2015,176,8.8,0,"low",12.8,0,0,76.39,5.13,579.875,0
"Foster",2015-06-26,2015,177,175.5,0,"moderate",8.8,0.537,0.537,75.92,0.53,580.153,0
"Foster",2015-07-01,2015,182,42,0,"low",17.9,0.12,0.347,72,3.79,580.06,0
"Foster",2015-07-02,2015,183,11.5,0,"low",42,0,0.12,61.67,8.06,580.091,0
"Foster",2015-07-08,2015,189,154.3,0,"moderate",669.1,0.346,0.719,72.28,11.96,580.256,0
"Foster",2015-07-09,2015,190,78.3,0,"low",154.3,0.034,0.38,63.15,7.07,580.11,0
"Foster",2015-07-10,2015,191,32,0,"low",78.3,0.018,0.052,68.4,6.06,580.118,0
"Foster",2015-07-15,2015,196,286,1,"exceed",220.3,0,0.547,76.55,9.87,580.248,0
"Foster",2015-07-16,2015,197,64.2,0,"low",286,0,0,68.72,9.81,580.217,0
"Foster",2015-07-17,2015,198,27.5,0,"low",64.2,0.583,0.583,73.22,6.62,580.058,0
"Foster",2015-07-22,2015,203,33.5,0,"low",20.9,0,0,75.69,6.39,579.976,0
"Foster",2015-07-23,2015,204,317.4,1,"exceed",33.5,0,0,76.72,1.59,579.948,0
"Foster",2015-07-24,2015,205,229,0,"moderate",317.4,0,0,78.86,2.99,579.985,0
"Foster",2015-07-29,2015,210,230.4,0,"moderate",104.8,0,0,84.49,5.34,580.004,0
"Foster",2015-07-30,2015,211,109.4,0,"low",230.4,0.024,0.024,85.7,7.61,579.91,0
"Foster",2015-07-31,2015,212,12.6,0,"low",109.4,0,0.024,86.39,11.48,579.79,0
"Foster",2015-08-05,2015,217,88.7,0,"low",344.9,0,0.709,79.74,3.88,579.96,0
"Foster",2015-08-06,2015,218,26.5,0,"low",88.7,0,0,77.67,4.46,580.036,0
"Foster",2015-08-07,2015,219,16.2,0,"low",26.5,0,0,77.06,8.59,580.113,0
"Foster",2015-08-12,2015,224,5.5,0,"low",93.5,0,0.287,76.05,6.16,580.042,0
"Foster",2015-08-13,2015,225,12.2,0,"low",5.5,0,0,74.54,4.68,579.88,0
"Foster",2015-08-14,2015,226,120.9,0,"low",12.2,0,0,83.03,10.33,579.753,0
"Foster",2015-08-19,2015,231,66.3,0,"low",14.8,0.556,0.815,81.08,9.77,579.95,0
"Foster",2015-08-20,2015,232,47.4,0,"low",66.3,0.019,0.575,75.2,14.55,579.717,0
"Foster",2015-08-21,2015,233,73,0,"low",47.4,0,0.019,73.01,14.75,579.684,0
"Foster",2015-08-26,2015,238,106,0,"low",50.5,0,0,67.03,5.47,579.697,0
"Foster",2015-08-27,2015,239,2420,1,"exceed",106,0,0,64.38,5.22,579.754,0
"Foster",2015-08-28,2015,240,12.8,0,"low",2420,0,0,70.03,1.28,579.792,0
"Foster",2015-08-29,2015,241,37.8,0,"low",12.8,0,0,72.26,5.41,579.789,0
"Foster",2015-09-02,2015,245,1.4,0,"low",20.4,0,0,87.81,9.71,579.762,0
"Foster",2015-09-03,2015,246,13,0,"low",1.4,0,0,88.88,6.95,579.77,0
"Foster",2015-09-04,2015,247,18.2,0,"low",13,0,0,89.54,5.59,579.905,0
"Foster",2016-06-02,2016,154,2.4,0,"low",847.7,0.301,0.773,74.76,1.67,580.465,0
"Foster",2016-06-03,2016,155,1,0,"low",2.4,0,0.301,75.82,3.17,580.335,0
"Foster",2016-06-08,2016,160,1.4,0,"low",23.5,0,0.021,63.01,8.09,580.418,0
"Foster",2016-06-09,2016,161,1,0,"low",1.4,0,0,62.59,3.34,580.28,0
"Foster",2016-06-10,2016,162,14,0,"low",1,0.118,0.118,69.83,6.42,580.367,0
"Foster",2016-06-15,2016,167,56.4,0,"low",2,0,0.007,79.14,7.2,580.531,0
"Foster",2016-06-16,2016,168,13,0,"low",56.4,0.284,0.284,84.86,6.43,580.513,0
"Foster",2016-06-17,2016,169,72.5,0,"low",13,0,0.284,82.31,10.98,580.684,0
"Foster",2016-06-22,2016,174,35.7,0,"low",2.8,0,0.003,78.77,4.14,580.311,0
"Foster",2016-06-23,2016,175,148.6,0,"moderate",35.7,0.791,0.791,75.01,3.95,580.435,0
"Foster",2016-06-24,2016,176,15.5,0,"low",148.6,0,0.791,72.06,7.77,580.579,0
"Foster",2016-06-29,2016,181,26.1,0,"low",160.2,0,0,70.76,12.26,580.589,0
"Foster",2016-06-30,2016,182,3,0,"low",26.1,0,0,73.73,2.62,580.371,0
"Foster",2016-07-01,2016,183,35.8,0,"low",3,0,0,76.72,8.89,580.284,0
"Foster",2016-07-07,2016,189,14.7,0,"low",9.5,1.042,1.042,84.85,7.01,580.282,0
"Foster",2016-07-08,2016,190,30.5,0,"low",14.7,0.171,1.213,79.71,2.03,580.371,0
"Foster",2016-07-13,2016,195,9.5,0,"low",12.6,0,0,87.71,13.54,580.23,0
"Foster",2016-07-14,2016,196,19.1,0,"low",9.5,0.181,0.181,83.54,10.1,580.112,0
"Foster",2016-07-15,2016,197,452.8,1,"exceed",19.1,0,0.181,85.88,14.16,580.105,0
"Foster",2016-07-16,2016,198,34.8,0,"low",452.8,0.057,0.057,74.81,7.07,580.328,0
"Foster",2016-07-20,2016,202,20.2,0,"low",27.7,0,0.154,81.75,3.01,580.308,0
"Foster",2016-07-21,2016,203,15.5,0,"low",20.2,0,0,85.4,5.93,580.289,0
"Foster",2016-07-22,2016,204,48,0,"low",15.5,0.487,0.487,88.35,6.49,580.039,0
"Foster",2016-07-26,2016,208,75.3,0,"low",12,0,0.462,82.28,1.04,580.19,0
"Foster",2016-07-27,2016,209,49.3,0,"low",75.3,0,0,83.13,3.15,580.223,0
"Foster",2016-07-28,2016,210,7.7,0,"low",49.3,0,0,84.51,2.81,580.259,0
"Foster",2016-07-29,2016,211,18.7,0,"low",7.7,0.179,0.179,79.79,3.39,580.394,0
"Foster",2016-08-03,2016,216,13.9,0,"low",3.9,0,0,81.84,5.72,580.397,0
"Foster",2016-08-04,2016,217,83.4,0,"low",13.9,0,0,85.3,5.17,580.364,0
"Foster",2016-08-05,2016,218,244.4,1,"exceed",83.4,0,0,88.22,6.31,580.276,0
"Foster",2016-08-06,2016,219,5.2,0,"low",244.4,0.034,0.034,81.6,2.94,580.243,0
"Foster",2016-08-10,2016,223,44.7,0,"low",10.4,0,0,83.86,5.73,580.18,0
"Foster",2016-08-11,2016,224,20,0,"low",44.7,0,0,84.56,3.82,580.164,0
"Foster",2016-08-12,2016,225,5.5,0,"low",20,0,0,90.88,10.66,580.105,0
"Foster",2016-08-17,2016,230,56.2,0,"low",18.3,0.047,0.085,81.37,2.43,580.308,0
"Foster",2016-08-18,2016,231,217.4,0,"moderate",56.2,0.017,0.064,85.36,5.19,580.249,0
"Foster",2016-08-19,2016,232,2420,1,"exceed",217.4,0.569,0.586,84.37,7.85,580.213,0
"Foster",2016-08-20,2016,233,32.2,0,"low",2420,0.037,0.606,82.69,7.29,580.299,0
"Foster",2016-08-24,2016,237,13.4,0,"low",13.7,0,0,79.39,12.27,579.918,0
"Foster",2016-08-31,2016,244,686.9,1,"exceed",25.7,0.105,0.28,81.67,1.25,580.223,0
"Foster",2016-09-01,2016,245,132.5,0,"moderate",686.9,0,0.105,74.41,12.69,580.489,0
"Foster",2016-09-02,2016,246,93,0,"low",132.5,0,0,71.55,13.91,580.577,0
"Howard",2006-05-25,2006,145,4.6,0,"low",1,0.36,0.36,77.53,11.48,577.846,0
"Howard",2006-05-26,2006,146,14.1,0,"low",4.6,0.206,0.566,73.24,9.96,577.922,0
"Howard",2006-06-01,2006,152,20.4,0,"low",4.6,0,0.43,73.19,6.7,578.078,0
"Howard",2006-06-02,2006,153,1,0,"low",20.4,0,0,73.1,7.5,578.091,0
"Howard",2006-06-07,2006,158,328.6,1,"exceed",31.3,0,0,81.77,10.31,577.94,0
"Howard",2006-06-08,2006,159,1,0,"low",328.6,0,0,78.58,4.43,578.118,0
"Howard",2006-06-09,2006,160,1,0,"low",1,0,0,80.05,5.49,578.066,0
"Howard",2006-06-14,2006,165,24.3,0,"low",1,0,0,70.63,5.32,578.077,0
"Howard",2006-06-15,2006,166,4.4,0,"low",24.3,0.007,0.007,77.73,7.03,578.113,0
"Howard",2006-06-16,2006,167,21.8,0,"low",4.4,0,0.007,86.14,4.57,578.093,0
"Howard",2006-06-21,2006,172,563.2,1,"exceed",47.2,0,0,80.14,3.55,578.005,0
"Howard",2006-06-22,2006,173,66.4,0,"low",563.2,0.05,0.05,86.01,8.74,577.913,0
"Howard",2006-06-23,2006,174,15.8,0,"low",66.4,0.152,0.202,80.33,3.95,578.022,0
"Howard",2006-06-28,2006,179,5.5,0,"low",115.3,0.004,0.855,77.28,4.66,578.035,0
"Howard",2006-06-29,2006,180,2.5,0,"low",5.5,0.418,0.422,75.53,6.06,578.013,0
"Howard",2006-06-30,2006,181,49.2,0,"low",2.5,0,0.418,77.1,3.3,577.952,0
"Howard",2006-07-12,2006,193,1,0,"low",4.6,0.183,0.238,74.17,5.27,578.091,0
"Howard",2006-07-13,2006,194,11.5,0,"low",1,0.003,0.186,75.35,10.86,578.161,0
"Howard",2006-07-14,2006,195,21.4,0,"low",11.5,0,0.003,81.13,6.07,578.034,0
"Howard",2006-07-19,2006,200,26.6,0,"low",5.2,0.034,0.215,80.48,12.31,578.065,0
"Howard",2006-07-20,2006,201,28.4,0,"low",26.6,0.004,0.037,87.58,6.72,578.016,0
"Howard",2006-07-21,2006,202,66.6,0,"low",28.4,0.841,0.845,80.39,3.05,577.928,0
"Howard",2006-07-26,2006,207,13.3,0,"low",18.5,0,0.004,89.33,10.85,577.764,0
"Howard",2006-07-27,2006,208,4.6,0,"low",13.3,0.06,0.06,84.14,9.76,577.861,0
"Howard",2006-07-28,2006,209,35.8,0,"low",4.6,0.006,0.066,85.81,4.23,577.947,0
"Howard",2006-08-02,2006,214,7.7,0,"low",1.8,0.049,0.049,97.05,10.87,577.792,0
"Howard",2006-08-03,2006,215,53.8,0,"low",7.7,0.253,0.302,95.95,11.91,577.893,0
"Howard",2006-08-04,2006,216,2.3,0,"low",53.8,0.373,0.626,80.72,4.01,578.06,0
"Howard",2006-08-09,2006,221,16.3,0,"low",90.7,0,0,79.48,9.31,578.109,0
"Howard",2006-08-10,2006,222,10,0,"low",16.3,0.032,0.032,82.47,5.19,577.977,0
"Howard",2006-08-11,2006,223,158.1,0,"moderate",10,0.133,0.166,76.87,6.02,578.171,0
"Howard",2006-08-16,2006,228,12.7,0,"low",18.6,0,0,80.75,2.6,577.826,0
"Howard",2006-08-17,2006,229,13.9,0,"low",12.7,0,0,80.63,5.79,577.919,0
"Howard",2006-08-18,2006,230,3.2,0,"low",13.9,0.08,0.08,82.57,5.08,577.95,0
"Howard",2006-08-23,2006,235,11.5,0,"low",2.5,0,0,83.66,2.71,577.883,0
"Howard",2006-08-24,2006,236,52,0,"low",11.5,0,0,86.7,4.25,577.925,0
"Howard",2006-08-25,2006,237,29,0,"low",52,0.696,0.696,82.53,7.19,577.945,0
"Howard",2006-08-30,2006,242,114.1,0,"low",174.7,0.065,0.547,68.81,8.51,578.246,0
"Howard",2006-08-31,2006,243,74.2,0,"low",114.1,0.009,0.074,72.15,10.36,578.4,0
"Howard",2006-09-01,2006,244,162.9,0,"moderate",74.2,0,0.009,72.67,11.64,578.358,0
"Howard",2007-05-30,2007,150,1,0,"low",4.1,0,0,83.57,7.12,577.877,0
"Howard",2007-05-31,2007,151,1,0,"low",1,0,0,85.63,10,577.828,0
"Howard",2007-06-01,2007,152,6.7,0,"low",1,0.069,0.069,76.55,8.89,577.775,0
"Howard",2007-06-06,2007,157,19.9,0,"low",14.3,0.296,0.51,67.47,8.06,577.92,0
"Howard",2007-06-07,2007,158,26.6,0,"low",19.9,0.004,0.299,84.66,9.52,577.75,0
"Howard",2007-06-08,2007,159,7.4,0,"low",26.6,0,0.004,90.52,20.9,577.59,0
"Howard",2007-06-13,2007,164,109.5,0,"low",28.5,0,0,78.25,7.51,577.911,0
"Howard",2007-06-14,2007,165,17,0,"low",109.5,0,0,81.24,6.3,577.919,0
"Howard",2007-06-15,2007,166,5.1,0,"low",17,0,0,83.91,5.26,577.939,0
"Howard",2007-06-20,2007,171,12.5,0,"low",30.8,0.507,0.775,79.39,10.69,577.746,0
"Howard",2007-06-21,2007,172,2,0,"low",12.5,0,0.507,81.71,3.92,577.675,0
"Howard",2007-06-22,2007,173,84.5,0,"low",2,0,0,75.13,2.7,577.785,0
"Howard",2007-06-27,2007,178,1.4,0,"low",3.1,0.087,0.087,88.41,6.4,577.738,0
"Howard",2007-06-28,2007,179,35.7,0,"low",1.4,0.143,0.23,88.66,7.15,577.706,0
"Howard",2007-06-29,2007,180,668,1,"exceed",35.7,0,0.143,73.96,11.65,578.045,0
"Howard",2007-07-04,2007,185,21.7,0,"low",7.4,0.017,0.017,81.18,7.33,577.696,0
"Howard",2007-07-05,2007,186,5.4,0,"low",21.7,0.335,0.352,81.71,4.31,577.806,0
"Howard",2007-07-06,2007,187,52.4,0,"low",5.4,0,0.335,84.19,4.08,577.759,0
"Howard",2007-07-11,2007,192,11.1,0,"low",218.6,0.251,0.349,87.19,7.86,577.716,0
"Howard",2007-07-12,2007,193,10.8,0,"low",11.1,0,0.251,76.91,8.24,577.669,0
"Howard",2007-07-13,2007,194,48.8,0,"low",10.8,0,0,78.02,10.82,577.625,0
"Howard",2007-07-18,2007,199,14.2,0,"low",19.1,0.131,0.131,80.59,5.08,577.769,0
"Howard",2007-07-19,2007,200,14.5,0,"low",14.2,0.367,0.498,83.68,8.48,577.683,0
"Howard",2007-07-20,2007,201,210.7,0,"moderate",14.5,0.174,0.542,77.25,6.45,577.95,0
"Howard",2007-07-25,2007,206,15.1,0,"low",8,0,0,79.52,2.09,577.688,0
"Howard",2007-07-26,2007,207,12.3,0,"low",15.1,0,0,82.28,5.95,577.674,0
"Howard",2007-07-27,2007,208,19.4,0,"low",12.3,0.346,0.346,80.18,7.34,577.661,0
"Howard",2007-08-01,2007,213,15,0,"low",7.5,0,0,87.24,2.5,577.675,0
"Howard",2007-08-02,2007,214,4.8,0,"low",15,0,0,89.1,2.55,577.682,0
"Howard",2007-08-03,2007,215,33.9,0,"low",4.8,0,0,89.18,6.14,577.563,0
"Howard",2007-08-08,2007,220,29.1,0,"low",67.4,0.8,0.928,91.24,5.32,577.645,0
"Howard",2007-08-09,2007,221,63.8,0,"low",29.1,0.197,0.997,82.86,4.05,577.665,0
"Howard",2007-08-10,2007,222,21.3,0,"low",63.8,0.066,0.263,83.24,1.65,577.71,0
"Howard",2007-08-15,2007,227,90.5,0,"low",726.3,0.311,0.311,83.2,7.13,577.495,0
"Howard",2007-08-16,2007,228,43.8,0,"low",90.5,0.359,0.671,78.7,4.78,577.561,0
"Howard",2007-08-17,2007,229,28.1,0,"low",43.8,0,0.359,74.56,4.72,577.507,0
"Howard",2007-08-22,2007,234,11.5,0,"low",350,0.006,0.652,81.7,4.44,577.727,0
"Howard",2007-08-23,2007,235,10.1,0,"low",11.5,0.451,0.457,88.25,4.98,577.464,0
"Howard",2007-08-24,2007,236,65.8,0,"low",10.1,1.401,1.851,86.53,10.05,577.425,1
"Howard",2007-08-25,2007,237,487.2,1,"exceed",65.8,0.217,1.618,78.62,6.23,577.509,1
"Howard",2007-08-26,2007,238,44.6,0,"low",487.2,0.295,0.512,74.67,2.92,577.618,0
"Howard",2007-08-27,2007,239,228.2,0,"moderate",44.6,0,0.295,74.46,1.75,577.588,0
"Howard",2007-08-28,2007,240,16.3,0,"low",228.2,0,0,85.57,6.73,577.524,0
"Howard",2007-08-29,2007,241,90.2,0,"low",16.3,0,0,90.7,7.68,577.484,0
"Howard",2007-08-30,2007,242,516.5,1,"exceed",90.2,0,0,80.36,3.62,577.699,0
"Howard",2007-08-31,2007,243,79.9,0,"low",516.5,0,0,71.96,11.53,577.78,0
"Howard",2008-05-29,2008,150,28.2,0,"low",49.4,0,0,61.3,7.77,577.973,0
"Howard",2008-05-30,2008,151,17.7,0,"low",28.2,0.042,0.042,73.05,2.9,577.753,0
"Howard",2008-06-04,2008,156,82.9,0,"low",128.9,0.278,0.278,66.91,6.96,577.949,0
"Howard",2008-06-05,2008,157,15.7,0,"low",82.9,0,0.278,74.37,5.82,578.065,0
"Howard",2008-06-06,2008,158,12.5,0,"low",15.7,0.298,0.298,85.51,12.93,577.936,0
"Howard",2008-06-11,2008,163,1.4,0,"low",4.3,0.003,0.764,78.82,9.93,577.908,0
"Howard",2008-06-12,2008,164,36.4,0,"low",1.4,0,0.003,82.82,12.38,578.155,0
"Howard",2008-06-13,2008,165,2.4,0,"low",36.4,0,0,86.56,18.82,578.215,0
"Howard",2008-06-18,2008,170,2.9,0,"low",1.4,0,0,73.96,10.24,578.079,0
"Howard",2008-06-19,2008,171,13.7,0,"low",2.9,0,0,67.86,4.56,578.15,0
"Howard",2008-06-20,2008,172,11.7,0,"low",13.7,0.003,0.003,75.05,3.83,578.13,0
"Howard",2008-06-25,2008,177,2,0,"low",5.5,0,0,76.19,4.64,578.148,0
"Howard",2008-06-26,2008,178,2,0,"low",2,0.064,0.064,80.95,10.01,578.1,0
"Howard",2008-06-27,2008,179,3.2,0,"low",2,0.004,0.067,84.88,7.03,578.16,0
"Howard",2008-07-02,2008,184,4.6,0,"low",13.1,0.014,0.014,81.41,8.48,578.09,0
"Howard",2008-07-03,2008,185,950.1,1,"exceed",4.6,0.189,0.203,84.83,12.48,578.098,0
"Howard",2008-07-04,2008,186,75.7,0,"low",950.1,0,0.189,67.2,16.28,578.525,0
"Howard",2008-07-09,2008,191,4.2,0,"low",3.6,0.188,0.264,82.62,9.15,578.235,0
"Howard",2008-07-10,2008,192,15.4,0,"low",4.2,0.015,0.204,77.96,5.97,578.223,0
"Howard",2008-07-11,2008,193,45.3,0,"low",15.4,0.226,0.242,81.21,10.71,578.145,0
"Howard",2008-07-16,2008,198,4.7,0,"low",19.3,0,0,88.53,8.99,578.149,0
"Howard",2008-07-17,2008,199,48.8,0,"low",4.7,0,0,87.91,6.53,578.227,0
"Howard",2008-07-18,2008,200,1,0,"low",48.8,0.087,0.087,87.47,9.74,578.239,0
"Howard",2008-07-23,2008,205,307.6,1,"exceed",435.1,0.018,0.089,72.1,9.69,578.575,0
"Howard",2008-07-24,2008,206,22.4,0,"low",307.6,0,0.018,75.49,9.73,578.516,0
"Howard",2008-07-25,2008,207,14.7,0,"low",22.4,0,0,78.17,1.72,578.37,0
"Howard",2008-07-30,2008,212,9.2,0,"low",188.9,0.07,0.07,85.77,5.53,578.319,0
"Howard",2008-07-31,2008,213,53.7,0,"low",9.2,0.012,0.082,83.77,5.88,578.298,0
"Howard",2008-08-01,2008,214,64.6,0,"low",53.7,0.225,0.236,81.88,4.83,578.233,0
"Howard",2008-08-06,2008,219,614,1,"exceed",284.2,0.027,1.017,81.85,3.34,578.461,0
"Howard",2008-08-07,2008,220,104.4,0,"low",614,0.003,0.03,79.83,5.7,578.291,0
"Howard",2008-08-08,2008,221,275.9,1,"exceed",104.4,0.003,0.006,76.34,8.65,578.517,0
"Howard",2008-08-09,2008,222,10.9,0,"low",275.9,0,0.003,73.94,7.26,578.385,0
"Howard",2008-08-13,2008,226,434.5,1,"exceed",37.1,0.004,0.004,73.36,4.24,578.41,0
"Howard",2008-08-14,2008,227,64.3,0,"low",434.5,0.15,0.154,73.66,2.51,578.427,0
"Howard",2008-08-15,2008,228,90.5,0,"low",64.3,0,0.15,73.99,8.26,578.574,0
"Howard",2008-08-20,2008,233,67.8,0,"low",1938.5,0,0,76.54,6.71,578.565,0
"Howard",2008-08-21,2008,234,15.7,0,"low",67.8,0,0,75.8,7.76,578.485,0
"Howard",2008-08-22,2008,235,14.9,0,"low",15.7,0,0,78.69,8.07,578.367,0
"Howard",2008-08-27,2008,240,16.3,0,"low",16.2,0,0,72.71,10.18,578.403,0
"Howard",2008-08-28,2008,241,76.2,0,"low",16.3,0,0,76.62,5.47,578.309,0
"Howard",2008-08-29,2008,242,14.7,0,"low",76.2,0.017,0.017,78.53,6.5,578.204,0
"Howard",2009-05-28,2009,148,2.9,0,"low",10.1,0.284,1.021,62.46,1.98,579.11,0
"Howard",2009-05-29,2009,149,1,0,"low",2.9,0,0.284,61.67,6.03,578.911,0
"Howard",2009-06-03,2009,154,36.8,0,"low",205.6,0.052,0.612,58.23,9.79,579.017,0
"Howard",2009-06-04,2009,155,16.3,0,"low",36.8,0,0.052,58.48,12.01,579.015,0
"Howard",2009-06-05,2009,156,10,0,"low",16.3,0,0,73.33,6.27,578.901,0
"Howard",2009-06-10,2009,161,19.3,0,"low",17.9,0.004,0.239,64.54,4.28,579.142,0
"Howard",2009-06-11,2009,162,13.2,0,"low",19.3,0.016,0.019,63.68,8.02,579.027,0
"Howard",2009-06-12,2009,163,8.3,0,"low",13.2,0.234,0.25,64.24,10.67,579.194,0
"Howard",2009-06-17,2009,168,37.4,0,"low",71.4,0.484,0.739,68.53,11.79,579.153,0
"Howard",2009-06-18,2009,169,5.9,0,"low",37.4,0.007,0.491,75.81,2.76,579.141,0
"Howard",2009-06-24,2009,175,14.7,0,"low",5.2,0,0.111,86.39,5.1,579.09,0
"Howard",2009-06-25,2009,176,27,0,"low",14.7,0.035,0.035,88.83,1.24,579.048,0
"Howard",2009-06-26,2009,177,77.5,0,"low",27,0,0.035,85.25,1.4,579.084,0
"Howard",2009-07-01,2009,182,66.1,0,"low",40.6,0,0,67.23,9.62,579.061,0
"Howard",2009-07-02,2009,183,37.3,0,"low",66.1,0.007,0.007,69.14,7.01,579.068,0
"Howard",2009-07-08,2009,189,24.1,0,"low",156.9,0.004,0.004,71.42,5.8,579.018,0
"Howard",2009-07-09,2009,190,13.9,0,"low",24.1,0.082,0.086,69.89,6.91,579.049,0
"Howard",2009-07-10,2009,191,13.9,0,"low",13.9,0,0.082,78.09,5.34,579.128,0
"Howard",2009-07-15,2009,196,3.6,0,"low",13.3,0,0,77.17,7.07,578.959,0
"Howard",2009-07-16,2009,197,12.1,0,"low",3.6,0.405,0.405,84.43,9.91,578.83,0
"Howard",2009-07-17,2009,198,9.1,0,"low",12.1,0.05,0.456,79.9,9.25,578.827,0
"Howard",2009-07-22,2009,203,12.6,0,"low",24.3,0.056,0.056,75.33,5.7,579.032,0
"Howard",2009-07-23,2009,204,10.8,0,"low",12.6,0,0.056,72.64,2.83,579.107,0
"Howard",2009-07-24,2009,205,45.9,0,"low",10.8,0.061,0.061,73.62,2.68,579.058,0
"Howard",2009-07-29,2009,210,52.4,0,"low",29,0.022,0.022,81.92,4.82,578.877,0
"Howard",2009-07-30,2009,211,5.7,0,"low",52.4,0.049,0.071,74.63,5.07,578.896,0
"Howard",2009-07-31,2009,212,40.2,0,"low",5.7,0.042,0.091,77.04,4.98,578.84,0
"Howard",2009-08-05,2009,217,60.5,0,"low",10.2,0,0.068,78.52,1.13,578.907,0
"Howard",2009-08-06,2009,218,20.2,0,"low",60.5,0,0,73.27,4.96,578.799,0
"Howard",2009-08-07,2009,219,24,0,"low",20.2,0.014,0.014,75.79,1.77,578.84,0
"Howard",2009-08-12,2009,224,15.7,0,"low",281.7,0,0.004,75.29,6.37,579.043,0
"Howard",2009-08-13,2009,225,9.6,0,"low",15.7,0,0,78.29,5.09,578.94,0
"Howard",2009-08-14,2009,226,5.5,0,"low",9.6,0,0,80.15,4.21,578.885,0
"Howard",2009-08-19,2009,231,2419.6,1,"exceed",3.5,0.176,0.513,81.48,7.64,578.846,0
"Howard",2009-08-20,2009,232,10.2,0,"low",2419.6,0.185,0.361,77.85,4.54,578.865,0
"Howard",2009-08-21,2009,233,2.7,0,"low",10.2,0.079,0.264,76.4,13.83,578.875,0
"Howard",2009-08-26,2009,238,4,0,"low",6.2,0,0,79.43,10.48,578.733,0
"Howard",2009-08-27,2009,239,80.9,0,"low",4,1.101,1.101,73.29,4.7,578.996,0
"Howard",2009-09-02,2009,245,9.7,0,"low",9.1,0.004,0.004,67.08,5.64,578.965,0
"Howard",2009-09-03,2009,246,9,0,"low",9.7,0,0.004,68.66,4.47,578.963,0
"Howard",2010-05-27,2010,147,71.8,0,"low",2,0,0,77.5,3.83,578.118,0
"Howard",2010-05-28,2010,148,29.6,0,"low",71.8,0,0,69.7,11.61,578.183,0
"Howard",2010-06-03,2010,154,150.1,0,"moderate",44.6,0.732,0.732,74.68,2.31,578.187,0
"Howard",2010-06-04,2010,155,26.9,0,"low",150.1,0,0.732,70.81,7.82,578.22,0
"Howard",2010-06-09,2010,160,9.5,0,"low",269.1,0.272,0.276,71.91,9.78,578.131,0
"Howard",2010-06-10,2010,161,4,0,"low",9.5,0,0.272,81.69,10.21,578.265,0
"Howard",2010-06-11,2010,162,30.7,0,"low",4,0,0,77.4,4.11,578.175,0
"Howard",2010-06-16,2010,167,9,0,"low",195,0.303,0.351,75.42,1.55,578.43,0
"Howard",2010-06-17,2010,168,36.3,0,"low",9,0,0.303,79.24,6.32,578.48,0
"Howard",2010-06-18,2010,169,5.5,0,"low",36.3,0,0,76.56,6.48,578.355,0
"Howard",2010-06-23,2010,174,189.7,0,"moderate",1.4,0.325,0.495,85.2,7.51,578.446,0
"Howard",2010-06-24,2010,175,68,0,"low",189.7,0.418,0.743,86.07,11.57,578.17,0
"Howard",2010-06-25,2010,176,8.8,0,"low",68,0,0.418,76.71,3.64,578.34,0
"Howard",2010-06-30,2010,181,1.4,0,"low",27.5,0,0.382,69.81,7.91,578.385,0
"Howard",2010-07-01,2010,182,7.6,0,"low",1.4,0,0,70.28,4.69,578.399,0
"Howard",2010-07-02,2010,183,4.6,0,"low",7.6,0,0,76.28,6.29,578.397,0
"Howard",2010-07-08,2010,189,103.9,0,"low",8.3,0.122,0.159,89.07,4.46,578.271,0
"Howard",2010-07-09,2010,190,92.1,0,"low",103.9,0.132,0.253,82.08,0.29,578.34,0
"Howard",2010-07-14,2010,195,10.3,0,"low",28.3,0.066,0.07,82.68,5.61,578.445,0
"Howard",2010-07-15,2010,196,20.7,0,"low",10.3,0,0.066,88,8.59,578.348,0
"Howard",2010-07-16,2010,197,1.8,0,"low",20.7,0.004,0.004,88.95,6.36,578.358,0
"Howard",2010-07-21,2010,202,14.1,0,"low",207.7,0,0.004,83.2,6.34,578.354,0
"Howard",2010-07-22,2010,203,65.7,0,"low",14.1,0,0,84.41,2.44,578.33,0
"Howard",2010-07-23,2010,204,583.5,1,"exceed",65.7,0.479,0.479,87.87,10.26,578.234,0
"Howard",2010-07-28,2010,209,6.6,0,"low",20.4,0,0,87.04,6.47,578.336,0
"Howard",2010-07-29,2010,210,163.6,0,"moderate",6.6,0,0,87.27,5.96,578.268,0
"Howard",2010-07-30,2010,211,14.3,0,"low",163.6,0,0,77.91,5.55,578.413,0
"Howard",2010-08-04,2010,216,105.6,0,"low",2.7,0.406,0.423,82.17,4.07,578.278,0
"Howard",2010-08-05,2010,217,5.2,0,"low",105.6,0.482,0.887,79.87,2.9,578.327,0
"Howard",2010-08-06,2010,218,236.2,1,"exceed",5.2,0,0.482,82,10.62,578.252,0
"Howard",2010-08-07,2010,219,5.7,0,"low",236.2,0,0,79.11,4.64,578.307,0
"Howard",2010-08-11,2010,223,400.3,1,"exceed",8.6,0,0.217,81.79,3.77,578.372,0
"Howard",2010-08-12,2010,224,30.8,0,"low",400.3,0,0,88.17,2.21,578.417,0
"Howard",2010-08-13,2010,225,253.2,1,"exceed",30.8,0,0,85.06,2.02,578.441,0
"Howard",2010-08-25,2010,237,147.2,0,"moderate",19.9,0.004,0.004,79.95,3.07,578.324,0
"Howard",2010-08-26,2010,238,28.1,0,"low",147.2,0,0.004,77.24,8.75,578.394,0
"Howard",2010-08-27,2010,239,2,0,"low",28.1,0,0,80.24,2.04,578.22,0
"Howard",2010-09-01,2010,244,6.4,0,"low",9.5,0,0,90.28,13.7,577.888,0
"Howard",2010-09-02,2010,245,79.1,0,"low",6.4,0.14,0.14,81.07,6.91,578.083,0
"Howard",2010-09-03,2010,246,38.1,0,"low",79.1,0.787,0.927,81.8,8.1,578.112,0
"Howard",2011-06-02,2011,153,127.5,0,"moderate",12.1,0,0.057,80.54,12.89,577.848,0
"Howard",2011-06-03,2011,154,11.2,0,"low",127.5,0,0,70.1,7.25,578.122,0
"Howard",2011-06-08,2011,159,1,0,"low",1,0,0,94.73,11.66,578.207,0
"Howard",2011-06-09,2011,160,868.9,1,"exceed",1,0,0,93.84,13.58,578.026,0
"Howard",2011-06-10,2011,161,330.4,1,"exceed",868.9,1.031,1.031,68.47,7.07,578.433,0
"Howard",2011-06-11,2011,162,124.9,0,"low",330.4,0.525,1.556,62.21,8.82,578.504,0
"Howard",2011-06-12,2011,163,1,0,"low",124.9,0.02,0.545,57.8,6.52,578.396,0
"Howard",2011-06-13,2011,164,8.5,0,"low",1,0,0.02,61.62,8.72,578.248,0
"Howard",2011-06-14,2011,165,17.1,0,"low",8.5,0,0,65.42,6.81,578.269,0
"Howard",2011-06-15,2011,166,44.7,0,"low",17.1,0.048,0.048,69.43,7.25,578.393,0
"Howard",2011-06-16,2011,167,15.3,0,"low",44.7,0.462,0.511,72.03,10.68,578.392,0
"Howard",2011-06-17,2011,168,1,0,"low",15.3,0.023,0.486,76.21,4.39,578.404,0
"Howard",2011-06-22,2011,173,217.9,0,"moderate",2,0.343,0.561,85.92,13.78,578.507,0
"Howard",2011-06-23,2011,174,1.4,0,"low",217.9,0.072,0.416,72.36,14.2,578.479,0
"Howard",2011-06-24,2011,175,1.4,0,"low",1.4,0.018,0.091,70.18,12.56,578.452,0
"Howard",2011-06-29,2011,180,29.8,0,"low",7.4,0,0.037,76.72,6.72,578.418,0
"Howard",2011-06-30,2011,181,3.6,0,"low",29.8,0,0,74.25,2.88,578.346,0
"Howard",2011-07-01,2011,182,307.6,1,"exceed",3.6,0,0,83.58,8.93,578.499,0
"Howard",2011-07-02,2011,183,4,0,"low",307.6,0.012,0.012,84.91,14.71,578.269,0
"Howard",2011-07-07,2011,188,14.4,0,"low",6,0,0,80.47,6.21,578.427,0
"Howard",2011-07-08,2011,189,3.2,0,"low",14.4,0.021,0.021,76.37,5.57,578.479,0
"Howard",2011-07-13,2011,194,98.9,0,"low",1,0.007,0.425,80.83,5.55,578.425,0
"Howard",2011-07-14,2011,195,32.5,0,"low",98.9,0,0.007,70.71,12.09,578.567,0
"Howard",2011-07-15,2011,196,6.3,0,"low",32.5,0,0,75.97,7.4,578.524,0
"Howard",2011-07-20,2011,201,1.4,0,"low",27.7,0,0.004,85.28,2.74,578.506,0
"Howard",2011-07-21,2011,202,1.7,0,"low",1.4,0.091,0.091,97.32,7.04,578.262,0
"Howard",2011-07-22,2011,203,447,1,"exceed",1.7,0.003,0.094,95.49,5.72,578.262,0
"Howard",2011-07-23,2011,204,25.3,0,"low",447,0.576,0.579,85.45,3.47,578.352,0
"Howard",2011-07-24,2011,205,8.4,0,"low",25.3,2.915,3.491,81.81,0.73,578.388,0
"Howard",2011-07-25,2011,206,35.8,0,"low",8.4,0.078,2.993,82.85,1.47,578.48,0
"Howard",2011-07-26,2011,207,10.6,0,"low",35.8,0.006,0.084,81.17,3.27,578.434,1
"Howard",2011-07-27,2011,208,53.1,0,"low",10.6,0.003,0.009,79.93,4.91,578.367,0
"Howard",2011-07-28,2011,209,4,0,"low",53.1,0.512,0.515,86.84,7.08,578.342,0
"Howard",2011-07-29,2011,210,40.6,0,"low",4,0.419,0.931,82.02,3.21,578.504,0
"Howard",2011-08-03,2011,215,107.2,0,"low",1,0.279,0.279,91.22,9.37,578.36,0
"Howard",2011-08-04,2011,216,17.5,0,"low",107.2,0,0.279,80.9,8.52,578.64,0
"Howard",2011-08-10,2011,222,22.1,0,"low",2.9,0.032,0.251,79.6,11.48,578.409,0
"Howard",2011-08-11,2011,223,4.1,0,"low",22.1,0,0.032,74.68,6.38,578.37,0
"Howard",2011-08-12,2011,224,1.8,0,"low",4.1,0,0,77.45,2.1,578.252,0
"Howard",2011-08-17,2011,229,3.6,0,"low",10.6,0,0,79.72,3.06,578.422,0
"Howard",2011-08-18,2011,230,22.6,0,"low",3.6,0,0,81.84,7.24,578.338,0
"Howard",2011-08-19,2011,231,3.2,0,"low",22.6,0,0,79.28,3.33,578.409,0
"Howard",2011-08-24,2011,236,1.8,0,"low",20.2,0.207,0.207,79.33,11.67,577.898,0
"Howard",2011-08-25,2011,237,43.6,0,"low",1.8,0,0.207,90.76,10.03,578.087,0
"Howard",2011-08-26,2011,238,8.7,0,"low",43.6,0,0,75.86,6.51,578.259,0
"Howard",2011-08-31,2011,243,53.3,0,"low",24.4,0.007,0.007,80.19,7.49,578.113,0
"Howard",2011-09-01,2011,244,7,0,"low",53.3,0.032,0.038,87.56,7.03,578.181,0
"Howard",2011-09-02,2011,245,13,0,"low",7,0,0.032,91.97,5.52,578.263,0
"Howard",2012-05-24,2012,145,9.6,0,"low",2.9,0,0,73.82,5.78,577.847,0
"Howard",2012-05-25,2012,146,1,0,"low",9.6,0,0,84.82,17.96,577.695,0
"Howard",2012-05-31,2012,152,46.8,0,"low",1,0,0.003,66.41,7.02,577.868,0
"Howard",2012-06-01,2012,153,165.7,0,"moderate",46.8,0.764,0.764,53.74,12.49,577.991,0
"Howard",2012-06-06,2012,158,6.7,0,"low",6.7,0,0,63.74,9.37,578.029,0
"Howard",2012-06-07,2012,159,1,0,"low",6.7,0,0,68.74,6.62,577.873,0
"Howard",2012-06-08,2012,160,1,0,"low",1,0,0,72.69,2.34,577.767,0
"Howard",2012-06-13,2012,165,9.7,0,"low",11.7,0,0,77.12,8.1,577.847,0
"Howard",2012-06-14,2012,166,14.2,0,"low",9.7,0,0,66.33,8.16,577.781,0
"Howard",2012-06-15,2012,167,4,0,"low",14.2,0,0,77.61,8.6,577.847,0
"Howard",2012-06-20,2012,172,1.4,0,"low",44,0,0,90.11,16.96,577.656,0
"Howard",2012-06-21,2012,173,6.2,0,"low",1.4,0,0,90.11,17.03,577.635,0
"Howard",2012-06-22,2012,174,3.6,0,"low",6.2,0.013,0.013,82.46,7.43,577.678,0
"Howard",2012-06-27,2012,179,5.9,0,"low",25.2,0,0,75.03,6.93,577.866,0
"Howard",2012-06-28,2012,180,2.5,0,"low",5.9,0,0,87.98,13.02,577.697,0
"Howard",2012-06-29,2012,181,5.7,0,"low",2.5,0.022,0.022,96.11,7.88,577.777,0
"Howard",2012-07-11,2012,193,15.8,0,"low",53.2,0,0,77.56,11.13,577.973,0
"Howard",2012-07-12,2012,194,28.2,0,"low",15.8,0,0,80.37,7.85,577.899,0
"Howard",2012-07-13,2012,195,43.2,0,"low",28.2,0,0,86.72,7.7,577.818,0
"Howard",2012-07-18,2012,200,104.8,0,"low",2.5,0,0,97.13,10,577.557,0
"Howard",2012-07-19,2012,201,64.8,0,"low",104.8,0.345,0.345,84.01,6.53,577.851,0
"Howard",2012-07-20,2012,202,167.2,0,"moderate",64.8,0.603,0.948,79.07,4,578.002,0
"Howard",2012-07-25,2012,207,25.7,0,"low",422.6,0.57,0.576,86.79,6.14,577.691,0
"Howard",2012-07-26,2012,208,7.4,0,"low",25.7,0.004,0.573,97.65,9.85,577.568,0
"Howard",2012-07-27,2012,209,15.9,0,"low",7.4,0.29,0.294,89.82,7,577.626,0
"Howard",2012-08-01,2012,214,8.6,0,"low",16.3,0.237,0.258,82.31,3.36,577.69,0
"Howard",2012-08-02,2012,215,1.8,0,"low",8.6,0,0.237,83.06,5.3,577.611,0
"Howard",2012-08-03,2012,216,13.8,0,"low",1.8,0,0,87.26,4.07,577.487,0
"Howard",2012-08-08,2012,221,46.4,0,"low",4.4,0,0,90.92,6.94,577.429,0
"Howard",2012-08-09,2012,222,27.4,0,"low",46.4,0.003,0.003,80.44,9.2,577.633,0
"Howard",2012-08-10,2012,223,345.3,1,"exceed",27.4,0.311,0.314,74.15,9.07,577.712,0
"Howard",2012-08-15,2012,228,3.6,0,"low",1.4,0.003,0.29,76.89,1.02,577.66,0
"Howard",2012-08-22,2012,235,5.8,0,"low",1.4,0,0.245,74.65,1.76,577.366,0
"Howard",2012-08-23,2012,236,4.6,0,"low",5.8,0,0,80.11,7.02,577.252,0
"Howard",2012-08-24,2012,237,12.7,0,"low",4.6,0.018,0.018,87.09,9.32,577.205,0
"Howard",2012-08-29,2012,242,28.8,0,"low",40.8,0,0.007,78.77,3.98,577.305,0
"Howard",2012-08-30,2012,243,5.8,0,"low",28.8,0,0,78.76,6.27,577.268,0
"Howard",2012-08-31,2012,244,9.1,0,"low",5.8,0,0,88.16,11.87,576.952,0
"Howard",2013-05-23,2013,143,461.1,1,"exceed",5.1,0.864,1.071,71.36,4.54,577.623,0
"Howard",2013-05-24,2013,144,105.2,0,"low",461.1,0.05,0.915,53.56,19.74,578.166,0
"Howard",2013-05-30,2013,150,11.8,0,"low",6.2,0.013,0.354,79.94,7.66,577.632,0
"Howard",2013-05-31,2013,151,3.9,0,"low",11.8,0.343,0.356,79.87,16.27,577.582,0
"Howard",2013-06-05,2013,156,12,0,"low",3,0,0,64.72,5.29,577.762,0
"Howard",2013-06-06,2013,157,93,0,"low",12,0.007,0.007,65.61,6.94,577.928,0
"Howard",2013-06-07,2013,158,25.9,0,"low",93,0.176,0.183,58.84,9.36,577.971,0
"Howard",2013-06-12,2013,163,269.2,1,"exceed",1.4,0.13,0.28,78.45,3.12,577.747,0
"Howard",2013-06-13,2013,164,118.7,0,"low",269.2,0.394,0.524,75.72,2.4,577.887,0
"Howard",2013-06-14,2013,165,102.9,0,"low",118.7,0.031,0.425,66.11,12.58,578.018,0
"Howard",2013-06-19,2013,170,34.1,0,"low",73.3,0,0.04,63.91,13.67,578.197,0
"Howard",2013-06-20,2013,171,2.8,0,"low",34.1,0,0,68.37,6.04,577.927,0
"Howard",2013-06-21,2013,172,1.4,0,"low",2.8,0,0,78.8,7.38,577.877,0
"Howard",2013-06-26,2013,177,116.5,0,"low",24.4,0.046,0.328,83.78,5.59,577.835,0
"Howard",2013-06-27,2013,178,12,0,"low",116.5,1.235,1.28,77.91,4.29,577.893,0
"Howard",2013-06-28,2013,179,6,0,"low",12,0.554,1.789,86.06,4.41,577.911,0
"Howard",2013-07-03,2013,184,66,0,"low",87,0,0,64.27,12.08,578.215,0
"Howard",2013-07-10,2013,191,5.5,0,"low",14,0.01,0.248,83.71,7.07,577.957,0
"Howard",2013-07-11,2013,192,18.5,0,"low",5.5,0,0.01,80.7,4.35,577.85,0
"Howard",2013-07-12,2013,193,63.9,0,"low",18.5,0,0,75.74,5.23,577.914,0
"Howard",2013-07-17,2013,198,2.4,0,"low",4.9,0.003,0.044,88.38,5.9,577.91,0
"Howard",2013-07-18,2013,199,1,0,"low",2.4,0,0.003,89.18,4.52,577.791,0
"Howard",2013-07-19,2013,200,1,0,"low",1,0,0,93.34,7.7,577.741,0
"Howard",2013-07-24,2013,205,50.5,0,"low",2.4,0.025,0.028,79.96,8.59,578.108,0
"Howard",2013-07-25,2013,206,12,0,"low",50.5,0,0.025,68.52,10.95,577.943,0
"Howard",2013-07-26,2013,207,10.4,0,"low",12,0,0,75.8,1.62,577.821,0
"Howard",2013-07-31,2013,212,15.9,0,"low",2.2,0.028,0.028,72.13,6.17,577.825,0
"Howard",2013-08-01,2013,213,12.4,0,"low",15.9,0.156,0.184,74.35,1.12,577.864,0
"Howard",2013-08-02,2013,214,24.4,0,"low",12.4,0.004,0.16,76.1,5.55,577.818,0
"Howard",2013-08-07,2013,219,6,0,"low",4,0.021,0.048,81.1,8.4,577.758,0
"Howard",2013-08-08,2013,220,91,0,"low",6,0.01,0.031,84.22,2.43,577.949,0
"Howard",2013-08-09,2013,221,18.6,0,"low",91,0,0.01,73.85,10.41,577.943,0
"Howard",2013-08-14,2013,226,79,0,"low",1141.2,0,0.528,69.73,12.29,578.078,0
"Howard",2013-08-15,2013,227,17,0,"low",79,0,0,67.19,6.07,577.859,0
"Howard",2013-08-16,2013,228,7.5,0,"low",17,0,0,72.66,4.9,577.698,0
"Howard",2013-08-21,2013,233,1.4,0,"low",1.7,0,0,85.52,7.63,577.648,0
"Howard",2013-08-22,2013,234,25.4,0,"low",1.4,0.009,0.009,88.34,10.22,577.654,0
"Howard",2013-08-23,2013,235,35.9,0,"low",25.4,0.213,0.222,78.17,2.86,577.695,0
"Howard",2013-08-28,2013,240,24.5,0,"low",2,0,0,93.02,12.8,577.68,0
"Howard",2013-08-29,2013,241,8.4,0,"low",24.5,0,0,84.67,6.93,577.875,0
"Howard",2013-08-30,2013,242,9.5,0,"low",8.4,0,0,79.99,3.07,577.822,0
"Howard",2014-05-22,2014,142,2.4,0,"low",1.4,0.272,0.518,77.22,1.36,578.717,0
"Howard",2014-05-23,2014,143,1,0,"low",2.4,0,0.272,63.21,5.22,578.625,0
"Howard",2014-05-29,2014,149,41.5,0,"low",24,0.188,0.311,61.03,8.75,578.878,0
"Howard",2014-05-30,2014,150,5.3,0,"low",41.5,0,0.188,64.68,8.18,578.922,0
"Howard",2014-06-04,2014,155,36,0,"low",1,0,0.129,75.8,5.74,578.649,0
"Howard",2014-06-05,2014,156,42.9,0,"low",36,0.124,0.124,67.46,7.07,578.836,0
"Howard",2014-06-06,2014,157,1,0,"low",42.9,0,0.124,67.72,5.21,578.784,0
"Howard",2014-06-11,2014,162,72.8,0,"low",29.9,0.622,0.622,59.83,9.79,579.007,0
"Howard",2014-06-18,2014,169,4,0,"low",45.2,0.004,0.004,85.13,11.08,578.796,0
"Howard",2014-06-19,2014,170,84.5,0,"low",4,0.203,0.207,80.84,3.22,579.096,0
"Howard",2014-06-20,2014,171,9.4,0,"low",84.5,0.28,0.484,71.21,6.01,579.167,0
"Howard",2014-06-25,2014,176,56.7,0,"low",13,0.692,0.824,78.8,1.42,579.042,0
"Howard",2014-06-26,2014,177,46.9,0,"low",56.7,0.009,0.701,68.9,7.44,579.183,0
"Howard",2014-06-27,2014,178,21.4,0,"low",46.9,0,0.009,67.78,5.77,579.117,0
"Howard",2014-07-02,2014,183,14.7,0,"low",94.8,0.053,2.09,79.69,12.41,578.823,1
"Howard",2014-07-03,2014,184,54.2,0,"low",14.7,0.102,0.154,72.02,6.63,578.957,0
"Howard",2014-07-09,2014,190,1.7,0,"low",9.8,0.3,0.707,80.26,10.72,579.037,0
"Howard",2014-07-10,2014,191,2.8,0,"low",1.7,0,0.3,73.51,3.83,579.036,0
"Howard",2014-07-11,2014,192,1.7,0,"low",2.8,0,0,72.41,5.96,579.09,0
"Howard",2014-07-16,2014,197,4.5,0,"low",20.8,0.061,0.357,67.99,11.02,579.219,0
"Howard",2014-07-17,2014,198,1.4,0,"low",4.5,0.003,0.064,67.66,4.13,579.122,0
"Howard",2014-07-18,2014,199,3,0,"low",1.4,0,0.003,72.5,4.55,579.121,0
"Howard",2014-07-23,2014,204,1047.7,1,"exceed",2.2,0.007,0.007,87.52,11.91,578.974,0
"Howard",2014-07-24,2014,205,96.6,0,"low",1047.7,0.01,0.016,74.93,18.02,579.474,0
"Howard",2014-07-25,2014,206,34.1,0,"low",96.6,0,0.01,69.54,7.28,579.242,0
"Howard",2014-07-30,2014,211,3.5,0,"low",18.6,0.077,0.077,73.74,3.55,579.144,0
"Howard",2014-07-31,2014,212,2.4,0,"low",3.5,0,0.077,71.95,2.53,579.143,0
"Howard",2014-08-01,2014,213,8.9,0,"low",2.4,0.011,0.011,82.16,8.35,579.062,0
"Howard",2014-08-06,2014,218,81.6,0,"low",12,0.229,1.736,74.54,3.05,579.265,0
"Howard",2014-08-07,2014,219,14.9,0,"low",81.6,0,0.229,74.51,6.32,579.249,0
"Howard",2014-08-08,2014,220,22,0,"low",14.9,0,0,75.86,7.84,579.216,0
"Howard",2014-08-13,2014,225,54.8,0,"low",111.1,0.026,0.863,69.76,11.57,579.486,0
"Howard",2014-08-14,2014,226,39.4,0,"low",54.8,0,0.026,78,4,579.225,0
"Howard",2014-08-15,2014,227,5.3,0,"low",39.4,0,0,67.36,8.6,579.275,0
"Howard",2014-08-20,2014,232,8.4,0,"low",8.4,0.235,0.235,84.56,11.18,579.32,0
"Howard",2014-08-21,2014,233,8.5,0,"low",8.4,0,0.235,84.89,7.83,579.33,0
"Howard",2014-08-22,2014,234,41,0,"low",8.5,0.988,0.988,76.94,5.62,579.35,0
"Howard",2014-08-27,2014,239,25,0,"low",1.7,0.028,0.513,79.59,0.76,579.28,0
"Howard",2014-08-28,2014,240,49,0,"low",25,0,0.028,75.77,6.81,579.262,0
"Howard",2014-08-29,2014,241,14,0,"low",49,0.006,0.006,72.66,8.98,579.322,0
"Howard",2015-05-21,2015,141,2.8,0,"low",22.5,0.045,0.045,45.71,8.44,579.495,0
"Howard",2015-05-22,2015,142,1,0,"low",2.8,0,0.045,66.51,7.92,579.462,0
"Howard",2015-05-28,2015,148,1,0,"low",2,0.115,0.605,71.03,8.67,579.525,0
"Howard",2015-05-29,2015,149,1.4,0,"low",1,0,0.115,76.24,6.42,579.607,0
"Howard",2015-06-03,2015,154,8.1,0,"low",23.2,0,0,63.31,4.38,579.794,0
"Howard",2015-06-04,2015,155,3.3,0,"low",8.1,0,0,70.76,7.1,579.82,0
"Howard",2015-06-05,2015,156,12.8,0,"low",3.3,0,0,77.42,8.03,579.79,0
"Howard",2015-06-10,2015,161,1.4,0,"low",4,0,0.114,82.93,7.23,579.718,0
"Howard",2015-06-11,2015,162,22.4,0,"low",1.4,0.027,0.027,91.19,7.71,579.761,0
"Howard",2015-06-12,2015,163,57.9,0,"low",22.4,0.128,0.155,67.91,6.05,579.944,0
"Howard",2015-06-17,2015,168,360.8,1,"exceed",45.7,0.006,1.073,70.63,9.43,580.016,1
"Howard",2015-06-18,2015,169,997.3,1,"exceed",360.8,0.146,0.152,65.2,2.84,580.048,0
"Howard",2015-06-19,2015,170,325,1,"exceed",997.3,0.171,0.317,79.82,5.85,580.048,0
"Howard",2015-06-20,2015,171,21.4,0,"low",325,0,0.171,60.3,11.1,580.139,0
"Howard",2015-06-24,2015,175,9.8,0,"low",9.8,0,0.026,76.28,4.64,580.017,0
"Howard",2015-06-25,2015,176,117.8,0,"low",9.8,0,0,76.46,5.1,579.875,0
"Howard",2015-06-26,2015,177,43.3,0,"low",117.8,0.545,0.545,75.93,0.57,580.153,0
"Howard",2015-07-01,2015,182,50.6,0,"low",4,0.124,0.364,72.05,3.84,580.06,0
"Howard",2015-07-02,2015,183,17.3,0,"low",50.6,0,0.124,61.85,7.96,580.091,0
"Howard",2015-07-08,2015,189,331.9,1,"exceed",1545.7,0.349,0.717,72.16,11.87,580.256,0
"Howard",2015-07-09,2015,190,96.4,0,"low",331.9,0.038,0.387,63.21,6.98,580.11,0
"Howard",2015-07-10,2015,191,8.5,0,"low",96.4,0.015,0.053,68.83,5.99,580.118,0
"Howard",2015-07-15,2015,196,296.3,1,"exceed",1.4,0,0.485,76.51,9.81,580.248,0
"Howard",2015-07-16,2015,197,31,0,"low",296.3,0,0,68.88,9.64,580.217,0
"Howard",2015-07-17,2015,198,14.4,0,"low",31,0.61,0.61,73.18,6.54,580.058,0
"Howard",2015-07-22,2015,203,8.8,0,"low",51.9,0,0,75.63,6.45,579.976,0
"Howard",2015-07-23,2015,204,10.4,0,"low",8.8,0,0,76.88,1.46,579.948,0
"Howard",2015-07-24,2015,205,4.9,0,"low",10.4,0,0,79.09,2.98,579.985,0
"Howard",2015-07-29,2015,210,7.9,0,"low",7.5,0,0,84.62,5.29,580.004,0
"Howard",2015-07-30,2015,211,1,0,"low",7.9,0.021,0.021,85.66,7.67,579.91,0
"Howard",2015-07-31,2015,212,2,0,"low",1,0,0.021,86.45,11.39,579.79,0
"Howard",2015-08-05,2015,217,8.7,0,"low",5,0,0.672,79.74,4.01,579.96,0
"Howard",2015-08-06,2015,218,16.7,0,"low",8.7,0,0,77.78,4.38,580.036,0
"Howard",2015-08-07,2015,219,21.4,0,"low",16.7,0,0,77.26,8.52,580.113,0
"Howard",2015-08-12,2015,224,19.2,0,"low",20.9,0,0.28,76.22,6.08,580.042,0
"Howard",2015-08-13,2015,225,8.9,0,"low",19.2,0,0,74.78,4.64,579.88,0
"Howard",2015-08-14,2015,226,1.4,0,"low",8.9,0,0,83.08,10.26,579.753,0
"Howard",2015-08-19,2015,231,11.7,0,"low",6,0.517,0.764,81.13,9.73,579.95,0
"Howard",2015-08-20,2015,232,3.5,0,"low",11.7,0.021,0.538,75.18,14.43,579.717,0
"Howard",2015-08-21,2015,233,1,0,"low",3.5,0,0.021,73.02,14.67,579.684,0
"Howard",2015-08-26,2015,238,4.2,0,"low",7.1,0,0,67.18,5.5,579.697,0
"Howard",2015-08-27,2015,239,7.7,0,"low",4.2,0,0,64.4,5.19,579.754,0
"Howard",2015-08-28,2015,240,4.9,0,"low",7.7,0,0,70.21,1.3,579.792,0
"Howard",2015-09-02,2015,245,2.2,0,"low",1.7,0,0,87.89,9.61,579.762,0
"Howard",2015-09-03,2015,246,1,0,"low",2.2,0,0,88.95,6.94,579.77,0
"Howard",2015-09-04,2015,247,90.8,0,"low",1,0,0,89.54,5.45,579.905,0
"Howard",2016-06-02,2016,154,1,0,"low",42,0.311,0.753,75.05,1.73,580.465,0
"Howard",2016-06-03,2016,155,1,0,"low",1,0,0.311,75.78,3.25,580.335,0
"Howard",2016-06-08,2016,160,11,0,"low",26,0,0.018,63.07,8.17,580.418,0
"Howard",2016-06-09,2016,161,9,0,"low",11,0,0,62.78,3.33,580.28,0
"Howard",2016-06-10,2016,162,14.9,0,"low",9,0.123,0.123,69.82,6.35,580.367,0
"Howard",2016-06-15,2016,167,15.5,0,"low",12.8,0,0.007,79.16,7.09,580.531,0
"Howard",2016-06-16,2016,168,1.7,0,"low",15.5,0.304,0.304,84.91,6.36,580.513,0
"Howard",2016-06-17,2016,169,95.5,0,"low",1.7,0,0.304,82.15,10.82,580.684,0
"Howard",2016-06-22,2016,174,1,0,"low",5.3,0,0.004,78.97,4.32,580.311,0
"Howard",2016-06-23,2016,175,32.3,0,"low",1,0.806,0.806,74.95,3.86,580.435,0
"Howard",2016-06-24,2016,176,55.7,0,"low",32.3,0,0.806,72.07,7.68,580.579,0
"Howard",2016-06-29,2016,181,53,0,"low",643.1,0,0,70.68,12.04,580.589,0
"Howard",2016-06-30,2016,182,4.9,0,"low",53,0,0,74.02,2.56,580.371,0
"Howard",2016-07-01,2016,183,208,0,"moderate",4.9,0,0,76.81,8.8,580.284,0
"Howard",2016-07-07,2016,189,7.3,0,"low",2.8,0.957,0.957,84.8,6.98,580.282,0
"Howard",2016-07-08,2016,190,5.7,0,"low",7.3,0.175,1.132,79.75,1.98,580.371,0
"Howard",2016-07-13,2016,195,3.9,0,"low",1.4,0,0,87.68,13.4,580.23,0
"Howard",2016-07-14,2016,196,1.7,0,"low",3.9,0.157,0.157,83.61,9.98,580.112,0
"Howard",2016-07-15,2016,197,9.8,0,"low",1.7,0,0.157,85.98,14.05,580.105,0
"Howard",2016-07-20,2016,202,19.9,0,"low",3.9,0,0.134,82.04,3.03,580.308,0
"Howard",2016-07-21,2016,203,1,0,"low",19.9,0,0,85.41,5.89,580.289,0
"Howard",2016-07-22,2016,204,21.4,0,"low",1,0.498,0.498,88.43,6.38,580.039,0
"Howard",2016-07-26,2016,208,32.9,0,"low",1.4,0,0.46,82.41,1.07,580.19,0
"Howard",2016-07-27,2016,209,9.5,0,"low",32.9,0,0,83.24,3.12,580.223,0
"Howard",2016-07-28,2016,210,14.5,0,"low",9.5,0,0,84.66,2.75,580.259,0
"Howard",2016-07-29,2016,211,116.1,0,"low",14.5,0.183,0.183,79.81,3.42,580.394,0
"Howard",2016-08-03,2016,216,2.4,0,"low",18,0,0,81.98,5.67,580.397,0
"Howard",2016-08-04,2016,217,7.5,0,"low",2.4,0,0,85.42,5.16,580.364,0
"Howard",2016-08-05,2016,218,11.4,0,"low",7.5,0,0,88.33,6.25,580.276,0
"Howard",2016-08-10,2016,223,7.7,0,"low",21.9,0,0,83.95,5.69,580.18,0
"Howard",2016-08-11,2016,224,1.4,0,"low",7.7,0,0,84.76,3.8,580.164,0
"Howard",2016-08-12,2016,225,15.5,0,"low",1.4,0,0,90.98,10.55,580.105,0
"Howard",2016-08-17,2016,230,4.2,0,"low",50.4,0.045,0.078,81.66,2.43,580.308,0
"Howard",2016-08-18,2016,231,34.6,0,"low",4.2,0.018,0.063,85.4,5.18,580.249,0
"Howard",2016-08-19,2016,232,12.5,0,"low",34.6,0.607,0.624,84.52,7.8,580.213,0
"Howard",2016-08-24,2016,237,1.4,0,"low",1.4,0,0,79.44,12.2,579.918,0
"Howard",2016-08-31,2016,244,327,1,"exceed",67.1,0.107,0.291,81.75,1.23,580.223,0
"Howard",2016-09-01,2016,245,176.7,0,"moderate",327,0,0.107,74.45,12.48,580.489,0
"Howard",2016-09-02,2016,246,110.8,0,"low",176.7,0,0,71.52,13.72,580.577,0
"Jarvis",2006-07-26,2006,207,18.2,0,"low",16.1,0,0.004,89.33,10.87,577.764,0
"Jarvis",2006-07-27,2006,208,4.1,0,"low",18.2,0.06,0.06,84.14,9.78,577.861,0
"Jarvis",2006-07-28,2006,209,9.9,0,"low",4.1,0.006,0.066,85.78,4.24,577.947,0
"Jarvis",2006-08-02,2006,214,1,0,"low",1,0.048,0.048,97.04,10.89,577.792,0
"Jarvis",2006-08-03,2006,215,39.9,0,"low",1,0.254,0.302,95.94,11.93,577.893,0
"Jarvis",2006-08-04,2006,216,17.5,0,"low",39.9,0.374,0.627,80.71,4.01,578.06,0
"Jarvis",2006-08-16,2006,228,10.6,0,"low",12.6,0,0,80.72,2.6,577.826,0
"Jarvis",2006-08-17,2006,229,22.7,0,"low",10.6,0,0,80.61,5.8,577.919,0
"Jarvis",2006-08-18,2006,230,1,0,"low",22.7,0.08,0.08,82.55,5.08,577.95,0
"Jarvis",2006-08-30,2006,242,310.2,1,"exceed",251.3,0.065,0.548,68.79,8.53,578.246,0
"Jarvis",2006-08-31,2006,243,66.6,0,"low",310.2,0.009,0.074,72.15,10.38,578.4,0
"Jarvis",2006-09-01,2006,244,161.4,0,"moderate",66.6,0,0.009,72.67,11.65,578.358,0
"Jarvis",2016-06-02,2016,154,1.4,0,"low",18.4,0.311,0.754,75.01,1.72,580.465,0
"Jarvis",2016-06-03,2016,155,1,0,"low",1.4,0,0.311,75.78,3.24,580.335,0
"Jarvis",2016-06-08,2016,160,4.7,0,"low",48.9,0,0.018,63.05,8.16,580.418,0
"Jarvis",2016-06-09,2016,161,11.4,0,"low",4.7,0,0,62.75,3.33,580.28,0
"Jarvis",2016-06-10,2016,162,25.8,0,"low",11.4,0.123,0.123,69.82,6.36,580.367,0
"Jarvis",2016-06-15,2016,167,14.1,0,"low",9.9,0,0.007,79.15,7.11,580.531,0
"Jarvis",2016-06-16,2016,168,3.5,0,"low",14.1,0.302,0.302,84.9,6.37,580.513,0
"Jarvis",2016-06-17,2016,169,112.9,0,"low",3.5,0,0.302,82.16,10.85,580.684,0
"Jarvis",2016-06-22,2016,174,1,0,"low",2,0,0.004,78.94,4.3,580.311,0
"Jarvis",2016-06-23,2016,175,35.9,0,"low",1,0.805,0.805,74.96,3.87,580.435,0
"Jarvis",2016-06-24,2016,176,78.9,0,"low",35.9,0,0.805,72.06,7.7,580.579,0
"Jarvis",2016-06-29,2016,181,37.3,0,"low",392.5,0,0,70.69,12.07,580.589,0
"Jarvis",2016-06-30,2016,182,2.8,0,"low",37.3,0,0,73.99,2.56,580.371,0
"Jarvis",2016-07-01,2016,183,120.9,0,"low",2.8,0,0,76.8,8.82,580.284,0
"Jarvis",2016-07-07,2016,189,1,0,"low",25,0.962,0.962,84.8,6.99,580.282,0
"Jarvis",2016-07-08,2016,190,10.8,0,"low",1,0.175,1.138,79.73,1.98,580.371,0
"Jarvis",2016-07-13,2016,195,3.5,0,"low",2.4,0,0,87.68,13.42,580.23,0
"Jarvis",2016-07-14,2016,196,2,0,"low",3.5,0.158,0.158,83.6,10,580.112,0
"Jarvis",2016-07-15,2016,197,4,0,"low",2,0,0.158,85.97,14.07,580.105,0
"Jarvis",2016-07-20,2016,202,7.1,0,"low",1.4,0,0.136,82,3.03,580.308,0
"Jarvis",2016-07-21,2016,203,1,0,"low",7.1,0,0,85.41,5.9,580.289,0
"Jarvis",2016-07-22,2016,204,6.3,0,"low",1,0.498,0.498,88.42,6.4,580.039,0
"Jarvis",2016-07-27,2016,209,3.5,0,"low",6,0,0,83.22,3.12,580.223,0
"Jarvis",2016-07-28,2016,210,7.5,0,"low",3.5,0,0,84.63,2.76,580.259,0
"Jarvis",2016-07-29,2016,211,25.9,0,"low",7.5,0.183,0.183,79.8,3.42,580.394,0
"Jarvis",2016-08-03,2016,216,3.9,0,"low",12.8,0,0,81.96,5.67,580.397,0
"Jarvis",2016-08-04,2016,217,7.7,0,"low",3.9,0,0,85.4,5.17,580.364,0
"Jarvis",2016-08-05,2016,218,11.5,0,"low",7.7,0,0,88.31,6.26,580.276,0
"Jarvis",2016-08-10,2016,223,2.2,0,"low",17.3,0,0,83.93,5.7,580.18,0
"Jarvis",2016-08-11,2016,224,4.9,0,"low",2.2,0,0,84.73,3.8,580.164,0
"Jarvis",2016-08-12,2016,225,38.5,0,"low",4.9,0,0,90.97,10.57,580.105,0
"Jarvis",2016-08-17,2016,230,4.5,0,"low",61.8,0.045,0.078,81.63,2.44,580.308,0
"Jarvis",2016-08-18,2016,231,30.9,0,"low",4.5,0.018,0.063,85.39,5.18,580.249,0
"Jarvis",2016-08-19,2016,232,2.4,0,"low",30.9,0.604,0.622,84.5,7.81,580.213,0
"Jarvis",2016-08-31,2016,244,277.9,1,"exceed",27,0.107,0.291,81.73,1.24,580.223,0
"Jarvis",2016-09-01,2016,245,155,0,"moderate",277.9,0,0.107,74.44,12.52,580.489,0
"Jarvis",2016-09-02,2016,246,87.9,0,"low",155,0,0,71.52,13.75,580.577,0
"Juneway",2006-05-25,2006,145,3.9,0,"low",1.4,0.357,0.357,77.53,11.46,577.846,0
"Juneway",2006-05-26,2006,146,48.6,0,"low",3.9,0.208,0.565,73.24,9.94,577.922,0
"Juneway",2006-06-01,2006,152,20.6,0,"low",6.7,0,0.43,73.21,6.69,578.078,0
"Juneway",2006-06-02,2006,153,1,0,"low",20.6,0,0,73.13,7.49,578.091,0
"Juneway",2006-06-07,2006,158,325.3,1,"exceed",30.9,0,0,81.76,10.3,577.94,0
"Juneway",2006-06-08,2006,159,1,0,"low",325.3,0,0,78.59,4.42,578.118,0
"Juneway",2006-06-09,2006,160,1,0,"low",1,0,0,80.08,5.47,578.066,0
"Juneway",2006-06-14,2006,165,25.9,0,"low",1,0,0,70.64,5.31,578.077,0
"Juneway",2006-06-15,2006,166,5.2,0,"low",25.9,0.007,0.007,77.74,7.02,578.113,0
"Juneway",2006-06-16,2006,167,16.4,0,"low",5.2,0,0.007,86.16,4.57,578.093,0
"Juneway",2006-06-21,2006,172,286.1,1,"exceed",82.6,0,0,80.17,3.55,578.005,0
"Juneway",2006-06-22,2006,173,55.5,0,"low",286.1,0.05,0.05,86,8.73,577.913,0
"Juneway",2006-06-23,2006,174,28.2,0,"low",55.5,0.151,0.201,80.35,3.96,578.022,0
"Juneway",2006-06-28,2006,179,6.8,0,"low",122.1,0.004,0.857,77.3,4.67,578.035,0
"Juneway",2006-06-29,2006,180,2.7,0,"low",6.8,0.42,0.423,75.53,6.05,578.013,0
"Juneway",2006-06-30,2006,181,57.5,0,"low",2.7,0,0.42,77.11,3.3,577.952,0
"Juneway",2006-07-12,2006,193,41.1,0,"low",5.4,0.182,0.238,74.16,5.27,578.091,0
"Juneway",2006-07-13,2006,194,18.5,0,"low",41.1,0.003,0.185,75.38,10.82,578.161,0
"Juneway",2006-07-14,2006,195,34.4,0,"low",18.5,0,0.003,81.17,6.06,578.034,0
"Juneway",2006-07-19,2006,200,44.3,0,"low",10.8,0.033,0.215,80.48,12.29,578.065,0
"Juneway",2006-07-20,2006,201,49.8,0,"low",44.3,0.004,0.037,87.57,6.69,578.016,0
"Juneway",2006-07-21,2006,202,137.6,0,"moderate",49.8,0.841,0.844,80.38,3.04,577.928,0
"Juneway",2006-07-26,2006,207,8.5,0,"low",13.1,0,0.004,89.33,10.83,577.764,0
"Juneway",2006-07-27,2006,208,29.4,0,"low",8.5,0.059,0.059,84.14,9.74,577.861,0
"Juneway",2006-07-28,2006,209,32.8,0,"low",29.4,0.006,0.065,85.84,4.22,577.947,0
"Juneway",2006-08-02,2006,214,8.7,0,"low",1,0.049,0.049,97.06,10.85,577.792,0
"Juneway",2006-08-03,2006,215,344.8,1,"exceed",8.7,0.252,0.301,95.96,11.88,577.893,0
"Juneway",2006-08-04,2006,216,12,0,"low",344.8,0.372,0.624,80.73,4.01,578.06,0
"Juneway",2006-08-09,2006,221,19.2,0,"low",105.5,0,0,79.49,9.29,578.109,0
"Juneway",2006-08-10,2006,222,9.8,0,"low",19.2,0.032,0.032,82.48,5.17,577.977,0
"Juneway",2006-08-11,2006,223,83.8,0,"low",9.8,0.131,0.163,76.86,6.02,578.171,0
"Juneway",2006-08-16,2006,228,3.6,0,"low",5.2,0,0,80.79,2.61,577.826,0
"Juneway",2006-08-17,2006,229,18.4,0,"low",3.6,0,0,80.65,5.78,577.919,0
"Juneway",2006-08-18,2006,230,15,0,"low",18.4,0.081,0.081,82.59,5.07,577.95,0
"Juneway",2006-08-23,2006,235,42.5,0,"low",9.1,0,0,83.68,2.71,577.883,0
"Juneway",2006-08-24,2006,236,62.3,0,"low",42.5,0,0,86.71,4.25,577.925,0
"Juneway",2006-08-25,2006,237,42.7,0,"low",62.3,0.699,0.699,82.53,7.19,577.945,0
"Juneway",2006-08-30,2006,242,114.9,0,"low",181.2,0.065,0.544,68.83,8.47,578.246,0
"Juneway",2006-08-31,2006,243,50.8,0,"low",114.9,0.009,0.074,72.15,10.34,578.4,0
"Juneway",2006-09-01,2006,244,162.7,0,"moderate",50.8,0,0.009,72.68,11.62,578.358,0
"Juneway",2007-05-30,2007,150,1.4,0,"low",2,0,0,83.58,7.12,577.877,0
"Juneway",2007-05-31,2007,151,2,0,"low",1.4,0,0,85.61,9.99,577.828,0
"Juneway",2007-06-01,2007,152,8.7,0,"low",2,0.068,0.068,76.56,8.89,577.775,0
"Juneway",2007-06-06,2007,157,36.6,0,"low",3.1,0.295,0.51,67.5,8.04,577.92,0
"Juneway",2007-06-07,2007,158,36,0,"low",36.6,0.004,0.299,84.69,9.52,577.75,0
"Juneway",2007-06-08,2007,159,4.7,0,"low",36,0,0.004,90.52,20.87,577.59,0
"Juneway",2007-06-13,2007,164,80.5,0,"low",29.5,0,0,78.25,7.5,577.911,0
"Juneway",2007-06-14,2007,165,7.5,0,"low",80.5,0,0,81.26,6.3,577.919,0
"Juneway",2007-06-15,2007,166,4.6,0,"low",7.5,0,0,83.93,5.26,577.939,0
"Juneway",2007-06-20,2007,171,7.1,0,"low",10.9,0.506,0.775,79.4,10.69,577.746,0
"Juneway",2007-06-21,2007,172,1,0,"low",7.1,0,0.506,81.73,3.94,577.675,0
"Juneway",2007-06-22,2007,173,72.1,0,"low",1,0,0,75.12,2.69,577.785,0
"Juneway",2007-06-27,2007,178,2.5,0,"low",3.2,0.088,0.088,88.42,6.4,577.738,0
"Juneway",2007-06-28,2007,179,72.1,0,"low",2.5,0.141,0.229,88.68,7.14,577.706,0
"Juneway",2007-06-29,2007,180,563.2,1,"exceed",72.1,0,0.141,73.97,11.64,578.045,0
"Juneway",2007-07-04,2007,185,19.8,0,"low",11.7,0.017,0.017,81.19,7.32,577.696,0
"Juneway",2007-07-05,2007,186,6.9,0,"low",19.8,0.333,0.351,81.74,4.32,577.806,0
"Juneway",2007-07-06,2007,187,68.8,0,"low",6.9,0,0.333,84.21,4.09,577.759,0
"Juneway",2007-07-11,2007,192,27.6,0,"low",153.1,0.25,0.348,87.2,7.85,577.716,0
"Juneway",2007-07-12,2007,193,12.7,0,"low",27.6,0,0.25,76.91,8.25,577.669,0
"Juneway",2007-07-13,2007,194,61.6,0,"low",12.7,0,0,78.02,10.81,577.625,0
"Juneway",2007-07-18,2007,199,20,0,"low",18.3,0.131,0.131,80.57,5.07,577.769,0
"Juneway",2007-07-19,2007,200,11.5,0,"low",20,0.368,0.499,83.68,8.47,577.683,0
"Juneway",2007-07-20,2007,201,244.9,1,"exceed",11.5,0.174,0.541,77.27,6.43,577.95,0
"Juneway",2007-07-25,2007,206,9.6,0,"low",6.3,0,0,79.54,2.09,577.688,0
"Juneway",2007-07-26,2007,207,2.9,0,"low",9.6,0,0,82.29,5.94,577.674,0
"Juneway",2007-07-27,2007,208,17.1,0,"low",2.9,0.344,0.344,80.16,7.33,577.661,0
"Juneway",2007-08-01,2007,213,17,0,"low",4,0,0,87.27,2.5,577.675,0
"Juneway",2007-08-02,2007,214,5.9,0,"low",17,0,0,89.12,2.54,577.682,0
"Juneway",2007-08-03,2007,215,32.9,0,"low",5.9,0,0,89.19,6.14,577.563,0
"Juneway",2007-08-08,2007,220,32.1,0,"low",66.6,0.803,0.933,91.24,5.31,577.645,0
"Juneway",2007-08-09,2007,221,72.7,0,"low",32.1,0.199,1.002,82.85,4.04,577.665,0
"Juneway",2007-08-10,2007,222,14.1,0,"low",72.7,0.065,0.264,83.24,1.65,577.71,0
"Juneway",2007-08-15,2007,227,82.7,0,"low",1166.1,0.31,0.31,83.21,7.13,577.495,0
"Juneway",2007-08-16,2007,228,34.9,0,"low",82.7,0.354,0.665,78.69,4.77,577.561,0
"Juneway",2007-08-17,2007,229,17.7,0,"low",34.9,0,0.354,74.57,4.71,577.507,0
"Juneway",2007-08-22,2007,234,15.5,0,"low",410.6,0.006,0.654,81.73,4.43,577.727,0
"Juneway",2007-08-23,2007,235,11.4,0,"low",15.5,0.447,0.453,88.25,4.98,577.464,0
"Juneway",2007-08-24,2007,236,60,0,"low",11.4,1.4,1.847,86.53,10.05,577.425,1
"Juneway",2007-08-25,2007,237,398.9,1,"exceed",60,0.216,1.616,78.61,6.22,577.509,1
"Juneway",2007-08-26,2007,238,50.7,0,"low",398.9,0.294,0.51,74.69,2.92,577.618,0
"Juneway",2007-08-27,2007,239,182.1,0,"moderate",50.7,0,0.294,74.47,1.75,577.588,0
"Juneway",2007-08-28,2007,240,19.6,0,"low",182.1,0,0,85.59,6.73,577.524,0
"Juneway",2007-08-29,2007,241,52.6,0,"low",19.6,0,0,90.71,7.67,577.484,0
"Juneway",2007-08-30,2007,242,488,1,"exceed",52.6,0,0,80.36,3.62,577.699,0
"Juneway",2007-08-31,2007,243,83.8,0,"low",488,0,0,71.96,11.5,577.78,0
"Juneway",2008-05-29,2008,150,16.3,0,"low",44.3,0,0,61.29,7.77,577.973,0
"Juneway",2008-05-30,2008,151,22.8,0,"low",16.3,0.042,0.042,73.06,2.9,577.753,0
"Juneway",2008-06-04,2008,156,90.4,0,"low",349.4,0.276,0.276,66.88,6.96,577.949,0
"Juneway",2008-06-05,2008,157,16.5,0,"low",90.4,0,0.276,74.46,5.8,578.065,0
"Juneway",2008-06-06,2008,158,14,0,"low",16.5,0.297,0.297,85.52,12.9,577.936,0
"Juneway",2008-06-11,2008,163,1,0,"low",1,0.003,0.765,78.83,9.92,577.908,0
"Juneway",2008-06-12,2008,164,22.1,0,"low",1,0,0.003,82.84,12.35,578.155,0
"Juneway",2008-06-13,2008,165,2,0,"low",22.1,0,0,86.58,18.78,578.215,0
"Juneway",2008-06-18,2008,170,3.6,0,"low",7.9,0,0,73.97,10.23,578.079,0
"Juneway",2008-06-19,2008,171,101.3,0,"low",3.6,0,0,67.91,4.55,578.15,0
"Juneway",2008-06-20,2008,172,6.3,0,"low",101.3,0.003,0.003,75.08,3.81,578.13,0
"Juneway",2008-06-25,2008,177,1.4,0,"low",5.1,0,0,76.22,4.62,578.148,0
"Juneway",2008-06-26,2008,178,1.4,0,"low",1.4,0.064,0.064,80.96,9.99,578.1,0
"Juneway",2008-06-27,2008,179,3.9,0,"low",1.4,0.004,0.067,84.89,7.01,578.16,0
"Juneway",2008-07-02,2008,184,13.8,0,"low",39.2,0.014,0.014,81.42,8.47,578.09,0
"Juneway",2008-07-03,2008,185,921.6,1,"exceed",13.8,0.19,0.204,84.83,12.44,578.098,0
"Juneway",2008-07-04,2008,186,82.7,0,"low",921.6,0,0.19,67.22,16.24,578.525,0
"Juneway",2008-07-09,2008,191,6.3,0,"low",2.9,0.186,0.261,82.61,9.13,578.235,0
"Juneway",2008-07-10,2008,192,1,0,"low",6.3,0.015,0.202,77.99,5.99,578.223,0
"Juneway",2008-07-11,2008,193,57,0,"low",1,0.225,0.24,81.21,10.69,578.145,0
"Juneway",2008-07-16,2008,198,5.2,0,"low",4.6,0,0,88.53,8.98,578.149,0
"Juneway",2008-07-17,2008,199,50,0,"low",5.2,0,0,87.92,6.52,578.227,0
"Juneway",2008-07-18,2008,200,137.2,0,"moderate",50,0.088,0.088,87.48,9.73,578.239,0
"Juneway",2008-07-23,2008,205,365.9,1,"exceed",365.4,0.018,0.088,72.12,9.67,578.575,0
"Juneway",2008-07-24,2008,206,64.5,0,"low",365.9,0,0.018,75.51,9.71,578.516,0
"Juneway",2008-07-25,2008,207,8.5,0,"low",64.5,0,0,78.18,1.72,578.37,0
"Juneway",2008-07-30,2008,212,15.9,0,"low",299.6,0.07,0.07,85.78,5.52,578.319,0
"Juneway",2008-07-31,2008,213,5.5,0,"low",15.9,0.012,0.081,83.81,5.88,578.298,0
"Juneway",2008-08-01,2008,214,52.1,0,"low",5.5,0.222,0.233,81.92,4.82,578.233,0
"Juneway",2008-08-06,2008,219,708.5,1,"exceed",257.6,0.026,1.017,81.88,3.36,578.461,0
"Juneway",2008-08-07,2008,220,164.7,0,"moderate",708.5,0.003,0.029,79.85,5.7,578.291,0
"Juneway",2008-08-08,2008,221,193.5,0,"moderate",164.7,0.003,0.006,76.36,8.64,578.517,0
"Juneway",2008-08-13,2008,226,9.5,0,"low",12.6,0.004,0.004,73.37,4.24,578.41,0
"Juneway",2008-08-14,2008,227,24.7,0,"low",9.5,0.152,0.155,73.67,2.5,578.427,0
"Juneway",2008-08-15,2008,228,231.5,0,"moderate",24.7,0,0.152,74.01,8.24,578.574,0
"Juneway",2008-08-20,2008,233,97.5,0,"low",21.5,0,0,76.56,6.7,578.565,0
"Juneway",2008-08-21,2008,234,667.6,1,"exceed",97.5,0,0,75.81,7.75,578.485,0
"Juneway",2008-08-22,2008,235,19,0,"low",667.6,0,0,78.71,8.06,578.367,0
"Juneway",2008-08-27,2008,240,26.5,0,"low",27,0,0,72.72,10.16,578.403,0
"Juneway",2008-08-28,2008,241,15.2,0,"low",26.5,0,0,76.63,5.47,578.309,0
"Juneway",2008-08-29,2008,242,12.8,0,"low",15.2,0.016,0.016,78.53,6.49,578.204,0
"Juneway",2009-05-28,2009,148,2.9,0,"low",7.9,0.286,1.022,62.46,1.97,579.11,0
"Juneway",2009-05-29,2009,149,1,0,"low",2.9,0,0.286,61.69,6.02,578.911,0
"Juneway",2009-06-03,2009,154,34.8,0,"low",195.2,0.053,0.609,58.25,9.77,579.017,0
"Juneway",2009-06-04,2009,155,8.5,0,"low",34.8,0,0.053,58.51,11.99,579.015,0
"Juneway",2009-06-05,2009,156,1,0,"low",8.5,0,0,73.37,6.25,578.901,0
"Juneway",2009-06-10,2009,161,8,0,"low",14.1,0.004,0.24,64.53,4.27,579.142,0
"Juneway",2009-06-11,2009,162,42.4,0,"low",8,0.015,0.019,63.68,8.02,579.027,0
"Juneway",2009-06-12,2009,163,9.1,0,"low",42.4,0.231,0.246,64.26,10.65,579.194,0
"Juneway",2009-06-17,2009,168,36.4,0,"low",60,0.483,0.738,68.52,11.77,579.153,0
"Juneway",2009-06-18,2009,169,3.9,0,"low",36.4,0.007,0.49,75.84,2.76,579.141,0
"Juneway",2009-06-24,2009,175,1.7,0,"low",20.9,0,0.112,86.43,5.09,579.09,0
"Juneway",2009-06-25,2009,176,28.1,0,"low",1.7,0.035,0.035,88.85,1.24,579.048,0
"Juneway",2009-06-26,2009,177,78.6,0,"low",28.1,0,0.035,85.25,1.39,579.084,0
"Juneway",2009-07-01,2009,182,35.9,0,"low",49.6,0,0,67.22,9.61,579.061,0
"Juneway",2009-07-02,2009,183,24.2,0,"low",35.9,0.007,0.007,69.16,7.01,579.068,0
"Juneway",2009-07-08,2009,189,18.1,0,"low",54.3,0.004,0.004,71.4,5.79,579.018,0
"Juneway",2009-07-09,2009,190,5,0,"low",18.1,0.081,0.085,69.93,6.9,579.049,0
"Juneway",2009-07-10,2009,191,4.6,0,"low",5,0,0.081,78.11,5.33,579.128,0
"Juneway",2009-07-15,2009,196,23.8,0,"low",13.1,0,0,77.19,7.06,578.959,0
"Juneway",2009-07-16,2009,197,106.8,0,"low",23.8,0.403,0.403,84.42,9.9,578.83,0
"Juneway",2009-07-17,2009,198,13.2,0,"low",106.8,0.05,0.452,79.9,9.25,578.827,0
"Juneway",2009-07-22,2009,203,19.7,0,"low",10.3,0.057,0.057,75.35,5.69,579.032,0
"Juneway",2009-07-23,2009,204,12,0,"low",19.7,0,0.057,72.64,2.84,579.107,0
"Juneway",2009-07-24,2009,205,3.9,0,"low",12,0.06,0.06,73.65,2.68,579.058,0
"Juneway",2009-07-29,2009,210,219.4,0,"moderate",146.6,0.022,0.022,81.93,4.82,578.877,0
"Juneway",2009-07-30,2009,211,4.4,0,"low",219.4,0.049,0.072,74.64,5.07,578.896,0
"Juneway",2009-07-31,2009,212,2.9,0,"low",4.4,0.042,0.092,77.04,4.98,578.84,0
"Juneway",2009-08-05,2009,217,128.3,0,"moderate",3.9,0,0.067,78.54,1.13,578.907,0
"Juneway",2009-08-06,2009,218,21,0,"low",128.3,0,0,73.29,4.95,578.799,0
"Juneway",2009-08-07,2009,219,328.6,1,"exceed",21,0.014,0.014,75.82,1.77,578.84,0
"Juneway",2009-08-12,2009,224,28.6,0,"low",1250.6,0,0.004,75.32,6.36,579.043,0
"Juneway",2009-08-13,2009,225,9.6,0,"low",28.6,0,0,78.3,5.08,578.94,0
"Juneway",2009-08-14,2009,226,4,0,"low",9.6,0,0,80.17,4.21,578.885,0
"Juneway",2009-08-19,2009,231,6.6,0,"low",1,0.177,0.512,81.48,7.63,578.846,0
"Juneway",2009-08-20,2009,232,9.4,0,"low",6.6,0.186,0.362,77.86,4.53,578.865,0
"Juneway",2009-08-21,2009,233,1.4,0,"low",9.4,0.079,0.265,76.41,13.81,578.875,0
"Juneway",2009-08-26,2009,238,2,0,"low",8.3,0,0,79.45,10.46,578.733,0
"Juneway",2009-08-27,2009,239,72.5,0,"low",2,1.107,1.107,73.3,4.7,578.996,0
"Juneway",2009-09-02,2009,245,7.1,0,"low",8.3,0.004,0.004,67.09,5.64,578.965,0
"Juneway",2009-09-03,2009,246,81.3,0,"low",7.1,0,0.004,68.68,4.47,578.963,0
"Juneway",2010-05-27,2010,147,97.4,0,"low",9.1,0,0,77.53,3.83,578.118,0
"Juneway",2010-05-28,2010,148,17.9,0,"low",97.4,0,0,69.74,11.58,578.183,0
"Juneway",2010-06-03,2010,154,121.3,0,"low",18.3,0.728,0.728,74.68,2.3,578.187,0
"Juneway",2010-06-04,2010,155,23.8,0,"low",121.3,0,0.728,70.87,7.8,578.22,0
"Juneway",2010-06-09,2010,160,60.8,0,"low",55.3,0.272,0.275,71.97,9.76,578.131,0
"Juneway",2010-06-10,2010,161,1.4,0,"low",60.8,0,0.272,81.7,10.2,578.265,0
"Juneway",2010-06-11,2010,162,20,0,"low",1.4,0,0,77.48,4.1,578.175,0
"Juneway",2010-06-16,2010,167,3.6,0,"low",89.3,0.301,0.349,75.43,1.55,578.43,0
"Juneway",2010-06-17,2010,168,26.6,0,"low",3.6,0,0.301,79.25,6.31,578.48,0
"Juneway",2010-06-18,2010,169,9.7,0,"low",26.6,0,0,76.59,6.47,578.355,0
"Juneway",2010-06-23,2010,174,73.8,0,"low",1,0.32,0.489,85.21,7.49,578.446,0
"Juneway",2010-06-24,2010,175,93.6,0,"low",73.8,0.415,0.736,86.08,11.55,578.17,0
"Juneway",2010-06-25,2010,176,20.3,0,"low",93.6,0,0.415,76.75,3.65,578.34,0
"Juneway",2010-06-30,2010,181,9.7,0,"low",37.5,0,0.376,69.83,7.9,578.385,0
"Juneway",2010-07-01,2010,182,8.6,0,"low",9.7,0,0,70.3,4.69,578.399,0
"Juneway",2010-07-02,2010,183,6.2,0,"low",8.6,0,0,76.32,6.29,578.397,0
"Juneway",2010-07-08,2010,189,55.1,0,"low",1,0.121,0.159,89.09,4.46,578.271,0
"Juneway",2010-07-09,2010,190,136.5,0,"moderate",55.1,0.132,0.253,82.12,0.3,578.34,0
"Juneway",2010-07-14,2010,195,12.1,0,"low",14.4,0.066,0.069,82.72,5.6,578.445,0
"Juneway",2010-07-15,2010,196,47.2,0,"low",12.1,0,0.066,88.02,8.58,578.348,0
"Juneway",2010-07-16,2010,197,2.9,0,"low",47.2,0.004,0.004,88.95,6.35,578.358,0
"Juneway",2010-07-21,2010,202,5.2,0,"low",26.5,0,0.004,83.23,6.32,578.354,0
"Juneway",2010-07-22,2010,203,52,0,"low",5.2,0,0,84.44,2.45,578.33,0
"Juneway",2010-07-23,2010,204,7.6,0,"low",52,0.472,0.472,87.88,10.25,578.234,0
"Juneway",2010-07-28,2010,209,18.9,0,"low",13.9,0,0,87.04,6.46,578.336,0
"Juneway",2010-07-29,2010,210,43.7,0,"low",18.9,0,0,87.27,5.95,578.268,0
"Juneway",2010-07-30,2010,211,18.9,0,"low",43.7,0,0,77.93,5.54,578.413,0
"Juneway",2010-08-04,2010,216,25.1,0,"low",2.5,0.401,0.419,82.19,4.06,578.278,0
"Juneway",2010-08-05,2010,217,51.1,0,"low",25.1,0.481,0.883,79.9,2.9,578.327,0
"Juneway",2010-08-06,2010,218,816.8,1,"exceed",51.1,0,0.481,82,10.61,578.252,0
"Juneway",2010-08-07,2010,219,5.7,0,"low",816.8,0,0,79.13,4.65,578.307,0
"Juneway",2010-08-11,2010,223,45.1,0,"low",16,0,0.219,81.82,3.77,578.372,0
"Juneway",2010-08-12,2010,224,204.2,0,"moderate",45.1,0,0,88.17,2.21,578.417,0
"Juneway",2010-08-13,2010,225,30.5,0,"low",204.2,0,0,85.09,2.02,578.441,0
"Juneway",2010-08-25,2010,237,44.8,0,"low",29.2,0.004,0.004,79.97,3.06,578.324,0
"Juneway",2010-08-26,2010,238,79.9,0,"low",44.8,0,0.004,77.25,8.75,578.394,0
"Juneway",2010-08-27,2010,239,5.1,0,"low",79.9,0,0,80.27,2.03,578.22,0
"Juneway",2010-09-03,2010,246,92.1,0,"low",57.1,0.788,0.928,81.8,8.09,578.112,0
"Juneway",2011-06-02,2011,153,75.4,0,"low",92.2,0,0.057,80.55,12.87,577.848,0
"Juneway",2011-06-03,2011,154,16.4,0,"low",75.4,0,0,70.2,7.25,578.122,0
"Juneway",2011-06-08,2011,159,4.1,0,"low",9.6,0,0,94.74,11.64,578.207,0
"Juneway",2011-06-09,2011,160,686.7,1,"exceed",4.1,0,0,93.85,13.56,578.026,0
"Juneway",2011-06-10,2011,161,234.1,0,"moderate",686.7,1.022,1.022,68.46,7.06,578.433,0
"Juneway",2011-06-14,2011,165,4.1,0,"low",8.3,0,0,65.45,6.81,578.269,0
"Juneway",2011-06-15,2011,166,79.5,0,"low",4.1,0.048,0.048,69.47,7.24,578.393,0
"Juneway",2011-06-16,2011,167,6.4,0,"low",79.5,0.462,0.51,72.08,10.66,578.392,0
"Juneway",2011-06-17,2011,168,3.5,0,"low",6.4,0.023,0.485,76.23,4.39,578.404,0
"Juneway",2011-06-22,2011,173,11.4,0,"low",4.6,0.344,0.559,85.93,13.76,578.507,0
"Juneway",2011-06-23,2011,174,2.5,0,"low",11.4,0.073,0.417,72.37,14.18,578.479,0
"Juneway",2011-06-24,2011,175,6.3,0,"low",2.5,0.018,0.091,70.18,12.54,578.452,0
"Juneway",2011-06-29,2011,180,10,0,"low",1,0,0.036,76.75,6.73,578.418,0
"Juneway",2011-06-30,2011,181,5.5,0,"low",10,0,0,74.28,2.88,578.346,0
"Juneway",2011-07-01,2011,182,214.4,0,"moderate",5.5,0,0,83.6,8.92,578.499,0
"Juneway",2011-07-07,2011,188,22.3,0,"low",279.7,0,0,80.46,6.2,578.427,0
"Juneway",2011-07-08,2011,189,6.2,0,"low",22.3,0.02,0.02,76.41,5.57,578.479,0
"Juneway",2011-07-13,2011,194,96,0,"low",9.6,0.006,0.427,80.85,5.54,578.425,0
"Juneway",2011-07-14,2011,195,27,0,"low",96,0,0.006,70.7,12.07,578.567,0
"Juneway",2011-07-15,2011,196,12.7,0,"low",27,0,0,76,7.39,578.524,0
"Juneway",2011-07-20,2011,201,2.9,0,"low",47.6,0,0.004,85.34,2.74,578.506,0
"Juneway",2011-07-21,2011,202,38.7,0,"low",2.9,0.092,0.092,97.34,7.04,578.262,0
"Juneway",2011-07-22,2011,203,82.9,0,"low",38.7,0.003,0.095,95.49,5.73,578.262,0
"Juneway",2011-07-23,2011,204,26.2,0,"low",82.9,0.578,0.581,85.47,3.46,578.352,0
"Juneway",2011-07-24,2011,205,7.6,0,"low",26.2,2.929,3.506,81.83,0.73,578.388,0
"Juneway",2011-07-25,2011,206,84.6,0,"low",7.6,0.078,3.006,82.87,1.47,578.48,0
"Juneway",2011-07-26,2011,207,25.2,0,"low",84.6,0.006,0.084,81.21,3.27,578.434,1
"Juneway",2011-07-27,2011,208,33.3,0,"low",25.2,0.003,0.009,79.95,4.9,578.367,0
"Juneway",2011-07-28,2011,209,59,0,"low",33.3,0.516,0.519,86.81,7.06,578.342,0
"Juneway",2011-07-29,2011,210,10.4,0,"low",59,0.421,0.938,82.04,3.2,578.504,0
"Juneway",2011-08-03,2011,215,324.7,1,"exceed",4.8,0.279,0.279,91.24,9.36,578.36,0
"Juneway",2011-08-04,2011,216,21.2,0,"low",324.7,0,0.279,80.92,8.5,578.64,0
"Juneway",2011-08-10,2011,222,26.5,0,"low",5.7,0.031,0.25,79.6,11.46,578.409,0
"Juneway",2011-08-11,2011,223,2,0,"low",26.5,0,0.031,74.7,6.38,578.37,0
"Juneway",2011-08-12,2011,224,3.5,0,"low",2,0,0,77.47,2.11,578.252,0
"Juneway",2011-08-17,2011,229,5.9,0,"low",12.2,0,0,79.75,3.06,578.422,0
"Juneway",2011-08-18,2011,230,69.2,0,"low",5.9,0,0,81.85,7.23,578.338,0
"Juneway",2011-08-19,2011,231,5.1,0,"low",69.2,0,0,79.3,3.32,578.409,0
"Juneway",2011-08-24,2011,236,1.4,0,"low",24.4,0.207,0.207,79.36,11.65,577.898,0
"Juneway",2011-08-25,2011,237,41.4,0,"low",1.4,0,0.207,90.77,10,578.087,0
"Juneway",2011-08-26,2011,238,9.7,0,"low",41.4,0,0,75.9,6.5,578.259,0
"Juneway",2011-08-31,2011,243,47.1,0,"low",23.7,0.006,0.006,80.23,7.47,578.113,0
"Juneway",2011-09-01,2011,244,24.1,0,"low",47.1,0.032,0.038,87.57,7.01,578.181,0
"Juneway",2011-09-02,2011,245,110,0,"low",24.1,0,0.032,91.96,5.51,578.263,0
"Juneway",2012-05-24,2012,145,4,0,"low",3.9,0,0,73.86,5.78,577.847,0
"Juneway",2012-05-25,2012,146,1.8,0,"low",4,0,0,84.85,17.95,577.695,0
"Juneway",2012-05-31,2012,152,43.1,0,"low",1,0,0.003,66.39,7,577.868,0
"Juneway",2012-06-01,2012,153,656.7,1,"exceed",43.1,0.763,0.763,53.74,12.46,577.991,0
"Juneway",2012-06-02,2012,154,30.3,0,"low",656.7,0.036,0.799,59.5,11.51,578.112,0
"Juneway",2012-06-06,2012,158,2.7,0,"low",19.7,0,0,63.76,9.36,578.029,0
"Juneway",2012-06-07,2012,159,5.7,0,"low",2.7,0,0,68.77,6.62,577.873,0
"Juneway",2012-06-08,2012,160,1,0,"low",5.7,0,0,72.73,2.33,577.767,0
"Juneway",2012-06-13,2012,165,14.3,0,"low",68,0,0,77.12,8.1,577.847,0
"Juneway",2012-06-14,2012,166,6.2,0,"low",14.3,0,0,66.34,8.15,577.781,0
"Juneway",2012-06-15,2012,167,5.1,0,"low",6.2,0,0,77.65,8.59,577.847,0
"Juneway",2012-06-20,2012,172,1.4,0,"low",1,0,0,90.13,16.94,577.656,0
"Juneway",2012-06-21,2012,173,2.4,0,"low",1.4,0,0,90.13,17.01,577.635,0
"Juneway",2012-06-22,2012,174,1.8,0,"low",2.4,0.012,0.012,82.46,7.43,577.678,0
"Juneway",2012-06-27,2012,179,1.4,0,"low",34.9,0,0,75.06,6.92,577.866,0
"Juneway",2012-06-28,2012,180,2,0,"low",1.4,0,0,88.01,13.01,577.697,0
"Juneway",2012-06-29,2012,181,40.4,0,"low",2,0.022,0.022,96.12,7.87,577.777,0
"Juneway",2012-07-11,2012,193,38.7,0,"low",56.5,0,0,77.59,11.11,577.973,0
"Juneway",2012-07-12,2012,194,15.8,0,"low",38.7,0,0,80.4,7.83,577.899,0
"Juneway",2012-07-13,2012,195,19.7,0,"low",15.8,0,0,86.73,7.7,577.818,0
"Juneway",2012-07-18,2012,200,151.2,0,"moderate",11.4,0,0,97.14,9.99,577.557,0
"Juneway",2012-07-19,2012,201,78.6,0,"low",151.2,0.347,0.347,84.04,6.53,577.851,0
"Juneway",2012-07-20,2012,202,153,0,"moderate",78.6,0.601,0.948,79.09,4,578.002,0
"Juneway",2012-07-25,2012,207,45.4,0,"low",251,0.571,0.577,86.78,6.13,577.691,0
"Juneway",2012-07-26,2012,208,20.1,0,"low",45.4,0.004,0.575,97.65,9.84,577.568,0
"Juneway",2012-07-27,2012,209,21.2,0,"low",20.1,0.29,0.293,89.82,6.99,577.626,0
"Juneway",2012-08-01,2012,214,5.7,0,"low",18.8,0.238,0.259,82.31,3.36,577.69,0
"Juneway",2012-08-02,2012,215,2.9,0,"low",5.7,0,0.238,83.09,5.29,577.611,0
"Juneway",2012-08-03,2012,216,2.9,0,"low",2.9,0,0,87.28,4.06,577.487,0
"Juneway",2012-08-08,2012,221,56.4,0,"low",2,0,0,90.93,6.94,577.429,0
"Juneway",2012-08-09,2012,222,18.6,0,"low",56.4,0.003,0.003,80.41,9.18,577.633,0
"Juneway",2012-08-10,2012,223,335.4,1,"exceed",18.6,0.314,0.317,74.15,9.05,577.712,0
"Juneway",2012-08-15,2012,228,8.3,0,"low",1.4,0.003,0.289,76.91,1.02,577.66,0
"Juneway",2012-08-22,2012,235,3.6,0,"low",3.9,0,0.243,74.67,1.76,577.366,0
"Juneway",2012-08-23,2012,236,4.7,0,"low",3.6,0,0,80.14,7.02,577.252,0
"Juneway",2012-08-24,2012,237,2.9,0,"low",4.7,0.018,0.018,87.12,9.31,577.205,0
"Juneway",2012-08-29,2012,242,29.3,0,"low",19.5,0,0.007,78.79,3.96,577.305,0
"Juneway",2012-08-30,2012,243,11.3,0,"low",29.3,0,0,78.78,6.26,577.268,0
"Juneway",2012-08-31,2012,244,3.2,0,"low",11.3,0,0,88.17,11.85,576.952,0
"Juneway",2013-05-23,2013,143,474.1,1,"exceed",3.5,0.867,1.073,71.36,4.54,577.623,0
"Juneway",2013-05-24,2013,144,116.6,0,"low",474.1,0.05,0.917,53.55,19.68,578.166,0
"Juneway",2013-05-30,2013,150,5.7,0,"low",2.4,0.013,0.352,79.94,7.66,577.632,0
"Juneway",2013-05-31,2013,151,6.5,0,"low",5.7,0.344,0.357,79.9,16.25,577.582,0
"Juneway",2013-06-05,2013,156,14.1,0,"low",1,0,0,64.76,5.28,577.762,0
"Juneway",2013-06-06,2013,157,28.1,0,"low",14.1,0.007,0.007,65.64,6.93,577.928,0
"Juneway",2013-06-07,2013,158,16.9,0,"low",28.1,0.177,0.184,58.85,9.35,577.971,0
"Juneway",2013-06-12,2013,163,28.5,0,"low",2.8,0.128,0.278,78.49,3.12,577.747,0
"Juneway",2013-06-13,2013,164,171.9,0,"moderate",28.5,0.394,0.522,75.75,2.41,577.887,0
"Juneway",2013-06-14,2013,165,69,0,"low",171.9,0.03,0.424,66.15,12.56,578.018,0
"Juneway",2013-06-19,2013,170,21.8,0,"low",164.3,0,0.04,63.94,13.64,578.197,0
"Juneway",2013-06-20,2013,171,3.2,0,"low",21.8,0,0,68.41,6.03,577.927,0
"Juneway",2013-06-21,2013,172,1,0,"low",3.2,0,0,78.84,7.36,577.877,0
"Juneway",2013-06-26,2013,177,106.7,0,"low",23,0.046,0.329,83.78,5.58,577.835,0
"Juneway",2013-06-27,2013,178,1.7,0,"low",106.7,1.244,1.29,77.91,4.28,577.893,0
"Juneway",2013-06-28,2013,179,1,0,"low",1.7,0.55,1.794,86.08,4.42,577.911,0
"Juneway",2013-07-03,2013,184,18.6,0,"low",31.9,0,0,64.29,12.05,578.215,0
"Juneway",2013-07-10,2013,191,6.3,0,"low",26,0.01,0.247,83.72,7.06,577.957,0
"Juneway",2013-07-11,2013,192,15,0,"low",6.3,0,0.01,80.71,4.36,577.85,0
"Juneway",2013-07-12,2013,193,43.5,0,"low",15,0,0,75.76,5.23,577.914,0
"Juneway",2013-07-17,2013,198,1,0,"low",6,0.003,0.044,88.4,5.89,577.91,0
"Juneway",2013-07-18,2013,199,2,0,"low",1,0,0.003,89.22,4.53,577.791,0
"Juneway",2013-07-19,2013,200,2,0,"low",2,0,0,93.35,7.69,577.741,0
"Juneway",2013-07-24,2013,205,45,0,"low",1.7,0.025,0.028,79.95,8.57,578.108,0
"Juneway",2013-07-25,2013,206,14.4,0,"low",45,0,0.025,68.53,10.93,577.943,0
"Juneway",2013-07-26,2013,207,6.5,0,"low",14.4,0,0,75.83,1.61,577.821,0
"Juneway",2013-07-31,2013,212,8.1,0,"low",2.2,0.028,0.028,72.14,6.16,577.825,0
"Juneway",2013-08-01,2013,213,14.9,0,"low",8.1,0.156,0.184,74.35,1.13,577.864,0
"Juneway",2013-08-02,2013,214,13.4,0,"low",14.9,0.004,0.159,76.12,5.56,577.818,0
"Juneway",2013-08-07,2013,219,1.4,0,"low",3.5,0.021,0.048,81.11,8.39,577.758,0
"Juneway",2013-08-08,2013,220,108.5,0,"low",1.4,0.01,0.031,84.25,2.42,577.949,0
"Juneway",2013-08-09,2013,221,7.7,0,"low",108.5,0,0.01,73.87,10.39,577.943,0
"Juneway",2013-08-14,2013,226,82.8,0,"low",630.7,0,0.529,69.72,12.26,578.078,0
"Juneway",2013-08-15,2013,227,19,0,"low",82.8,0,0,67.22,6.05,577.859,0
"Juneway",2013-08-16,2013,228,6.7,0,"low",19,0,0,72.67,4.89,577.698,0
"Juneway",2013-08-21,2013,233,2.4,0,"low",2.8,0,0,85.53,7.62,577.648,0
"Juneway",2013-08-22,2013,234,17.9,0,"low",2.4,0.009,0.009,88.35,10.21,577.654,0
"Juneway",2013-08-23,2013,235,61.5,0,"low",17.9,0.213,0.221,78.17,2.85,577.695,0
"Juneway",2013-08-28,2013,240,37.4,0,"low",1,0,0,93.03,12.77,577.68,0
"Juneway",2013-08-29,2013,241,3.5,0,"low",37.4,0,0,84.67,6.91,577.875,0
"Juneway",2013-08-30,2013,242,3.5,0,"low",3.5,0,0,80.03,3.08,577.822,0
"Juneway",2014-05-22,2014,142,3.5,0,"low",6.9,0.275,0.519,77.21,1.37,578.717,0
"Juneway",2014-05-23,2014,143,1.7,0,"low",3.5,0,0.275,63.21,5.21,578.625,0
"Juneway",2014-05-29,2014,149,40.3,0,"low",20,0.185,0.308,61.04,8.74,578.878,0
"Juneway",2014-05-30,2014,150,3.9,0,"low",40.3,0,0.185,64.73,8.16,578.922,0
"Juneway",2014-06-04,2014,155,15.4,0,"low",1,0,0.128,75.79,5.75,578.649,0
"Juneway",2014-06-05,2014,156,18.3,0,"low",15.4,0.124,0.124,67.46,7.06,578.836,0
"Juneway",2014-06-06,2014,157,1,0,"low",18.3,0,0.124,67.77,5.2,578.784,0
"Juneway",2014-06-11,2014,162,106.2,0,"low",27.7,0.623,0.623,59.85,9.78,579.007,0
"Juneway",2014-06-18,2014,169,55.9,0,"low",257.6,0.004,0.004,85.13,11.07,578.796,0
"Juneway",2014-06-19,2014,170,114.5,0,"low",55.9,0.203,0.206,80.84,3.2,579.096,0
"Juneway",2014-06-20,2014,171,14.5,0,"low",114.5,0.278,0.481,71.24,6.01,579.167,0
"Juneway",2014-06-25,2014,176,47.8,0,"low",62.4,0.695,0.827,78.85,1.41,579.042,0
"Juneway",2014-06-26,2014,177,53.3,0,"low",47.8,0.009,0.704,68.91,7.43,579.183,0
"Juneway",2014-06-27,2014,178,38.9,0,"low",53.3,0,0.009,67.82,5.76,579.117,0
"Juneway",2014-07-02,2014,183,26.3,0,"low",63.5,0.052,2.091,79.69,12.4,578.823,1
"Juneway",2014-07-03,2014,184,43.5,0,"low",26.3,0.101,0.153,72.01,6.63,578.957,0
"Juneway",2014-07-09,2014,190,1,0,"low",17.3,0.298,0.705,80.27,10.7,579.037,0
"Juneway",2014-07-10,2014,191,5.7,0,"low",1,0,0.298,73.54,3.84,579.036,0
"Juneway",2014-07-11,2014,192,2.8,0,"low",5.7,0,0,72.43,5.95,579.09,0
"Juneway",2014-07-16,2014,197,17.4,0,"low",18.3,0.061,0.357,68,11.01,579.219,0
"Juneway",2014-07-17,2014,198,7.9,0,"low",17.4,0.003,0.064,67.68,4.12,579.122,0
"Juneway",2014-07-18,2014,199,9.5,0,"low",7.9,0,0.003,72.52,4.55,579.121,0
"Juneway",2014-07-23,2014,204,1304.2,1,"exceed",17.4,0.007,0.007,87.53,11.89,578.974,0
"Juneway",2014-07-24,2014,205,58.6,0,"low",1304.2,0.009,0.016,74.95,18,579.474,0
"Juneway",2014-07-25,2014,206,50.8,0,"low",58.6,0,0.009,69.56,7.27,579.242,0
"Juneway",2014-07-30,2014,211,19,0,"low",16.6,0.078,0.078,73.78,3.58,579.144,0
"Juneway",2014-07-31,2014,212,12.7,0,"low",19,0,0.078,71.99,2.53,579.143,0
"Juneway",2014-08-01,2014,213,3.2,0,"low",12.7,0.011,0.011,82.17,8.34,579.062,0
"Juneway",2014-08-06,2014,218,100.5,0,"low",40.1,0.228,1.74,74.56,3.06,579.265,0
"Juneway",2014-08-07,2014,219,70.4,0,"low",100.5,0,0.228,74.54,6.31,579.249,0
"Juneway",2014-08-08,2014,220,24.9,0,"low",70.4,0,0,75.88,7.83,579.216,0
"Juneway",2014-08-13,2014,225,62.4,0,"low",852.6,0.026,0.855,69.75,11.56,579.486,0
"Juneway",2014-08-14,2014,226,49.5,0,"low",62.4,0,0.026,78.01,4,579.225,0
"Juneway",2014-08-15,2014,227,10.8,0,"low",49.5,0,0,67.34,8.58,579.275,0
"Juneway",2014-08-20,2014,232,4,0,"low",12,0.236,0.236,84.57,11.16,579.32,0
"Juneway",2014-08-21,2014,233,2,0,"low",4,0,0.236,84.89,7.83,579.33,0
"Juneway",2014-08-22,2014,234,21.4,0,"low",2,0.986,0.986,76.94,5.61,579.35,0
"Juneway",2014-08-27,2014,239,26.5,0,"low",8.1,0.028,0.508,79.61,0.76,579.28,0
"Juneway",2014-08-28,2014,240,243.7,1,"exceed",26.5,0,0.028,75.79,6.81,579.262,0
"Juneway",2014-08-29,2014,241,13.7,0,"low",243.7,0.006,0.006,72.68,8.97,579.322,0
"Juneway",2015-05-21,2015,141,1.7,0,"low",13.5,0.045,0.045,45.73,8.42,579.495,0
"Juneway",2015-05-22,2015,142,1.4,0,"low",1.7,0,0.045,66.51,7.92,579.462,0
"Juneway",2015-05-28,2015,148,1.4,0,"low",1,0.116,0.607,71.05,8.65,579.525,0
"Juneway",2015-05-29,2015,149,1,0,"low",1.4,0,0.116,76.27,6.41,579.607,0
"Juneway",2015-06-03,2015,154,2.4,0,"low",29.7,0,0,63.34,4.38,579.794,0
"Juneway",2015-06-04,2015,155,2,0,"low",2.4,0,0,70.79,7.09,579.82,0
"Juneway",2015-06-05,2015,156,24.5,0,"low",2,0,0,77.44,8.01,579.79,0
"Juneway",2015-06-10,2015,161,1,0,"low",1.7,0,0.114,82.94,7.23,579.718,0
"Juneway",2015-06-11,2015,162,5.3,0,"low",1,0.026,0.026,91.18,7.68,579.761,0
"Juneway",2015-06-12,2015,163,7,0,"low",5.3,0.128,0.155,67.91,6.06,579.944,0
"Juneway",2015-06-17,2015,168,310.5,1,"exceed",20.5,0.006,1.072,70.62,9.42,580.016,1
"Juneway",2015-06-18,2015,169,1.4,0,"low",310.5,0.146,0.152,65.23,2.84,580.048,0
"Juneway",2015-06-19,2015,170,190,0,"moderate",1.4,0.171,0.317,79.82,5.84,580.048,0
"Juneway",2015-06-24,2015,175,3.9,0,"low",18.7,0,0.026,76.28,4.66,580.017,0
"Juneway",2015-06-25,2015,176,14.9,0,"low",3.9,0,0,76.47,5.09,579.875,0
"Juneway",2015-06-26,2015,177,635.7,1,"exceed",14.9,0.545,0.545,75.93,0.58,580.153,0
"Juneway",2015-06-27,2015,178,72,0,"low",635.7,0.315,0.86,64.53,9.42,580.217,0
"Juneway",2015-07-01,2015,182,87.3,0,"low",1.7,0.125,0.364,72.06,3.85,580.06,0
"Juneway",2015-07-02,2015,183,19.4,0,"low",87.3,0,0.125,61.87,7.95,580.091,0
"Juneway",2015-07-08,2015,189,241.3,1,"exceed",950,0.349,0.716,72.16,11.86,580.256,0
"Juneway",2015-07-09,2015,190,98.8,0,"low",241.3,0.039,0.388,63.22,6.97,580.11,0
"Juneway",2015-07-10,2015,191,16.3,0,"low",98.8,0.014,0.053,68.87,5.99,580.118,0
"Juneway",2015-07-15,2015,196,274,1,"exceed",2.4,0,0.48,76.51,9.8,580.248,0
"Juneway",2015-07-16,2015,197,51.7,0,"low",274,0,0,68.9,9.63,580.217,0
"Juneway",2015-07-17,2015,198,28.5,0,"low",51.7,0.613,0.613,73.19,6.53,580.058,0
"Juneway",2015-07-22,2015,203,7.5,0,"low",115,0,0,75.64,6.45,579.976,0
"Juneway",2015-07-23,2015,204,5.5,0,"low",7.5,0,0,76.9,1.44,579.948,0
"Juneway",2015-07-24,2015,205,26.5,0,"low",5.5,0,0,79.12,2.98,579.985,0
"Juneway",2015-07-29,2015,210,8.8,0,"low",16,0,0,84.64,5.29,580.004,0
"Juneway",2015-07-30,2015,211,4.9,0,"low",8.8,0.02,0.02,85.66,7.68,579.91,0
"Juneway",2015-07-31,2015,212,1.4,0,"low",4.9,0,0.02,86.46,11.38,579.79,0
"Juneway",2015-08-05,2015,217,5.7,0,"low",5.5,0,0.669,79.74,4.02,579.96,0
"Juneway",2015-08-06,2015,218,77.5,0,"low",5.7,0,0,77.79,4.37,580.036,0
"Juneway",2015-08-07,2015,219,21.6,0,"low",77.5,0,0,77.28,8.51,580.113,0
"Juneway",2015-08-12,2015,224,32.9,0,"low",169.9,0,0.279,76.24,6.07,580.042,0
"Juneway",2015-08-13,2015,225,3.2,0,"low",32.9,0,0,74.81,4.64,579.88,0
"Juneway",2015-08-14,2015,226,57.9,0,"low",3.2,0,0,83.09,10.25,579.753,0
"Juneway",2015-08-19,2015,231,14,0,"low",10.8,0.514,0.76,81.14,9.72,579.95,0
"Juneway",2015-08-20,2015,232,9.8,0,"low",14,0.021,0.536,75.18,14.41,579.717,0
"Juneway",2015-08-21,2015,233,1.7,0,"low",9.8,0,0.021,73.02,14.65,579.684,0
"Juneway",2015-08-26,2015,238,5.9,0,"low",2.8,0,0,67.2,5.51,579.697,0
"Juneway",2015-08-27,2015,239,1,0,"low",5.9,0,0,64.41,5.18,579.754,0
"Juneway",2015-08-28,2015,240,10.6,0,"low",1,0,0,70.24,1.3,579.792,0
"Juneway",2015-09-02,2015,245,2.4,0,"low",5.5,0,0,87.91,9.6,579.762,0
"Juneway",2015-09-03,2015,246,7.3,0,"low",2.4,0,0,88.96,6.94,579.77,0
"Juneway",2015-09-04,2015,247,47.4,0,"low",7.3,0,0,89.54,5.44,579.905,0
"Juneway",2016-06-02,2016,154,1,0,"low",6.9,0.312,0.751,75.09,1.73,580.465,0
"Juneway",2016-06-03,2016,155,1,0,"low",1,0,0.312,75.78,3.26,580.335,0
"Juneway",2016-06-08,2016,160,2.6,0,"low",39.2,0,0.017,63.07,8.17,580.418,0
"Juneway",2016-06-09,2016,161,9.5,0,"low",2.6,0,0,62.8,3.33,580.28,0
"Juneway",2016-06-10,2016,162,17.4,0,"low",9.5,0.124,0.124,69.83,6.34,580.367,0
"Juneway",2016-06-15,2016,167,4.9,0,"low",17.9,0,0.007,79.17,7.08,580.531,0
"Juneway",2016-06-16,2016,168,3.5,0,"low",4.9,0.305,0.305,84.92,6.36,580.513,0
"Juneway",2016-06-17,2016,169,88.7,0,"low",3.5,0,0.305,82.13,10.8,580.684,0
"Juneway",2016-06-22,2016,174,1,0,"low",2.4,0,0.004,79,4.34,580.311,0
"Juneway",2016-06-23,2016,175,136.8,0,"moderate",1,0.808,0.808,74.95,3.85,580.435,0
"Juneway",2016-06-24,2016,176,60.2,0,"low",136.8,0,0.808,72.07,7.67,580.579,0
"Juneway",2016-06-29,2016,181,29.3,0,"low",310.2,0,0,70.67,12.02,580.589,0
"Juneway",2016-06-30,2016,182,2.2,0,"low",29.3,0,0,74.05,2.55,580.371,0
"Juneway",2016-07-01,2016,183,203.9,0,"moderate",2.2,0,0,76.82,8.79,580.284,0
"Juneway",2016-07-07,2016,189,2.2,0,"low",14.4,0.95,0.95,84.8,6.98,580.282,0
"Juneway",2016-07-08,2016,190,74.4,0,"low",2.2,0.175,1.125,79.76,1.98,580.371,0
"Juneway",2016-07-13,2016,195,17.2,0,"low",7.9,0,0,87.68,13.38,580.23,0
"Juneway",2016-07-14,2016,196,1,0,"low",17.2,0.154,0.154,83.62,9.96,580.112,0
"Juneway",2016-07-15,2016,197,8,0,"low",1,0,0.154,86,14.03,580.105,0
"Juneway",2016-07-20,2016,202,12.5,0,"low",4,0,0.133,82.07,3.04,580.308,0
"Juneway",2016-07-26,2016,208,28.5,0,"low",6,0,0.46,82.43,1.07,580.19,0
"Juneway",2016-07-27,2016,209,84.6,0,"low",28.5,0,0,83.25,3.11,580.223,0
"Juneway",2016-07-28,2016,210,12,0,"low",84.6,0,0,84.68,2.74,580.259,0
"Juneway",2016-07-29,2016,211,144.6,0,"moderate",12,0.183,0.183,79.81,3.42,580.394,0
"Juneway",2016-08-03,2016,216,11.8,0,"low",11.5,0,0,81.99,5.66,580.397,0
"Juneway",2016-08-04,2016,217,7.7,0,"low",11.8,0,0,85.44,5.16,580.364,0
"Juneway",2016-08-05,2016,218,20.6,0,"low",7.7,0,0,88.35,6.25,580.276,0
"Juneway",2016-08-10,2016,223,6.3,0,"low",21.6,0,0,83.96,5.68,580.18,0
"Juneway",2016-08-11,2016,224,5.2,0,"low",6.3,0,0,84.78,3.79,580.164,0
"Juneway",2016-08-12,2016,225,59.7,0,"low",5.2,0,0,91,10.54,580.105,0
"Juneway",2016-08-17,2016,230,3.5,0,"low",51.7,0.044,0.077,81.69,2.43,580.308,0
"Juneway",2016-08-18,2016,231,76.8,0,"low",3.5,0.018,0.062,85.4,5.17,580.249,0
"Juneway",2016-08-19,2016,232,11.2,0,"low",76.8,0.61,0.628,84.53,7.79,580.213,0
"Juneway",2016-08-24,2016,237,606.5,1,"exceed",1,0,0,79.45,12.19,579.918,0
"Juneway",2016-08-31,2016,244,596,1,"exceed",13.7,0.107,0.292,81.76,1.23,580.223,0
"Juneway",2016-09-01,2016,245,180.8,0,"moderate",596,0,0.107,74.45,12.46,580.489,0
"Juneway",2016-09-02,2016,246,147.9,0,"moderate",180.8,0,0,71.52,13.69,580.577,0
"Leone",2006-05-25,2006,145,5.7,0,"low",11.7,0.365,0.365,77.53,11.51,577.846,0
"Leone",2006-05-26,2006,146,16.6,0,"low",5.7,0.202,0.567,73.24,9.99,577.922,0
"Leone",2006-06-01,2006,152,15.9,0,"low",13.3,0,0.429,73.15,6.73,578.078,0
"Leone",2006-06-02,2006,153,1.4,0,"low",15.9,0,0,73.05,7.53,578.091,0
"Leone",2006-06-07,2006,158,376.4,1,"exceed",32,0,0,81.77,10.34,577.94,0
"Leone",2006-06-08,2006,159,1,0,"low",376.4,0,0,78.56,4.44,578.118,0
"Leone",2006-06-09,2006,160,1,0,"low",1,0,0,80,5.51,578.066,0
"Leone",2006-06-14,2006,165,27.1,0,"low",1,0,0,70.6,5.35,578.077,0
"Leone",2006-06-15,2006,166,5.5,0,"low",27.1,0.007,0.007,77.69,7.04,578.113,0
"Leone",2006-06-16,2006,167,29,0,"low",5.5,0,0.007,86.1,4.59,578.093,0
"Leone",2006-06-21,2006,172,422.4,1,"exceed",54.6,0,0,80.08,3.56,578.005,0
"Leone",2006-06-22,2006,173,51.7,0,"low",422.4,0.05,0.05,86.01,8.75,577.913,0
"Leone",2006-06-23,2006,174,13.2,0,"low",51.7,0.154,0.203,80.29,3.95,578.022,0
"Leone",2006-06-28,2006,179,4,0,"low",124.9,0.003,0.85,77.25,4.64,578.035,0
"Leone",2006-06-29,2006,180,1,0,"low",4,0.415,0.418,75.53,6.07,578.013,0
"Leone",2006-06-30,2006,181,63.6,0,"low",1,0,0.415,77.09,3.31,577.952,0
"Leone",2006-07-12,2006,193,127,0,"moderate",30.8,0.183,0.238,74.17,5.28,578.091,0
"Leone",2006-07-13,2006,194,13.3,0,"low",127,0.003,0.186,75.27,10.95,578.161,0
"Leone",2006-07-14,2006,195,103,0,"low",13.3,0,0.003,81.06,6.11,578.034,0
"Leone",2006-07-19,2006,200,4.85798312059645,0,"low",8.35164654424503,0.034,0.214,80.48,12.37,578.065,0
"Leone",2006-07-20,2006,201,367.771178859899,1,"exceed",4.85798312059645,0.004,0.038,87.58,6.76,578.016,0
"Leone",2006-07-21,2006,202,62.815921548601,0,"low",367.771178859899,0.842,0.845,80.41,3.07,577.928,0
"Leone",2006-07-26,2006,207,20.8357865222314,0,"low",31.8738137034149,0,0.004,89.33,10.89,577.764,0
"Leone",2006-07-27,2006,208,22.3979909813358,0,"low",20.8357865222314,0.061,0.061,84.13,9.8,577.861,0
"Leone",2006-07-28,2006,209,60.7567280224997,0,"low",22.3979909813358,0.006,0.067,85.75,4.25,577.947,0
"Leone",2006-08-02,2006,214,8.92636544176856,0,"low",4.23675228930203,0.048,0.048,97.04,10.9,577.792,0
"Leone",2006-08-03,2006,215,265.560162675052,1,"exceed",8.92636544176856,0.255,0.303,95.94,11.96,577.893,0
"Leone",2006-08-04,2006,216,25.6091780422566,0,"low",265.560162675052,0.374,0.629,80.7,4.01,578.06,0
"Leone",2006-08-09,2006,221,19.99599959992,0,"low",71.1201731275438,0,0,79.46,9.35,578.109,0
"Leone",2006-08-10,2006,222,8.68792265158939,0,"low",19.99599959992,0.033,0.033,82.45,5.23,577.977,0
"Leone",2006-08-11,2006,223,67.6,0,"low",8.68792265158939,0.136,0.17,76.88,6.02,578.171,0
"Leone",2006-08-16,2006,228,24.6040647048409,0,"low",32.4199012953463,0,0,80.69,2.59,577.826,0
"Leone",2006-08-17,2006,229,41.109852833597,0,"low",24.6040647048409,0,0,80.59,5.8,577.919,0
"Leone",2006-08-18,2006,230,3.39116499156263,0,"low",41.109852833597,0.079,0.079,82.53,5.09,577.95,0
"Leone",2006-08-23,2006,235,54.9009107392582,0,"low",82.461384902268,0,0,83.64,2.69,577.883,0
"Leone",2006-08-24,2006,236,49.1894297588415,0,"low",54.9009107392582,0,0,86.7,4.25,577.925,0
"Leone",2006-08-25,2006,237,79.5384183901088,0,"low",49.1894297588415,0.691,0.691,82.53,7.19,577.945,0
"Leone",2006-08-30,2006,242,124.727863767484,0,"low",201.358188311278,0.065,0.549,68.78,8.56,578.246,0
"Leone",2006-08-31,2006,243,61.1417206169404,0,"low",124.727863767484,0.009,0.074,72.15,10.39,578.4,0
"Leone",2006-09-01,2006,244,178.859637705101,0,"moderate",61.1417206169404,0,0.009,72.66,11.67,578.358,0
"Leone",2007-05-30,2007,150,3.8,0,"low",23.1,0,0,83.56,7.14,577.877,0
"Leone",2007-05-31,2007,151,2.9,0,"low",3.8,0,0,85.65,10.02,577.828,0
"Leone",2007-06-01,2007,152,18.8,0,"low",2.9,0.07,0.07,76.53,8.89,577.775,0
"Leone",2007-06-06,2007,157,24.9,0,"low",3.6,0.296,0.511,67.42,8.1,577.92,0
"Leone",2007-06-07,2007,158,24.3,0,"low",24.9,0.004,0.299,84.6,9.53,577.75,0
"Leone",2007-06-13,2007,164,71.4,0,"low",89.3,0,0,78.23,7.52,577.911,0
"Leone",2007-06-14,2007,165,8.4,0,"low",71.4,0,0,81.21,6.31,577.919,0
"Leone",2007-06-15,2007,166,18.9,0,"low",8.4,0,0,83.87,5.26,577.939,0
"Leone",2007-06-20,2007,171,8.2,0,"low",21.9,0.509,0.773,79.35,10.7,577.746,0
"Leone",2007-06-21,2007,172,1.4,0,"low",8.2,0,0.509,81.69,3.89,577.675,0
"Leone",2007-06-22,2007,173,52.8,0,"low",1.4,0,0,75.14,2.71,577.785,0
"Leone",2007-06-27,2007,178,1,0,"low",1,0.086,0.086,88.38,6.41,577.738,0
"Leone",2007-06-28,2007,179,122,0,"low",1,0.145,0.231,88.62,7.17,577.706,0
"Leone",2007-06-29,2007,180,398.8,1,"exceed",122,0,0.145,73.96,11.68,578.045,0
"Leone",2007-07-04,2007,185,21.3,0,"low",10,0.017,0.017,81.16,7.35,577.696,0
"Leone",2007-07-05,2007,186,6.9,0,"low",21.3,0.336,0.354,81.67,4.31,577.806,0
"Leone",2007-07-06,2007,187,27.9,0,"low",6.9,0,0.336,84.15,4.07,577.759,0
"Leone",2007-07-11,2007,192,22.2,0,"low",77.9,0.251,0.35,87.18,7.88,577.716,0
"Leone",2007-07-12,2007,193,20.2,0,"low",22.2,0,0.251,76.9,8.24,577.669,0
"Leone",2007-07-13,2007,194,45.3,0,"low",20.2,0,0,78.02,10.85,577.625,0
"Leone",2007-07-18,2007,199,18.4,0,"low",11.7,0.13,0.13,80.64,5.1,577.769,0
"Leone",2007-07-19,2007,200,12.1,0,"low",18.4,0.367,0.497,83.67,8.5,577.683,0
"Leone",2007-07-20,2007,201,212.7,0,"moderate",12.1,0.174,0.541,77.21,6.47,577.95,0
"Leone",2007-07-25,2007,206,12,0,"low",5.1,0,0,79.48,2.07,577.688,0
"Leone",2007-07-26,2007,207,25.7,0,"low",12,0,0,82.25,5.96,577.674,0
"Leone",2007-07-27,2007,208,14,0,"low",25.7,0.351,0.351,80.21,7.37,577.661,0
"Leone",2007-08-01,2007,213,6.7,0,"low",6,0,0,87.19,2.49,577.675,0
"Leone",2007-08-02,2007,214,6.2,0,"low",6.7,0,0,89.06,2.56,577.682,0
"Leone",2007-08-03,2007,215,37.2,0,"low",6.2,0,0,89.15,6.15,577.563,0
"Leone",2007-08-08,2007,220,28,0,"low",72.1,0.794,0.921,91.24,5.33,577.645,0
"Leone",2007-08-09,2007,221,71.9,0,"low",28,0.194,0.988,82.88,4.07,577.665,0
"Leone",2007-08-10,2007,222,22.3,0,"low",71.9,0.068,0.262,83.24,1.65,577.71,0
"Leone",2007-08-15,2007,227,106.9,0,"low",320.9,0.313,0.313,83.19,7.15,577.495,0
"Leone",2007-08-16,2007,228,38.6,0,"low",106.9,0.368,0.681,78.72,4.81,577.561,0
"Leone",2007-08-17,2007,229,22.2,0,"low",38.6,0,0.368,74.56,4.73,577.507,0
"Leone",2007-08-22,2007,234,10.1,0,"low",283,0.006,0.649,81.62,4.47,577.727,0
"Leone",2007-08-23,2007,235,2.5,0,"low",10.1,0.456,0.462,88.23,4.99,577.464,0
"Leone",2007-08-24,2007,236,69.4,0,"low",2.5,1.401,1.857,86.52,10.08,577.425,1
"Leone",2007-08-25,2007,237,435.1,1,"exceed",69.4,0.219,1.619,78.63,6.24,577.509,1
"Leone",2007-08-26,2007,238,54.6,0,"low",435.1,0.295,0.514,74.64,2.92,577.618,0
"Leone",2007-08-27,2007,239,220.7,0,"moderate",54.6,0,0.295,74.42,1.75,577.588,0
"Leone",2007-08-28,2007,240,19.9,0,"low",220.7,0,0,85.52,6.74,577.524,0
"Leone",2007-08-29,2007,241,54.9,0,"low",19.9,0,0,90.7,7.68,577.484,0
"Leone",2007-08-30,2007,242,397.2,1,"exceed",54.9,0,0,80.34,3.63,577.699,0
"Leone",2007-08-31,2007,243,79,0,"low",397.2,0,0,71.96,11.58,577.78,0
"Leone",2008-05-29,2008,150,37.6,0,"low",51.1,0,0,61.32,7.78,577.973,0
"Leone",2008-05-30,2008,151,43.7,0,"low",37.6,0.043,0.043,73.04,2.91,577.753,0
"Leone",2008-06-04,2008,156,64.2,0,"low",67.9,0.281,0.281,66.95,6.95,577.949,0
"Leone",2008-06-05,2008,157,18.2,0,"low",64.2,0,0.281,74.17,5.86,578.065,0
"Leone",2008-06-06,2008,158,14,0,"low",18.2,0.299,0.299,85.49,13,577.936,0
"Leone",2008-06-11,2008,163,7.9,0,"low",1.4,0.003,0.762,78.82,9.97,577.908,0
"Leone",2008-06-12,2008,164,307.2,1,"exceed",7.9,0,0.003,82.82,12.44,578.155,0
"Leone",2008-06-13,2008,165,16.2,0,"low",307.2,0,0,86.5,18.9,578.215,0
"Leone",2008-06-18,2008,170,5.5,0,"low",7.4,0,0,73.94,10.27,578.079,0
"Leone",2008-06-19,2008,171,44.3,0,"low",5.5,0,0,67.76,4.55,578.15,0
"Leone",2008-06-20,2008,172,4.6,0,"low",44.3,0.003,0.003,74.97,3.86,578.13,0
"Leone",2008-06-25,2008,177,13.3,0,"low",26.5,0,0,76.12,4.67,578.148,0
"Leone",2008-06-26,2008,178,5.1,0,"low",13.3,0.064,0.064,80.91,10.05,578.1,0
"Leone",2008-06-27,2008,179,1849.4,1,"exceed",5.1,0.003,0.067,84.87,7.05,578.16,0
"Leone",2008-06-28,2008,180,10,0,"low",1849.4,0,0.003,79.8,9.04,578.136,0
"Leone",2008-07-02,2008,184,24.3,0,"low",10.9,0.014,0.014,81.4,8.5,578.09,0
"Leone",2008-07-03,2008,185,897.6,1,"exceed",24.3,0.186,0.201,84.83,12.56,578.098,0
"Leone",2008-07-04,2008,186,46.6,0,"low",897.6,0,0.186,67.14,16.36,578.525,0
"Leone",2008-07-09,2008,191,22.7,0,"low",3.9,0.192,0.269,82.62,9.18,578.235,0
"Leone",2008-07-10,2008,192,1.8,0,"low",22.7,0.016,0.208,77.9,5.94,578.223,0
"Leone",2008-07-11,2008,193,78.6,0,"low",1.8,0.228,0.244,81.2,10.76,578.145,0
"Leone",2008-07-16,2008,198,6.7,0,"low",2,0,0,88.52,9.02,578.149,0
"Leone",2008-07-17,2008,199,43.2,0,"low",6.7,0,0,87.9,6.54,578.227,0
"Leone",2008-07-18,2008,200,9.7,0,"low",43.2,0.086,0.086,87.45,9.77,578.239,0
"Leone",2008-07-23,2008,205,355.8,1,"exceed",185,0.018,0.089,72.04,9.73,578.575,0
"Leone",2008-07-24,2008,206,13,0,"low",355.8,0,0.018,75.42,9.78,578.516,0
"Leone",2008-07-25,2008,207,10.8,0,"low",13,0,0,78.13,1.7,578.37,0
"Leone",2008-07-30,2008,212,14.3,0,"low",117.4,0.072,0.072,85.75,5.54,578.319,0
"Leone",2008-07-31,2008,213,7.9,0,"low",14.3,0.012,0.084,83.74,5.87,578.298,0
"Leone",2008-08-01,2008,214,43,0,"low",7.9,0.23,0.242,81.81,4.84,578.233,0
"Leone",2008-08-06,2008,219,162.4,0,"moderate",217.7,0.027,1.015,81.78,3.31,578.461,0
"Leone",2008-08-07,2008,220,299.3,1,"exceed",162.4,0.003,0.03,79.8,5.7,578.291,0
"Leone",2008-08-08,2008,221,189.4,0,"moderate",299.3,0.003,0.006,76.3,8.68,578.517,0
"Leone",2008-08-13,2008,226,27,0,"low",11.4,0.003,0.003,73.34,4.25,578.41,0
"Leone",2008-08-14,2008,227,72.8,0,"low",27,0.148,0.151,73.64,2.51,578.427,0
"Leone",2008-08-15,2008,228,100.9,0,"low",72.8,0,0.148,73.95,8.29,578.574,0
"Leone",2008-08-20,2008,233,78.7,0,"low",39.2,0,0,76.5,6.73,578.565,0
"Leone",2008-08-21,2008,234,29.5,0,"low",78.7,0,0,75.76,7.79,578.485,0
"Leone",2008-08-22,2008,235,19.2,0,"low",29.5,0,0,78.66,8.1,578.367,0
"Leone",2008-08-27,2008,240,33.6,0,"low",30.9,0,0,72.69,10.22,578.403,0
"Leone",2008-08-28,2008,241,81.5,0,"low",33.6,0,0,76.6,5.48,578.309,0
"Leone",2008-08-29,2008,242,52.1,0,"low",81.5,0.017,0.017,78.52,6.53,578.204,0
"Leone",2009-05-28,2009,148,29.7,0,"low",7.3,0.28,1.02,62.43,2,579.11,0
"Leone",2009-05-29,2009,149,1,0,"low",29.7,0,0.28,61.64,6.03,578.911,0
"Leone",2009-06-03,2009,154,36.4,0,"low",266.2,0.052,0.616,58.2,9.83,579.017,0
"Leone",2009-06-04,2009,155,8.7,0,"low",36.4,0,0.052,58.4,12.05,579.015,0
"Leone",2009-06-05,2009,156,49.8,0,"low",8.7,0,0,73.25,6.3,578.901,0
"Leone",2009-06-10,2009,161,57.3,0,"low",8.5,0.003,0.238,64.56,4.31,579.142,0
"Leone",2009-06-11,2009,162,49.9,0,"low",57.3,0.016,0.019,63.67,8.04,579.027,0
"Leone",2009-06-12,2009,163,18.4,0,"low",49.9,0.24,0.255,64.21,10.7,579.194,0
"Leone",2009-06-17,2009,168,18.9,0,"low",90.9,0.486,0.741,68.55,11.82,579.153,0
"Leone",2009-06-18,2009,169,4.6,0,"low",18.9,0.007,0.492,75.74,2.77,579.141,0
"Leone",2009-06-24,2009,175,114,0,"low",18.6,0,0.11,86.32,5.13,579.09,0
"Leone",2009-06-25,2009,176,28.5,0,"low",114,0.035,0.035,88.8,1.25,579.048,0
"Leone",2009-06-26,2009,177,67.9,0,"low",28.5,0,0.035,85.23,1.4,579.084,0
"Leone",2009-07-01,2009,182,53.1,0,"low",80.9,0,0,67.24,9.63,579.061,0
"Leone",2009-07-02,2009,183,19.7,0,"low",53.1,0.007,0.007,69.1,7.02,579.068,0
"Leone",2009-07-08,2009,189,55.8,0,"low",902.3,0.003,0.003,71.47,5.81,579.018,0
"Leone",2009-07-09,2009,190,11.5,0,"low",55.8,0.083,0.086,69.8,6.94,579.049,0
"Leone",2009-07-10,2009,191,20,0,"low",11.5,0,0.083,78.05,5.36,579.128,0
"Leone",2009-07-15,2009,196,13.2,0,"low",52.3,0,0,77.11,7.09,578.959,0
"Leone",2009-07-16,2009,197,3,0,"low",13.2,0.409,0.409,84.44,9.93,578.83,0
"Leone",2009-07-17,2009,198,13,0,"low",3,0.052,0.46,79.91,9.25,578.827,0
"Leone",2009-07-22,2009,203,38.4,0,"low",261.6,0.055,0.055,75.31,5.72,579.032,0
"Leone",2009-07-23,2009,204,15.8,0,"low",38.4,0,0.055,72.63,2.83,579.107,0
"Leone",2009-07-24,2009,205,5.1,0,"low",15.8,0.062,0.062,73.56,2.7,579.058,0
"Leone",2009-07-29,2009,210,180.4,0,"moderate",5.7,0.023,0.023,81.89,4.8,578.877,0
"Leone",2009-07-30,2009,211,8,0,"low",180.4,0.048,0.071,74.61,5.08,578.896,0
"Leone",2009-07-31,2009,212,1.4,0,"low",8,0.041,0.089,77.03,4.98,578.84,0
"Leone",2009-08-05,2009,217,298.7,1,"exceed",5.1,0,0.068,78.48,1.13,578.907,0
"Leone",2009-08-06,2009,218,17.3,0,"low",298.7,0,0,73.23,4.97,578.799,0
"Leone",2009-08-07,2009,219,20.3,0,"low",17.3,0.014,0.014,75.73,1.78,578.84,0
"Leone",2009-08-12,2009,224,27.7,0,"low",398.8,0,0.003,75.23,6.39,579.043,0
"Leone",2009-08-13,2009,225,15.2,0,"low",27.7,0,0,78.26,5.11,578.94,0
"Leone",2009-08-14,2009,226,13,0,"low",15.2,0,0,80.11,4.23,578.885,0
"Leone",2009-08-19,2009,231,728.8,1,"exceed",1,0.174,0.514,81.47,7.65,578.846,0
"Leone",2009-08-20,2009,232,3,0,"low",728.8,0.184,0.358,77.82,4.56,578.865,0
"Leone",2009-08-21,2009,233,4.7,0,"low",3,0.079,0.263,76.39,13.88,578.875,0
"Leone",2009-08-26,2009,238,164,0,"moderate",30,0,0,79.38,10.52,578.733,0
"Leone",2009-08-27,2009,239,71.9,0,"low",164,1.09,1.09,73.27,4.72,578.996,0
"Leone",2009-09-02,2009,245,95.4,0,"low",29.4,0.003,0.003,67.05,5.65,578.965,0
"Leone",2009-09-03,2009,246,61.9,0,"low",95.4,0,0.003,68.61,4.46,578.963,0
"Leone",2010-05-27,2010,147,358.8,1,"exceed",7.4,0,0,77.42,3.83,578.118,0
"Leone",2010-05-28,2010,148,40.6,0,"low",358.8,0,0,69.61,11.66,578.183,0
"Leone",2010-06-03,2010,154,212,0,"moderate",93.1,0.739,0.739,74.67,2.32,578.187,0
"Leone",2010-06-04,2010,155,65.5,0,"low",212,0,0.739,70.68,7.86,578.22,0
"Leone",2010-06-09,2010,160,16.2,0,"low",65.7,0.273,0.276,71.79,9.82,578.131,0
"Leone",2010-06-10,2010,161,30.9,0,"low",16.2,0,0.273,81.68,10.24,578.265,0
"Leone",2010-06-11,2010,162,22.6,0,"low",30.9,0,0,77.23,4.13,578.175,0
"Leone",2010-06-16,2010,167,12.1,0,"low",86.5,0.307,0.356,75.39,1.56,578.43,0
"Leone",2010-06-17,2010,168,87.6,0,"low",12.1,0,0.307,79.22,6.33,578.48,0
"Leone",2010-06-18,2010,169,6.8,0,"low",87.6,0,0,76.49,6.51,578.355,0
"Leone",2010-06-23,2010,174,16.5,0,"low",3.2,0.332,0.505,85.19,7.53,578.446,0
"Leone",2010-06-24,2010,175,167.3,0,"moderate",16.5,0.423,0.755,86.05,11.61,578.17,0
"Leone",2010-06-25,2010,176,15.1,0,"low",167.3,0,0.423,76.62,3.62,578.34,0
"Leone",2010-06-30,2010,181,17.1,0,"low",55.9,0,0.391,69.76,7.94,578.385,0
"Leone",2010-07-01,2010,182,5.7,0,"low",17.1,0,0,70.22,4.7,578.399,0
"Leone",2010-07-02,2010,183,43,0,"low",5.7,0,0,76.21,6.3,578.397,0
"Leone",2010-07-08,2010,189,66.6,0,"low",3.9,0.122,0.159,89.03,4.47,578.271,0
"Leone",2010-07-09,2010,190,1250.6,1,"exceed",66.6,0.132,0.253,82,0.27,578.34,0
"Leone",2010-07-10,2010,191,24.3,0,"low",1250.6,0.003,0.135,81.04,6.14,578.354,0
"Leone",2010-07-14,2010,195,20.6,0,"low",6.3,0.066,0.069,82.6,5.61,578.445,0
"Leone",2010-07-15,2010,196,141.4,0,"moderate",20.6,0,0.066,87.97,8.61,578.348,0
"Leone",2010-07-16,2010,197,2.5,0,"low",141.4,0.004,0.004,88.95,6.38,578.358,0
"Leone",2010-07-21,2010,202,7.1,0,"low",43.8,0,0.004,83.15,6.37,578.354,0
"Leone",2010-07-22,2010,203,11.5,0,"low",7.1,0,0,84.34,2.41,578.33,0
"Leone",2010-07-23,2010,204,1.8,0,"low",11.5,0.49,0.49,87.83,10.29,578.234,0
"Leone",2010-07-28,2010,209,1.4,0,"low",49.2,0,0,87.04,6.5,578.336,0
"Leone",2010-07-29,2010,210,306.4,1,"exceed",1.4,0,0,87.27,5.98,578.268,0
"Leone",2010-07-30,2010,211,5.7,0,"low",306.4,0,0,77.87,5.56,578.413,0
"Leone",2010-08-04,2010,216,81.1,0,"low",2.9,0.413,0.431,82.13,4.08,578.278,0
"Leone",2010-08-05,2010,217,24.3,0,"low",81.1,0.482,0.895,79.81,2.9,578.327,0
"Leone",2010-08-06,2010,218,489.8,1,"exceed",24.3,0,0.482,81.98,10.64,578.252,0
"Leone",2010-08-07,2010,219,15.5,0,"low",489.8,0,0,79.08,4.63,578.307,0
"Leone",2010-08-11,2010,223,84.6,0,"low",27,0,0.214,81.73,3.78,578.372,0
"Leone",2010-08-12,2010,224,134.7,0,"moderate",84.6,0,0,88.16,2.2,578.417,0
"Leone",2010-08-13,2010,225,9.6,0,"low",134.7,0,0,84.99,2.02,578.441,0
"Leone",2010-08-25,2010,237,23.6,0,"low",11.1,0.003,0.003,79.92,3.09,578.324,0
"Leone",2010-08-26,2010,238,11.9,0,"low",23.6,0,0.003,77.22,8.76,578.394,0
"Leone",2010-08-27,2010,239,2.9,0,"low",11.9,0,0,80.19,2.05,578.22,0
"Leone",2010-09-01,2010,244,2.9,0,"low",55.4,0,0,90.26,13.72,577.888,0
"Leone",2010-09-02,2010,245,181.8,0,"moderate",2.9,0.14,0.14,81.05,6.92,578.083,0
"Leone",2010-09-03,2010,246,129.7,0,"moderate",181.8,0.784,0.924,81.81,8.14,578.112,0
"Leone",2011-06-02,2011,153,48.7,0,"low",6.3,0,0.057,80.52,12.94,577.848,0
"Leone",2011-06-03,2011,154,15.9,0,"low",48.7,0,0,70.04,7.27,578.122,0
"Leone",2011-06-08,2011,159,2.9,0,"low",1,0,0,94.71,11.71,578.207,0
"Leone",2011-06-09,2011,160,240.5,1,"exceed",2.9,0,0,93.84,13.64,578.026,0
"Leone",2011-06-10,2011,161,245.4,1,"exceed",240.5,1.045,1.045,68.49,7.08,578.433,0
"Leone",2011-06-11,2011,162,163.5,0,"moderate",245.4,0.528,1.572,62.17,8.87,578.504,0
"Leone",2011-06-12,2011,163,1,0,"low",163.5,0.02,0.547,57.8,6.55,578.396,0
"Leone",2011-06-13,2011,164,10.9,0,"low",1,0,0.02,61.54,8.75,578.248,0
"Leone",2011-06-14,2011,165,12.6,0,"low",10.9,0,0,65.36,6.82,578.269,0
"Leone",2011-06-15,2011,166,59.4,0,"low",12.6,0.048,0.048,69.34,7.26,578.393,0
"Leone",2011-06-16,2011,167,3.9,0,"low",59.4,0.463,0.511,71.94,10.72,578.392,0
"Leone",2011-06-17,2011,168,4.9,0,"low",3.9,0.023,0.487,76.15,4.38,578.404,0
"Leone",2011-06-22,2011,173,55.7,0,"low",2.5,0.342,0.565,85.9,13.82,578.507,0
"Leone",2011-06-23,2011,174,6.7,0,"low",55.7,0.071,0.413,72.35,14.25,578.479,0
"Leone",2011-06-24,2011,175,8.8,0,"low",6.7,0.019,0.09,70.17,12.6,578.452,0
"Leone",2011-06-29,2011,180,9.4,0,"low",2.9,0,0.037,76.68,6.7,578.418,0
"Leone",2011-06-30,2011,181,17.2,0,"low",9.4,0,0,74.18,2.88,578.346,0
"Leone",2011-07-01,2011,182,410.6,1,"exceed",17.2,0,0,83.52,8.95,578.499,0
"Leone",2011-07-02,2011,183,6.7,0,"low",410.6,0.012,0.012,84.85,14.74,578.269,0
"Leone",2011-07-07,2011,188,20,0,"low",88.9,0,0,80.5,6.23,578.427,0
"Leone",2011-07-08,2011,189,6.3,0,"low",20,0.021,0.021,76.28,5.58,578.479,0
"Leone",2011-07-13,2011,194,116.8,0,"low",18.2,0.007,0.42,80.77,5.57,578.425,0
"Leone",2011-07-14,2011,195,22.2,0,"low",116.8,0,0.007,70.73,12.13,578.567,0
"Leone",2011-07-15,2011,196,52.9,0,"low",22.2,0,0,75.91,7.41,578.524,0
"Leone",2011-07-20,2011,201,6.8,0,"low",210.7,0,0.004,85.14,2.75,578.506,0
"Leone",2011-07-21,2011,202,8,0,"low",6.8,0.089,0.089,97.29,7.06,578.262,0
"Leone",2011-07-22,2011,203,77.9,0,"low",8,0.003,0.092,95.48,5.72,578.262,0
"Leone",2011-07-23,2011,204,33.4,0,"low",77.9,0.573,0.576,85.41,3.5,578.352,0
"Leone",2011-07-24,2011,205,28,0,"low",33.4,2.89,3.462,81.77,0.74,578.388,0
"Leone",2011-07-25,2011,206,57.5,0,"low",28,0.078,2.968,82.81,1.48,578.48,0
"Leone",2011-07-26,2011,207,108.7,0,"low",57.5,0.006,0.084,81.1,3.27,578.434,1
"Leone",2011-07-27,2011,208,28.1,0,"low",108.7,0.003,0.009,79.87,4.92,578.367,0
"Leone",2011-07-28,2011,209,54.7,0,"low",28.1,0.505,0.508,86.87,7.11,578.342,0
"Leone",2011-07-29,2011,210,21.4,0,"low",54.7,0.415,0.92,81.98,3.22,578.504,0
"Leone",2011-08-03,2011,215,110.5,0,"low",3.5,0.278,0.278,91.19,9.39,578.36,0
"Leone",2011-08-04,2011,216,32.4,0,"low",110.5,0,0.278,80.85,8.56,578.64,0
"Leone",2011-08-05,2011,217,25.8,0,"low",32.4,0,0,78.29,6.29,578.494,0
"Leone",2011-08-10,2011,222,32.1,0,"low",3.5,0.031,0.252,79.59,11.51,578.409,0
"Leone",2011-08-11,2011,223,4.1,0,"low",32.1,0,0.031,74.64,6.39,578.37,0
"Leone",2011-08-12,2011,224,14.3,0,"low",4.1,0,0,77.42,2.1,578.252,0
"Leone",2011-08-17,2011,229,6.9,0,"low",9.1,0,0,79.67,3.07,578.422,0
"Leone",2011-08-18,2011,230,120,0,"low",6.9,0,0,81.84,7.25,578.338,0
"Leone",2011-08-19,2011,231,7,0,"low",120,0,0,79.23,3.34,578.409,0
"Leone",2011-08-24,2011,236,8,0,"low",34.7,0.207,0.207,79.25,11.72,577.898,0
"Leone",2011-08-25,2011,237,119.2,0,"low",8,0,0.207,90.74,10.07,578.087,0
"Leone",2011-08-26,2011,238,13.9,0,"low",119.2,0,0,75.79,6.53,578.259,0
"Leone",2011-08-31,2011,243,35,0,"low",24.9,0.007,0.007,80.12,7.53,578.113,0
"Leone",2011-09-01,2011,244,14.8,0,"low",35,0.032,0.039,87.52,7.06,578.181,0
"Leone",2011-09-02,2011,245,21.2,0,"low",14.8,0,0.032,91.97,5.54,578.263,0
"Leone",2012-05-24,2012,145,1.8,0,"low",4,0,0,73.72,5.78,577.847,0
"Leone",2012-05-25,2012,146,1,0,"low",1.8,0,0,84.76,17.99,577.695,0
"Leone",2012-05-31,2012,152,116.6,0,"low",3.2,0,0.003,66.45,7.05,577.868,0
"Leone",2012-06-01,2012,153,142,0,"moderate",116.6,0.765,0.765,53.76,12.55,577.991,0
"Leone",2012-06-06,2012,158,7.4,0,"low",9.6,0,0,63.69,9.4,578.029,0
"Leone",2012-06-07,2012,159,2,0,"low",7.4,0,0,68.65,6.64,577.873,0
"Leone",2012-06-08,2012,160,2.5,0,"low",2,0,0,72.6,2.34,577.767,0
"Leone",2012-06-13,2012,165,9,0,"low",160.8,0,0,77.13,8.11,577.847,0
"Leone",2012-06-14,2012,166,36.8,0,"low",9,0,0,66.31,8.18,577.781,0
"Leone",2012-06-15,2012,167,5.5,0,"low",36.8,0,0,77.52,8.61,577.847,0
"Leone",2012-06-20,2012,172,2,0,"low",2.4,0,0,90.07,17.01,577.656,0
"Leone",2012-06-21,2012,173,2.4,0,"low",2,0,0,90.07,17.07,577.635,0
"Leone",2012-06-22,2012,174,547.4,1,"exceed",2.4,0.013,0.013,82.44,7.44,577.678,0
"Leone",2012-06-23,2012,175,11.9,0,"low",547.4,0,0.013,77.36,2.42,577.778,0
"Leone",2012-06-27,2012,179,8.7,0,"low",101.6,0,0,74.97,6.95,577.866,0
"Leone",2012-06-28,2012,180,16.9,0,"low",8.7,0,0,87.93,13.06,577.697,0
"Leone",2012-06-29,2012,181,30.6,0,"low",16.9,0.022,0.022,96.09,7.9,577.777,0
"Leone",2012-07-11,2012,193,19.5,0,"low",98.3,0,0,77.52,11.17,577.973,0
"Leone",2012-07-12,2012,194,12.5,0,"low",19.5,0,0,80.3,7.87,577.899,0
"Leone",2012-07-13,2012,195,23.2,0,"low",12.5,0,0,86.7,7.71,577.818,0
"Leone",2012-07-18,2012,200,515.4,1,"exceed",6.9,0,0,97.1,10.03,577.557,0
"Leone",2012-07-19,2012,201,79.1,0,"low",515.4,0.342,0.342,83.95,6.55,577.851,0
"Leone",2012-07-20,2012,202,167.1,0,"moderate",79.1,0.606,0.948,79.04,4.01,578.002,0
"Leone",2012-07-25,2012,207,40.1,0,"low",394.2,0.567,0.573,86.82,6.16,577.691,0
"Leone",2012-07-26,2012,208,102.4,0,"low",40.1,0.004,0.57,97.66,9.88,577.568,0
"Leone",2012-07-27,2012,209,17.4,0,"low",102.4,0.29,0.293,89.83,7.03,577.626,0
"Leone",2012-08-01,2012,214,9.1,0,"low",231,0.237,0.257,82.31,3.36,577.69,0
"Leone",2012-08-02,2012,215,2.9,0,"low",9.1,0,0.237,82.99,5.33,577.611,0
"Leone",2012-08-03,2012,216,28.4,0,"low",2.9,0,0,87.21,4.1,577.487,0
"Leone",2012-08-08,2012,221,106.6,0,"low",16.2,0,0,90.91,6.95,577.429,0
"Leone",2012-08-09,2012,222,43.6,0,"low",106.6,0.003,0.003,80.48,9.23,577.633,0
"Leone",2012-08-10,2012,223,376.4,1,"exceed",43.6,0.305,0.308,74.17,9.12,577.712,0
"Leone",2012-08-11,2012,224,72.2,0,"low",376.4,0.191,0.496,72.11,16.75,578.254,0
"Leone",2012-08-15,2012,228,24,0,"low",5.1,0.003,0.29,76.84,1.02,577.66,0
"Leone",2012-08-16,2012,229,47.6,0,"low",24,0,0.003,84.39,5.28,577.546,0
"Leone",2012-08-17,2012,230,136.2,0,"moderate",47.6,0.282,0.282,75.1,8.6,577.427,0
"Leone",2012-08-22,2012,235,36.9,0,"low",5.5,0,0.248,74.61,1.77,577.366,0
"Leone",2012-08-23,2012,236,68,0,"low",36.9,0,0,80.06,7.03,577.252,0
"Leone",2012-08-24,2012,237,22.6,0,"low",68,0.018,0.018,87.04,9.34,577.205,0
"Leone",2012-08-29,2012,242,81.9,0,"low",16.5,0,0.007,78.72,4,577.305,0
"Leone",2012-08-30,2012,243,10.9,0,"low",81.9,0,0,78.7,6.27,577.268,0
"Leone",2012-08-31,2012,244,2,0,"low",10.9,0,0,88.13,11.92,576.952,0
"Leone",2013-05-23,2013,143,2420,1,"exceed",2.4,0.859,1.066,71.36,4.56,577.623,0
"Leone",2013-05-24,2013,144,93.5,0,"low",2420,0.05,0.91,53.56,19.86,578.166,0
"Leone",2013-05-30,2013,150,3.5,0,"low",4.6,0.013,0.357,79.95,7.66,577.632,0
"Leone",2013-05-31,2013,151,3.5,0,"low",3.5,0.34,0.353,79.83,16.32,577.582,0
"Leone",2013-06-05,2013,156,14.5,0,"low",3.5,0,0,64.65,5.3,577.762,0
"Leone",2013-06-06,2013,157,55.5,0,"low",14.5,0.007,0.007,65.56,6.95,577.928,0
"Leone",2013-06-07,2013,158,36.7,0,"low",55.5,0.174,0.181,58.79,9.39,577.971,0
"Leone",2013-06-12,2013,163,473.4,1,"exceed",1,0.133,0.283,78.37,3.14,577.747,0
"Leone",2013-06-13,2013,164,106.4,0,"low",473.4,0.393,0.526,75.67,2.4,577.887,0
"Leone",2013-06-14,2013,165,55.3,0,"low",106.4,0.031,0.424,66.03,12.63,578.018,0
"Leone",2013-06-19,2013,170,24.4,0,"low",76.3,0,0.041,63.85,13.72,578.197,0
"Leone",2013-06-20,2013,171,5.9,0,"low",24.4,0,0,68.3,6.05,577.927,0
"Leone",2013-06-21,2013,172,92.2,0,"low",5.9,0,0,78.73,7.4,577.877,0
"Leone",2013-06-26,2013,177,101.5,0,"low",23.5,0.045,0.327,83.78,5.61,577.835,0
"Leone",2013-06-27,2013,178,19.7,0,"low",101.5,1.219,1.264,77.92,4.33,577.893,0
"Leone",2013-06-28,2013,179,17.1,0,"low",19.7,0.562,1.781,86,4.37,577.911,0
"Leone",2013-07-03,2013,184,24.3,0,"low",36.3,0,0,64.23,12.12,578.215,0
"Leone",2013-07-10,2013,191,73.9,0,"low",72.7,0.01,0.249,83.71,7.08,577.957,0
"Leone",2013-07-11,2013,192,38.1,0,"low",73.9,0,0.01,80.7,4.33,577.85,0
"Leone",2013-07-12,2013,193,92,0,"low",38.1,0,0,75.69,5.24,577.914,0
"Leone",2013-07-17,2013,198,35,0,"low",9.4,0.003,0.044,88.33,5.92,577.91,0
"Leone",2013-07-18,2013,199,7.7,0,"low",35,0,0.003,89.11,4.5,577.791,0
"Leone",2013-07-19,2013,200,2,0,"low",7.7,0,0,93.31,7.72,577.741,0
"Leone",2013-07-24,2013,205,74.5,0,"low",14.3,0.024,0.028,79.97,8.63,578.108,0
"Leone",2013-07-25,2013,206,19.5,0,"low",74.5,0,0.024,68.49,11,577.943,0
"Leone",2013-07-26,2013,207,44.9,0,"low",19.5,0,0,75.74,1.63,577.821,0
"Leone",2013-07-31,2013,212,17.2,0,"low",4.1,0.028,0.028,72.1,6.19,577.825,0
"Leone",2013-08-01,2013,213,10.7,0,"low",17.2,0.157,0.184,74.34,1.11,577.864,0
"Leone",2013-08-02,2013,214,8.9,0,"low",10.7,0.003,0.16,76.07,5.52,577.818,0
"Leone",2013-08-07,2013,219,85.7,0,"low",16.5,0.021,0.048,81.09,8.43,577.758,0
"Leone",2013-08-08,2013,220,214.7,0,"moderate",85.7,0.01,0.031,84.18,2.44,577.949,0
"Leone",2013-08-09,2013,221,17.9,0,"low",214.7,0,0.01,73.81,10.46,577.943,0
"Leone",2013-08-14,2013,226,73.8,0,"low",1177.2,0,0.526,69.75,12.35,578.078,0
"Leone",2013-08-15,2013,227,61.7,0,"low",73.8,0,0,67.14,6.09,577.859,0
"Leone",2013-08-16,2013,228,50.4,0,"low",61.7,0,0,72.64,4.92,577.698,0
"Leone",2013-08-21,2013,233,25,0,"low",15.5,0,0,85.49,7.63,577.648,0
"Leone",2013-08-22,2013,234,85,0,"low",25,0.009,0.009,88.31,10.25,577.654,0
"Leone",2013-08-23,2013,235,43.3,0,"low",85,0.212,0.221,78.17,2.88,577.695,0
"Leone",2013-08-28,2013,240,868.7,1,"exceed",11.4,0,0,92.99,12.84,577.68,0
"Leone",2013-08-29,2013,241,18,0,"low",868.7,0,0,84.67,6.97,577.875,0
"Leone",2013-08-30,2013,242,12.5,0,"low",18,0,0,79.9,3.06,577.822,0
"Leone",2014-05-22,2014,142,3.5,0,"low",5.2,0.268,0.517,77.22,1.32,578.717,0
"Leone",2014-05-23,2014,143,4,0,"low",3.5,0,0.268,63.19,5.23,578.625,0
"Leone",2014-05-29,2014,149,51.2,0,"low",1160.8,0.192,0.316,61.01,8.78,578.878,0
"Leone",2014-05-30,2014,150,1.4,0,"low",51.2,0,0.192,64.58,8.2,578.922,0
"Leone",2014-06-04,2014,155,15.6,0,"low",17.1,0,0.13,75.81,5.73,578.649,0
"Leone",2014-06-05,2014,156,19.4,0,"low",15.6,0.124,0.124,67.45,7.08,578.836,0
"Leone",2014-06-06,2014,157,1,0,"low",19.4,0,0.124,67.62,5.22,578.784,0
"Leone",2014-06-11,2014,162,48,0,"low",22.2,0.62,0.62,59.77,9.83,579.007,0
"Leone",2014-06-18,2014,169,54.5,0,"low",90.6,0.003,0.003,85.12,11.11,578.796,0
"Leone",2014-06-19,2014,170,101.1,0,"low",54.5,0.205,0.208,80.85,3.24,579.096,0
"Leone",2014-06-20,2014,171,77.9,0,"low",101.1,0.284,0.489,71.15,6.03,579.167,0
"Leone",2014-06-25,2014,176,74.5,0,"low",19.2,0.688,0.819,78.7,1.43,579.042,0
"Leone",2014-06-26,2014,177,73.7,0,"low",74.5,0.009,0.697,68.87,7.47,579.183,0
"Leone",2014-06-27,2014,178,21.9,0,"low",73.7,0,0.009,67.68,5.77,579.117,0
"Leone",2014-07-02,2014,183,28.6,0,"low",106.4,0.054,2.086,79.68,12.43,578.823,1
"Leone",2014-07-03,2014,184,103.5,0,"low",28.6,0.101,0.155,72.03,6.65,578.957,0
"Leone",2014-07-09,2014,190,2.4,0,"low",8.4,0.303,0.71,80.24,10.74,579.037,0
"Leone",2014-07-10,2014,191,9.4,0,"low",2.4,0,0.303,73.45,3.8,579.036,0
"Leone",2014-07-11,2014,192,68.6,0,"low",9.4,0,0,72.36,5.97,579.09,0
"Leone",2014-07-16,2014,197,8.9,0,"low",579.6,0.061,0.358,67.97,11.03,579.219,0
"Leone",2014-07-17,2014,198,9.8,0,"low",8.9,0.003,0.064,67.62,4.14,579.122,0
"Leone",2014-07-18,2014,199,2.2,0,"low",9.8,0,0.003,72.45,4.56,579.121,0
"Leone",2014-07-23,2014,204,950,1,"exceed",2,0.007,0.007,87.49,11.95,578.974,0
"Leone",2014-07-24,2014,205,76,0,"low",950,0.01,0.017,74.89,18.08,579.474,0
"Leone",2014-07-25,2014,206,21,0,"low",76,0,0.01,69.49,7.31,579.242,0
"Leone",2014-07-30,2014,211,18,0,"low",98.2,0.075,0.075,73.64,3.5,579.144,0
"Leone",2014-07-31,2014,212,21.2,0,"low",18,0,0.075,71.87,2.54,579.143,0
"Leone",2014-08-01,2014,213,8.4,0,"low",21.2,0.01,0.01,82.13,8.37,579.062,0
"Leone",2014-08-06,2014,218,106.5,0,"low",39.2,0.229,1.73,74.49,3.04,579.265,0
"Leone",2014-08-07,2014,219,78.5,0,"low",106.5,0,0.229,74.45,6.34,579.249,0
"Leone",2014-08-08,2014,220,46.8,0,"low",78.5,0,0,75.81,7.85,579.216,0
"Leone",2014-08-13,2014,225,128.9,0,"moderate",460.7,0.026,0.876,69.78,11.59,579.486,0
"Leone",2014-08-14,2014,226,37.3,0,"low",128.9,0,0.026,77.98,4,579.225,0
"Leone",2014-08-15,2014,227,7.7,0,"low",37.3,0,0,67.39,8.62,579.275,0
"Leone",2014-08-20,2014,232,10.1,0,"low",8.5,0.233,0.233,84.53,11.23,579.32,0
"Leone",2014-08-21,2014,233,79.5,0,"low",10.1,0,0.233,84.88,7.85,579.33,0
"Leone",2014-08-22,2014,234,121,0,"low",79.5,0.992,0.992,76.93,5.63,579.35,0
"Leone",2014-08-27,2014,239,8,0,"low",12.2,0.027,0.523,79.53,0.75,579.28,0
"Leone",2014-08-28,2014,240,28.8,0,"low",8,0,0.027,75.71,6.83,579.262,0
"Leone",2014-08-29,2014,241,10.2,0,"low",28.8,0.006,0.006,72.63,9.01,579.322,0
"Leone",2014-09-04,2014,247,6.9,0,"low",7.7,0,0.011,80.76,5.24,579.106,0
"Leone",2014-09-05,2014,248,1.4,0,"low",6.9,0.176,0.176,83.88,13.09,578.948,0
"Leone",2015-05-21,2015,141,2.4,0,"low",39,0.044,0.044,45.68,8.48,579.495,0
"Leone",2015-05-22,2015,142,1.4,0,"low",2.4,0,0.044,66.5,7.92,579.462,0
"Leone",2015-05-28,2015,148,1,0,"low",1,0.114,0.602,70.98,8.7,579.525,0
"Leone",2015-05-29,2015,149,4.2,0,"low",1,0,0.114,76.17,6.43,579.607,0
"Leone",2015-06-03,2015,154,4.5,0,"low",27.1,0,0,63.24,4.39,579.794,0
"Leone",2015-06-04,2015,155,1,0,"low",4.5,0,0,70.69,7.11,579.82,0
"Leone",2015-06-05,2015,156,24.5,0,"low",1,0,0,77.37,8.05,579.79,0
"Leone",2015-06-10,2015,161,1,0,"low",2,0,0.114,82.92,7.24,579.718,0
"Leone",2015-06-11,2015,162,12,0,"low",1,0.027,0.027,91.2,7.75,579.761,0
"Leone",2015-06-12,2015,163,20.8,0,"low",12,0.128,0.156,67.89,6.05,579.944,0
"Leone",2015-06-17,2015,168,164.8,0,"moderate",11.5,0.006,1.074,70.64,9.46,580.016,1
"Leone",2015-06-18,2015,169,1,0,"low",164.8,0.147,0.153,65.13,2.85,580.048,0
"Leone",2015-06-19,2015,170,30.9,0,"low",1,0.17,0.317,79.82,5.88,580.048,0
"Leone",2015-06-24,2015,175,12.6,0,"low",7.5,0,0.026,76.29,4.62,580.017,0
"Leone",2015-06-25,2015,176,46.5,0,"low",12.6,0,0,76.45,5.12,579.875,0
"Leone",2015-06-26,2015,177,110,0,"low",46.5,0.543,0.543,75.92,0.56,580.153,0
"Leone",2015-07-01,2015,182,52,0,"low",9.8,0.124,0.361,72.02,3.84,580.06,0
"Leone",2015-07-02,2015,183,19,0,"low",52,0,0.124,61.81,7.99,580.091,0
"Leone",2015-07-08,2015,189,122.3,0,"low",727,0.348,0.717,72.18,11.9,580.256,0
"Leone",2015-07-09,2015,190,108.7,0,"low",122.3,0.038,0.386,63.18,7.01,580.11,0
"Leone",2015-07-10,2015,191,21.4,0,"low",108.7,0.015,0.053,68.73,6.01,580.118,0
"Leone",2015-07-15,2015,196,219.4,0,"moderate",4.5,0,0.494,76.5,9.83,580.248,0
"Leone",2015-07-16,2015,197,63.4,0,"low",219.4,0,0,68.83,9.68,580.217,0
"Leone",2015-07-17,2015,198,14.5,0,"low",63.4,0.607,0.607,73.17,6.56,580.058,0
"Leone",2015-07-22,2015,203,27.2,0,"low",38.4,0,0,75.59,6.44,579.976,0
"Leone",2015-07-23,2015,204,7.7,0,"low",27.2,0,0,76.83,1.48,579.948,0
"Leone",2015-07-24,2015,205,16.2,0,"low",7.7,0,0,79.02,2.99,579.985,0
"Leone",2015-07-29,2015,210,6,0,"low",23.5,0,0,84.58,5.31,580.004,0
"Leone",2015-07-30,2015,211,11.8,0,"low",6,0.021,0.021,85.66,7.66,579.91,0
"Leone",2015-07-31,2015,212,2,0,"low",11.8,0,0.021,86.43,11.42,579.79,0
"Leone",2015-08-05,2015,217,18,0,"low",7.3,0,0.677,79.73,3.99,579.96,0
"Leone",2015-08-06,2015,218,84.6,0,"low",18,0,0,77.75,4.4,580.036,0
"Leone",2015-08-07,2015,219,24.4,0,"low",84.6,0,0,77.21,8.54,580.113,0
"Leone",2015-08-12,2015,224,87.4,0,"low",115.9,0,0.28,76.17,6.1,580.042,0
"Leone",2015-08-13,2015,225,12,0,"low",87.4,0,0,74.73,4.65,579.88,0
"Leone",2015-08-14,2015,226,40.4,0,"low",12,0,0,83.06,10.29,579.753,0
"Leone",2015-08-19,2015,231,27.7,0,"low",68.5,0.523,0.771,81.11,9.75,579.95,0
"Leone",2015-08-20,2015,232,54.9,0,"low",27.7,0.021,0.543,75.18,14.47,579.717,0
"Leone",2015-08-21,2015,233,101,0,"low",54.9,0,0.021,73.01,14.7,579.684,0
"Leone",2015-08-26,2015,238,53.9,0,"low",20.5,0,0,67.14,5.5,579.697,0
"Leone",2015-08-27,2015,239,20.4,0,"low",53.9,0,0,64.39,5.2,579.754,0
"Leone",2015-08-28,2015,240,19,0,"low",20.4,0,0,70.17,1.29,579.792,0
"Leone",2015-09-02,2015,245,2.4,0,"low",7.2,0,0,87.85,9.64,579.762,0
"Leone",2015-09-03,2015,246,249.8,1,"exceed",2.4,0,0,88.93,6.95,579.77,0
"Leone",2015-09-04,2015,247,52.7,0,"low",249.8,0,0,89.53,5.49,579.905,0
"Leone",2016-06-02,2016,154,1,0,"low",120,0.31,0.756,74.97,1.72,580.465,0
"Leone",2016-06-03,2016,155,3,0,"low",1,0,0.31,75.78,3.23,580.335,0
"Leone",2016-06-08,2016,160,14,0,"low",208.1,0,0.018,63.05,8.16,580.418,0
"Leone",2016-06-09,2016,161,3.9,0,"low",14,0,0,62.73,3.33,580.28,0
"Leone",2016-06-10,2016,162,12.6,0,"low",3.9,0.122,0.122,69.82,6.37,580.367,0
"Leone",2016-06-15,2016,167,23.2,0,"low",22.6,0,0.007,79.14,7.12,580.531,0
"Leone",2016-06-16,2016,168,3.5,0,"low",23.2,0.3,0.3,84.89,6.37,580.513,0
"Leone",2016-06-17,2016,169,94.6,0,"low",3.5,0,0.3,82.18,10.87,580.684,0
"Leone",2016-06-22,2016,174,90,0,"low",13,0,0.003,78.91,4.28,580.311,0
"Leone",2016-06-23,2016,175,71.6,0,"low",90,0.804,0.804,74.97,3.88,580.435,0
"Leone",2016-06-24,2016,176,94.7,0,"low",71.6,0,0.804,72.05,7.71,580.579,0
"Leone",2016-06-29,2016,181,55.7,0,"low",150.6,0,0,70.69,12.09,580.589,0
"Leone",2016-06-30,2016,182,2,0,"low",55.7,0,0,73.96,2.56,580.371,0
"Leone",2016-07-01,2016,183,116.7,0,"low",2,0,0,76.8,8.83,580.284,0
"Leone",2016-07-07,2016,189,1.4,0,"low",20.3,0.969,0.969,84.8,6.99,580.282,0
"Leone",2016-07-08,2016,190,14,0,"low",1.4,0.175,1.144,79.73,1.99,580.371,0
"Leone",2016-07-13,2016,195,2.4,0,"low",2,0,0,87.68,13.44,580.23,0
"Leone",2016-07-14,2016,196,1.4,0,"low",2.4,0.16,0.16,83.6,10.01,580.112,0
"Leone",2016-07-15,2016,197,34.5,0,"low",1.4,0,0.16,85.96,14.09,580.105,0
"Leone",2016-07-20,2016,202,50.4,0,"low",26.7,0,0.137,81.97,3.03,580.308,0
"Leone",2016-07-21,2016,203,2.8,0,"low",50.4,0,0,85.41,5.91,580.289,0
"Leone",2016-07-22,2016,204,16.5,0,"low",2.8,0.497,0.497,88.41,6.41,580.039,0
"Leone",2016-07-26,2016,208,31,0,"low",4.2,0,0.461,82.38,1.07,580.19,0
"Leone",2016-07-27,2016,209,7.7,0,"low",31,0,0,83.21,3.12,580.223,0
"Leone",2016-07-28,2016,210,41.6,0,"low",7.7,0,0,84.61,2.77,580.259,0
"Leone",2016-07-29,2016,211,36.4,0,"low",41.6,0.183,0.183,79.8,3.42,580.394,0
"Leone",2016-08-03,2016,216,70.1,0,"low",118.1,0,0,81.94,5.68,580.397,0
"Leone",2016-08-04,2016,217,85.3,0,"low",70.1,0,0,85.38,5.17,580.364,0
"Leone",2016-08-05,2016,218,27.1,0,"low",85.3,0,0,88.3,6.27,580.276,0
"Leone",2016-08-10,2016,223,8.7,0,"low",11.8,0,0,83.92,5.71,580.18,0
"Leone",2016-08-11,2016,224,23.5,0,"low",8.7,0,0,84.71,3.8,580.164,0
"Leone",2016-08-12,2016,225,40,0,"low",23.5,0,0,90.96,10.58,580.105,0
"Leone",2016-08-17,2016,230,12.2,0,"low",124.9,0.045,0.079,81.6,2.44,580.308,0
"Leone",2016-08-18,2016,231,21.4,0,"low",12.2,0.018,0.063,85.39,5.18,580.249,0
"Leone",2016-08-19,2016,232,18.5,0,"low",21.4,0.601,0.619,84.49,7.81,580.213,0
"Leone",2016-08-24,2016,237,51.8,0,"low",2.4,0,0,79.42,12.23,579.918,0
"Leone",2016-08-31,2016,244,326.9,1,"exceed",53.3,0.106,0.29,81.72,1.24,580.223,0
"Leone",2016-09-01,2016,245,161.5,0,"moderate",326.9,0,0.106,74.43,12.54,580.489,0
"Leone",2016-09-02,2016,246,120.2,0,"low",161.5,0,0,71.53,13.77,580.577,0
"Montrose",2006-05-25,2006,145,112.1,0,"low",2.5,0.409,0.409,77.54,11.84,577.846,0
"Montrose",2006-05-26,2006,146,71.1,0,"low",112.1,0.176,0.585,73.29,10.28,577.922,0
"Montrose",2006-06-01,2006,152,48,0,"low",7.8,0,0.42,72.81,6.97,578.078,0
"Montrose",2006-06-02,2006,153,81,0,"low",48,0,0,72.53,7.77,578.091,0
"Montrose",2006-06-07,2006,158,34.5,0,"low",33.3,0,0,81.83,10.66,577.94,0
"Montrose",2006-06-08,2006,159,1,0,"low",34.5,0,0,78.32,4.56,578.118,0
"Montrose",2006-06-09,2006,160,1,0,"low",1,0,0,79.48,5.72,578.066,0
"Montrose",2006-06-14,2006,165,7.1,0,"low",1,0,0,70.29,5.56,578.077,0
"Montrose",2006-06-15,2006,166,50.4,0,"low",7.1,0.007,0.007,77.27,7.17,578.113,0
"Montrose",2006-06-16,2006,167,28.5,0,"low",50.4,0,0.007,85.74,4.69,578.093,0
"Montrose",2006-06-21,2006,172,335.3,1,"exceed",52.4,0,0,79.53,3.62,578.005,0
"Montrose",2006-06-22,2006,173,55,0,"low",335.3,0.052,0.052,86.03,8.91,577.913,0
"Montrose",2006-06-23,2006,174,2,0,"low",55,0.168,0.22,79.89,3.88,578.022,0
"Montrose",2006-06-28,2006,179,5,0,"low",107.2,0.003,0.804,76.93,4.45,578.035,0
"Montrose",2006-06-29,2006,180,1.8,0,"low",5,0.381,0.384,75.54,6.17,578.013,0
"Montrose",2006-06-30,2006,181,50.6,0,"low",1.8,0,0.381,76.93,3.37,577.952,0
"Montrose",2006-07-12,2006,193,7.8,0,"low",15,0.188,0.235,74.21,5.28,578.091,0
"Montrose",2006-07-13,2006,194,48.9,0,"low",7.8,0.004,0.192,74.78,11.46,578.161,0
"Montrose",2006-07-14,2006,195,18.4,0,"low",48.9,0,0.004,80.56,6.36,578.034,0
"Montrose",2006-07-19,2006,200,135.4,0,"moderate",2419.6,0.04,0.206,80.39,12.68,578.065,0
"Montrose",2006-07-20,2006,201,2419.6,1,"exceed",135.4,0.003,0.044,87.6,7.03,578.016,0
"Montrose",2006-07-21,2006,202,69.3,0,"low",2419.6,0.837,0.841,80.58,3.22,577.928,0
"Montrose",2006-07-26,2006,207,160.8,0,"moderate",46.2,0,0.003,89.28,11.24,577.764,0
"Montrose",2006-07-27,2006,208,447.3,1,"exceed",160.8,0.068,0.068,84.05,10.14,577.861,0
"Montrose",2006-07-28,2006,209,385.4,1,"exceed",447.3,0.007,0.076,85.54,4.39,577.947,0
"Montrose",2006-08-02,2006,214,49.4,0,"low",34,0.041,0.041,96.87,11.25,577.792,0
"Montrose",2006-08-03,2006,215,2419.6,1,"exceed",49.4,0.275,0.316,95.82,12.42,577.893,0
"Montrose",2006-08-04,2006,216,563.1,1,"exceed",2419.6,0.386,0.661,80.46,4.04,578.06,0
"Montrose",2006-08-09,2006,221,255,1,"exceed",196.2,0,0,79.26,9.71,578.109,0
"Montrose",2006-08-10,2006,222,285.2,1,"exceed",255,0.041,0.041,82.24,5.56,577.977,0
"Montrose",2006-08-11,2006,223,187,0,"moderate",285.2,0.168,0.209,76.88,5.97,578.171,0
"Montrose",2006-08-16,2006,228,166.9,0,"moderate",90.5,0,0,80.08,2.55,577.826,0
"Montrose",2006-08-17,2006,229,4,0,"low",166.9,0,0,80.17,5.96,577.919,0
"Montrose",2006-08-18,2006,230,35,0,"low",4,0.068,0.068,82.17,5.2,577.95,0
"Montrose",2006-08-23,2006,235,40.9,0,"low",460.5,0,0,83.38,2.56,577.883,0
"Montrose",2006-08-24,2006,236,447.6,1,"exceed",40.9,0,0,86.63,4.27,577.925,0
"Montrose",2006-08-25,2006,237,793.6,1,"exceed",447.6,0.655,0.655,82.54,7.18,577.945,0
"Montrose",2006-08-30,2006,242,123.2,0,"low",230.5,0.064,0.573,68.62,9.07,578.246,0
"Montrose",2006-08-31,2006,243,52.4,0,"low",123.2,0.011,0.075,72.11,10.68,578.4,0
"Montrose",2006-09-01,2006,244,154.7,0,"moderate",52.4,0,0.011,72.54,11.91,578.358,0
"Montrose",2007-05-30,2007,150,6.2,0,"low",60.1,0,0,83.39,7.23,577.877,0
"Montrose",2007-05-31,2007,151,128.7,0,"moderate",6.2,0,0,85.86,10.1,577.828,0
"Montrose",2007-06-01,2007,152,1082.4,1,"exceed",128.7,0.085,0.085,76.53,8.86,577.775,0
"Montrose",2007-06-02,2007,153,1234,1,"exceed",1082.4,0.066,0.151,80.76,5.39,577.798,0
"Montrose",2007-06-03,2007,154,316.7,1,"exceed",1234,0,0.066,80,6.52,577.78,0
"Montrose",2007-06-04,2007,155,58.4,0,"low",316.7,0.039,0.039,75.05,4,577.827,0
"Montrose",2007-06-05,2007,156,226.7,0,"moderate",58.4,0.219,0.258,65.67,7.28,577.921,0
"Montrose",2007-06-06,2007,157,124.8,0,"low",226.7,0.296,0.515,66.92,8.35,577.92,0
"Montrose",2007-06-07,2007,158,92.1,0,"low",124.8,0.003,0.3,84.04,9.56,577.75,0
"Montrose",2007-06-08,2007,159,1.8,0,"low",92.1,0,0.003,90.52,21.19,577.59,0
"Montrose",2007-06-13,2007,164,261.9,1,"exceed",396.3,0,0,78.01,7.59,577.911,0
"Montrose",2007-06-14,2007,165,79.2,0,"low",261.9,0,0,80.8,6.36,577.919,0
"Montrose",2007-06-15,2007,166,516.9,1,"exceed",79.2,0,0,83.39,5.25,577.939,0
"Montrose",2007-06-20,2007,171,985,1,"exceed",224.9,0.521,0.758,79.16,10.67,577.746,0
"Montrose",2007-06-21,2007,172,902.1,1,"exceed",985,0,0.521,81.43,3.65,577.675,0
"Montrose",2007-06-22,2007,173,67,0,"low",902.1,0,0,75.2,2.8,577.785,0
"Montrose",2007-06-27,2007,178,30.7,0,"low",78.4,0.076,0.076,88.1,6.48,577.738,0
"Montrose",2007-06-28,2007,179,220.9,0,"moderate",30.7,0.167,0.243,88.26,7.28,577.706,0
"Montrose",2007-06-29,2007,180,866.4,1,"exceed",220.9,0,0.167,73.94,11.83,578.045,0
"Montrose",2007-07-04,2007,185,132.5,0,"moderate",30.2,0.017,0.017,80.99,7.44,577.696,0
"Montrose",2007-07-05,2007,186,45,0,"low",132.5,0.356,0.373,81.22,4.22,577.806,0
"Montrose",2007-07-06,2007,187,1938.5,1,"exceed",45,0,0.356,83.71,3.93,577.759,0
"Montrose",2007-07-07,2007,188,91.1,0,"low",1938.5,0,0,80.65,2.79,577.738,0
"Montrose",2007-07-11,2007,192,2419.6,1,"exceed",143.1,0.249,0.35,87.05,7.97,577.716,0
"Montrose",2007-07-12,2007,193,15.2,0,"low",2419.6,0,0.249,76.79,8.14,577.669,0
"Montrose",2007-07-13,2007,194,410.5,1,"exceed",15.2,0,0,78.01,10.96,577.625,0
"Montrose",2007-07-18,2007,199,19.2,0,"low",164.1,0.127,0.127,80.99,5.21,577.769,0
"Montrose",2007-07-19,2007,200,73,0,"low",19.2,0.363,0.49,83.77,8.61,577.683,0
"Montrose",2007-07-20,2007,201,262.9,1,"exceed",73,0.174,0.537,76.93,6.65,577.95,0
"Montrose",2007-07-25,2007,206,61.3,0,"low",13.1,0,0,79.09,1.93,577.688,0
"Montrose",2007-07-26,2007,207,89.6,0,"low",61.3,0,0,82.01,6.05,577.674,0
"Montrose",2007-07-27,2007,208,76.6,0,"low",89.6,0.39,0.39,80.49,7.54,577.661,0
"Montrose",2007-08-01,2007,213,42.6,0,"low",4,0,0,86.68,2.44,577.675,0
"Montrose",2007-08-02,2007,214,4.6,0,"low",42.6,0,0,88.72,2.6,577.682,0
"Montrose",2007-08-03,2007,215,43.2,0,"low",4.6,0,0,88.96,6.19,577.563,0
"Montrose",2007-08-08,2007,220,12.9,0,"low",286.6,0.734,0.847,91.29,5.39,577.645,0
"Montrose",2007-08-09,2007,221,30.2,0,"low",12.9,0.173,0.907,83.03,4.16,577.665,0
"Montrose",2007-08-10,2007,222,50.3,0,"low",30.2,0.081,0.254,83.29,1.65,577.71,0
"Montrose",2007-08-15,2007,227,145.7,0,"moderate",2419.6,0.326,0.326,83.12,7.24,577.495,0
"Montrose",2007-08-16,2007,228,190.6,0,"moderate",145.7,0.45,0.775,78.84,4.95,577.561,0
"Montrose",2007-08-17,2007,229,22.9,0,"low",190.6,0,0.45,74.57,4.78,577.507,0
"Montrose",2007-08-22,2007,234,43.8,0,"low",346.3,0.007,0.626,81.23,4.58,577.727,0
"Montrose",2007-08-23,2007,235,39.4,0,"low",43.8,0.508,0.515,88.12,5.04,577.464,0
"Montrose",2007-08-24,2007,236,51.4,0,"low",39.4,1.389,1.897,86.5,10.14,577.425,1
"Montrose",2007-08-25,2007,237,338.2,1,"exceed",51.4,0.23,1.619,78.75,6.29,577.509,1
"Montrose",2007-08-26,2007,238,157.4,0,"moderate",338.2,0.298,0.528,74.33,2.91,577.618,0
"Montrose",2007-08-27,2007,239,243.7,1,"exceed",157.4,0,0.298,74.2,1.74,577.588,0
"Montrose",2007-08-28,2007,240,18.5,0,"low",243.7,0,0,85.14,6.74,577.524,0
"Montrose",2007-08-29,2007,241,66.4,0,"low",18.5,0,0,90.63,7.72,577.484,0
"Montrose",2007-08-30,2007,242,461.1,1,"exceed",66.4,0,0,80.29,3.64,577.699,0
"Montrose",2007-08-31,2007,243,85.3,0,"low",461.1,0,0,71.88,11.88,577.78,0
"Montrose",2008-05-29,2008,150,144.3,0,"moderate",156.1,0,0,58.41,8.65,577.973,0
"Montrose",2008-05-30,2008,151,944.8,1,"exceed",144.3,0.073,0.073,67.25,2.67,577.753,0
"Montrose",2008-05-31,2008,152,511.4,1,"exceed",944.8,0.259,0.333,75.5,8.47,577.785,0
"Montrose",2008-06-01,2008,153,81.5,0,"low",511.4,0,0.259,78.04,9.53,577.862,0
"Montrose",2008-06-02,2008,154,44.4,0,"low",81.5,0,0,71.32,5.15,577.695,0
"Montrose",2008-06-03,2008,155,119.8,0,"low",44.4,0,0,80.71,2,577.827,0
"Montrose",2008-06-04,2008,156,74.1,0,"low",119.8,0.362,0.362,67.5,6.14,577.949,0
"Montrose",2008-06-05,2008,157,634.5,1,"exceed",74.1,0,0.362,68.08,6.6,578.065,0
"Montrose",2008-06-06,2008,158,12.7,0,"low",634.5,0.43,0.43,85.23,14.13,577.936,0
"Montrose",2008-06-11,2008,163,47.4,0,"low",14.9,0.005,0.857,79.63,9.9,577.908,0
"Montrose",2008-06-12,2008,164,2419.6,1,"exceed",47.4,0,0.005,82.82,14.11,578.155,0
"Montrose",2008-06-13,2008,165,2419.6,1,"exceed",2419.6,0,0,86.01,21.3,578.215,0
"Montrose",2008-06-14,2008,166,9.5,0,"low",2419.6,0.249,0.249,80.58,14.74,578.211,0
"Montrose",2008-06-18,2008,170,32.9,0,"low",7.3,0,0,73.81,10.38,578.079,0
"Montrose",2008-06-19,2008,171,28,0,"low",32.9,0,0,67.17,4.6,578.15,0
"Montrose",2008-06-20,2008,172,6.2,0,"low",28,0.004,0.004,74.48,4.06,578.13,0
"Montrose",2008-06-25,2008,177,94.6,0,"low",21,0,0,75.67,4.88,578.148,0
"Montrose",2008-06-26,2008,178,35.7,0,"low",94.6,0.064,0.064,80.71,10.32,578.1,0
"Montrose",2008-06-27,2008,179,76.5,0,"low",35.7,0.003,0.067,84.76,7.21,578.16,0
"Montrose",2008-07-02,2008,184,27.8,0,"low",8.3,0.013,0.013,81.35,8.61,578.09,0
"Montrose",2008-07-03,2008,185,562.5,1,"exceed",27.8,0.166,0.179,84.86,13.04,578.098,0
"Montrose",2008-07-04,2008,186,1938.3,1,"exceed",562.5,0,0.166,66.76,16.93,578.525,0
"Montrose",2008-07-05,2008,187,107.7,0,"low",1938.3,0,0,70.41,7.98,578.382,0
"Montrose",2008-07-09,2008,191,42.1,0,"low",182.2,0.226,0.318,82.71,9.41,578.235,0
"Montrose",2008-07-10,2008,192,57.7,0,"low",42.1,0.018,0.244,77.54,5.68,578.223,0
"Montrose",2008-07-11,2008,193,2419.6,1,"exceed",57.7,0.243,0.261,81.2,11.06,578.145,0
"Montrose",2008-07-12,2008,194,613.1,1,"exceed",2419.6,0.135,0.378,81.05,6.36,578.464,0
"Montrose",2008-07-13,2008,195,12,0,"low",613.1,0.381,0.516,79.33,9.06,578.244,0
"Montrose",2008-07-14,2008,196,27.2,0,"low",12,0,0.381,77.47,14.06,578.051,0
"Montrose",2008-07-15,2008,197,106.5,0,"low",27.2,0,0,79.25,2.34,578.169,0
"Montrose",2008-07-16,2008,198,11.7,0,"low",106.5,0,0,88.5,9.17,578.149,0
"Montrose",2008-07-17,2008,199,57.9,0,"low",11.7,0,0,87.84,6.64,578.227,0
"Montrose",2008-07-18,2008,200,41.3,0,"low",57.9,0.073,0.073,87.3,9.95,578.239,0
"Montrose",2008-07-23,2008,205,61,0,"low",159.2,0.022,0.094,71.88,9.96,578.575,0
"Montrose",2008-07-24,2008,206,16.2,0,"low",61,0,0.022,75.05,10.04,578.516,0
"Montrose",2008-07-25,2008,207,51.2,0,"low",16.2,0,0,77.94,1.59,578.37,0
"Montrose",2008-07-30,2008,212,39.5,0,"low",135.4,0.084,0.084,85.66,5.59,578.319,0
"Montrose",2008-07-31,2008,213,83.3,0,"low",39.5,0.015,0.099,83.7,5.8,578.298,0
"Montrose",2008-08-01,2008,214,236.6,1,"exceed",83.3,0.277,0.292,81.35,4.88,578.233,0
"Montrose",2008-08-02,2008,215,359.4,1,"exceed",236.6,0.38,0.658,82.02,0.93,578.348,0
"Montrose",2008-08-03,2008,216,114.2,0,"low",359.4,0,0.38,76.88,9.41,578.488,0
"Montrose",2008-08-04,2008,217,1299.7,1,"exceed",114.2,0.003,0.003,80.25,3.66,578.388,0
"Montrose",2008-08-05,2008,218,2419.6,1,"exceed",1299.7,0.96,0.963,82.19,5.74,578.225,0
"Montrose",2008-08-06,2008,219,562.9,1,"exceed",2419.6,0.033,0.993,81.31,3.08,578.461,0
"Montrose",2008-08-07,2008,220,1021,1,"exceed",562.9,0.004,0.037,79.54,5.65,578.291,0
"Montrose",2008-08-08,2008,221,192.3,0,"moderate",1021,0.004,0.007,76.04,8.77,578.517,0
"Montrose",2008-08-13,2008,226,254.7,1,"exceed",60.2,0.003,0.003,73.22,4.28,578.41,0
"Montrose",2008-08-14,2008,227,27.3,0,"low",254.7,0.129,0.132,73.51,2.55,578.427,0
"Montrose",2008-08-15,2008,228,149.4,0,"moderate",27.3,0,0.129,73.7,8.48,578.574,0
"Montrose",2008-08-20,2008,233,22.8,0,"low",2192.3,0,0,76.54,6.81,578.565,0
"Montrose",2008-08-21,2008,234,15.7,0,"low",22.8,0,0,75.55,7.91,578.485,0
"Montrose",2008-08-22,2008,235,6.2,0,"low",15.7,0,0,78.48,8.22,578.367,0
"Montrose",2008-08-27,2008,240,25.3,0,"low",13.9,0,0,72.55,10.48,578.403,0
"Montrose",2008-08-28,2008,241,7.4,0,"low",25.3,0,0,76.41,5.5,578.309,0
"Montrose",2008-08-29,2008,242,80.6,0,"low",7.4,0.018,0.018,78.5,6.7,578.204,0
"Montrose",2009-05-28,2009,148,2.5,0,"low",16.3,0.248,1.01,62.52,2.1,579.11,0
"Montrose",2009-05-29,2009,149,1,0,"low",2.5,0,0.248,61.23,6.02,578.911,0
"Montrose",2009-06-03,2009,154,23.4,0,"low",255,0.048,0.652,57.86,10.09,579.017,0
"Montrose",2009-06-04,2009,155,6.2,0,"low",23.4,0,0.048,57.94,12.3,579.015,0
"Montrose",2009-06-05,2009,156,4.6,0,"low",6.2,0,0,72.45,6.46,578.901,0
"Montrose",2009-06-10,2009,161,42.1,0,"low",59.7,0.003,0.223,64.67,4.49,579.142,0
"Montrose",2009-06-11,2009,162,12.5,0,"low",42.1,0.018,0.021,63.53,8.15,579.027,0
"Montrose",2009-06-12,2009,163,32.6,0,"low",12.5,0.294,0.312,63.8,10.9,579.194,0
"Montrose",2009-06-17,2009,168,114.9,0,"low",354.3,0.5,0.758,68.66,11.97,579.153,0
"Montrose",2009-06-18,2009,169,43.2,0,"low",114.9,0.006,0.506,75.12,2.78,579.141,0
"Montrose",2009-06-24,2009,175,14.7,0,"low",1304.2,0,0.105,85.85,5.25,579.09,0
"Montrose",2009-06-25,2009,176,102.9,0,"low",14.7,0.039,0.039,88.59,1.27,579.048,0
"Montrose",2009-06-26,2009,177,69.8,0,"low",102.9,0,0.039,85.01,1.41,579.084,0
"Montrose",2009-07-01,2009,182,231.7,0,"moderate",145.2,0,0,67.34,9.68,579.061,0
"Montrose",2009-07-02,2009,183,37.2,0,"low",231.7,0.006,0.006,68.74,7,579.068,0
"Montrose",2009-07-08,2009,189,139.5,0,"moderate",283,0.003,0.003,71.76,5.86,579.018,0
"Montrose",2009-07-09,2009,190,61.3,0,"low",139.5,0.092,0.095,69.24,7.07,579.049,0
"Montrose",2009-07-10,2009,191,57,0,"low",61.3,0,0.092,77.68,5.46,579.128,0
"Montrose",2009-07-15,2009,196,49.5,0,"low",74.5,0,0,76.8,7.2,578.959,0
"Montrose",2009-07-16,2009,197,35,0,"low",49.5,0.442,0.442,84.52,10,578.83,0
"Montrose",2009-07-17,2009,198,776,1,"exceed",35,0.063,0.505,79.98,9.15,578.827,0
"Montrose",2009-07-22,2009,203,134.5,0,"moderate",337.2,0.049,0.049,75.1,5.84,579.032,0
"Montrose",2009-07-23,2009,204,22.6,0,"low",134.5,0,0.049,72.57,2.79,579.107,0
"Montrose",2009-07-24,2009,205,112.1,0,"low",22.6,0.072,0.072,73.19,2.76,579.058,0
"Montrose",2009-07-29,2009,210,95.7,0,"low",112.5,0.025,0.025,81.8,4.7,578.877,0
"Montrose",2009-07-30,2009,211,9.5,0,"low",95.7,0.041,0.066,74.39,5.07,578.896,0
"Montrose",2009-07-31,2009,212,23.5,0,"low",9.5,0.035,0.076,76.99,4.97,578.84,0
"Montrose",2009-08-05,2009,217,387.6,1,"exceed",194.8,0,0.069,78.2,1.11,578.907,0
"Montrose",2009-08-06,2009,218,55.1,0,"low",387.6,0,0,73.05,5.04,578.799,0
"Montrose",2009-08-07,2009,219,376.2,1,"exceed",55.1,0.013,0.013,75.34,1.86,578.84,0
"Montrose",2009-08-12,2009,224,24.4,0,"low",238.2,0,0.003,74.88,6.51,579.043,0
"Montrose",2009-08-13,2009,225,56.3,0,"low",24.4,0,0,77.95,5.2,578.94,0
"Montrose",2009-08-14,2009,226,102.7,0,"low",56.3,0,0,79.89,4.27,578.885,0
"Montrose",2009-08-19,2009,231,32.3,0,"low",355.1,0.162,0.527,81.47,7.7,578.846,0
"Montrose",2009-08-20,2009,232,16.9,0,"low",32.3,0.174,0.336,77.66,4.67,578.865,0
"Montrose",2009-08-21,2009,233,6.7,0,"low",16.9,0.08,0.254,76.35,14.14,578.875,0
"Montrose",2009-08-26,2009,238,356.5,1,"exceed",214.3,0,0,79.13,10.73,578.733,0
"Montrose",2009-08-27,2009,239,75.5,0,"low",356.5,0.997,0.997,73.12,4.77,578.996,0
"Montrose",2009-09-02,2009,245,60.9,0,"low",53.3,0.003,0.003,66.86,5.65,578.965,0
"Montrose",2009-09-03,2009,246,83.9,0,"low",60.9,0,0.003,68.32,4.42,578.963,0
"Montrose",2010-05-27,2010,147,56.3,0,"low",13.6,0,0,76.92,3.81,578.118,0
"Montrose",2010-05-28,2010,148,60.7,0,"low",56.3,0,0,69.04,11.98,578.183,0
"Montrose",2010-06-03,2010,154,55.9,0,"low",2419.6,0.799,0.799,74.64,2.37,578.187,0
"Montrose",2010-06-04,2010,155,141.6,0,"moderate",55.9,0,0.799,69.85,8.11,578.22,0
"Montrose",2010-06-09,2010,160,4.7,0,"low",362.5,0.28,0.283,71.04,10.05,578.131,0
"Montrose",2010-06-10,2010,161,6.9,0,"low",4.7,0,0.28,81.61,10.34,578.265,0
"Montrose",2010-06-11,2010,162,87.1,0,"low",6.9,0,0,76.2,4.27,578.175,0
"Montrose",2010-06-16,2010,167,3.6,0,"low",4.4,0.339,0.398,75.23,1.55,578.43,0
"Montrose",2010-06-17,2010,168,104.5,0,"low",3.6,0,0.339,79.1,6.36,578.48,0
"Montrose",2010-06-18,2010,169,155,0,"moderate",104.5,0,0,76.07,6.62,578.355,0
"Montrose",2010-06-23,2010,174,188.8,0,"moderate",206,0.403,0.597,85.1,7.66,578.446,0
"Montrose",2010-06-24,2010,175,73,0,"low",188.8,0.468,0.871,85.95,11.76,578.17,0
"Montrose",2010-06-25,2010,176,45.4,0,"low",73,0,0.468,75.99,3.46,578.34,0
"Montrose",2010-06-30,2010,181,15.8,0,"low",15,0,0.48,69.46,8.11,578.385,0
"Montrose",2010-07-01,2010,182,28.2,0,"low",15.8,0,0,69.89,4.76,578.399,0
"Montrose",2010-07-02,2010,183,35.4,0,"low",28.2,0,0,75.7,6.33,578.397,0
"Montrose",2010-07-08,2010,189,1565.1,1,"exceed",93.5,0.119,0.156,88.76,4.5,578.271,0
"Montrose",2010-07-09,2010,190,536.9,1,"exceed",1565.1,0.134,0.253,81.46,0.28,578.34,0
"Montrose",2010-07-14,2010,195,419.2,1,"exceed",516.5,0.064,0.068,82.05,5.64,578.445,0
"Montrose",2010-07-15,2010,196,1252.9,1,"exceed",419.2,0,0.064,87.8,8.74,578.348,0
"Montrose",2010-07-16,2010,197,16.7,0,"low",1252.9,0.003,0.003,88.97,6.51,578.358,0
"Montrose",2010-07-21,2010,202,16.7,0,"low",48.7,0,0.003,82.8,6.56,578.354,0
"Montrose",2010-07-22,2010,203,186.4,0,"moderate",16.7,0,0,83.89,2.21,578.33,0
"Montrose",2010-07-23,2010,204,27.5,0,"low",186.4,0.598,0.598,87.64,10.37,578.234,0
"Montrose",2010-07-28,2010,209,18.2,0,"low",184.4,0,0,87.02,6.6,578.336,0
"Montrose",2010-07-29,2010,210,42.3,0,"low",18.2,0,0,87.32,6.07,578.268,0
"Montrose",2010-07-30,2010,211,5.9,0,"low",42.3,0,0,77.65,5.66,578.413,0
"Montrose",2010-08-04,2010,216,2419.6,1,"exceed",275.7,0.475,0.498,81.87,4.12,578.278,0
"Montrose",2010-08-05,2010,217,113.1,0,"low",2419.6,0.491,0.966,79.38,2.91,578.327,0
"Montrose",2010-08-06,2010,218,118.3,0,"low",113.1,0,0.491,81.93,10.68,578.252,0
"Montrose",2010-08-11,2010,223,328.6,1,"exceed",84.9,0,0.188,81.34,3.8,578.372,0
"Montrose",2010-08-12,2010,224,144.4,0,"moderate",328.6,0,0,88.14,2.16,578.417,0
"Montrose",2010-08-13,2010,225,325.5,1,"exceed",144.4,0,0,84.75,2.07,578.441,0
"Montrose",2010-08-18,2010,230,20.7,0,"low",79.1,0,0,75.54,3.71,578.056,0
"Montrose",2010-08-19,2010,231,40.6,0,"low",20.7,0.053,0.053,80.35,2.33,578.04,0
"Montrose",2010-08-20,2010,232,158.4,0,"moderate",40.6,0,0.053,83.59,5.1,578.133,0
"Montrose",2010-08-25,2010,237,31.3,0,"low",31.7,0.003,0.003,79.64,3.23,578.324,0
"Montrose",2010-08-26,2010,238,6.9,0,"low",31.3,0,0.003,77.07,8.79,578.394,0
"Montrose",2010-08-27,2010,239,10.9,0,"low",6.9,0,0,79.68,2.18,578.22,0
"Montrose",2010-09-01,2010,244,563.5,1,"exceed",3.9,0,0,90.15,13.74,577.888,0
"Montrose",2010-09-02,2010,245,624,1,"exceed",563.5,0.141,0.141,80.95,6.97,578.083,0
"Montrose",2010-09-03,2010,246,121.6,0,"low",624,0.764,0.905,81.83,8.35,578.112,0
"Montrose",2011-06-02,2011,153,272.6,1,"exceed",57.6,0,0.053,80.48,13.15,577.848,0
"Montrose",2011-06-03,2011,154,120,0,"low",272.6,0,0,70.37,7.36,578.122,0
"Montrose",2011-06-08,2011,159,60.2,0,"low",30,0,0,94.61,11.91,578.207,0
"Montrose",2011-06-09,2011,160,2419.6,1,"exceed",60.2,0,0,93.82,13.91,578.026,0
"Montrose",2011-06-10,2011,161,517.1,1,"exceed",2419.6,1.174,1.174,68.71,7.18,578.433,0
"Montrose",2011-06-11,2011,162,162.3,0,"moderate",517.1,0.55,1.723,62.02,9.15,578.504,0
"Montrose",2011-06-12,2011,163,1,0,"low",162.3,0.021,0.571,57.88,6.73,578.396,0
"Montrose",2011-06-13,2011,164,14.3,0,"low",1,0,0.021,61.05,8.94,578.248,0
"Montrose",2011-06-14,2011,165,596,1,"exceed",14.3,0,0,64.95,6.85,578.269,0
"Montrose",2011-06-15,2011,166,378.3,1,"exceed",596,0.048,0.048,68.83,7.34,578.393,0
"Montrose",2011-06-16,2011,167,86.4,0,"low",378.3,0.469,0.517,71.38,10.89,578.392,0
"Montrose",2011-06-17,2011,168,23.9,0,"low",86.4,0.024,0.493,75.88,4.39,578.404,0
"Montrose",2011-06-22,2011,173,154.4,0,"moderate",64.5,0.327,0.591,85.8,14.03,578.507,0
"Montrose",2011-06-23,2011,174,61.2,0,"low",154.4,0.064,0.39,72.37,14.49,578.479,0
"Montrose",2011-06-24,2011,175,500.9,1,"exceed",61.2,0.022,0.086,70.16,12.81,578.452,0
"Montrose",2011-06-25,2011,176,34.7,0,"low",500.9,0,0.022,69.24,9.55,578.367,0
"Montrose",2011-06-29,2011,180,52.4,0,"low",15.5,0,0.044,76.38,6.53,578.418,0
"Montrose",2011-06-30,2011,181,23.7,0,"low",52.4,0,0,73.76,2.9,578.346,0
"Montrose",2011-07-01,2011,182,1346.5,1,"exceed",23.7,0,0,83.24,8.99,578.499,0
"Montrose",2011-07-02,2011,183,49.6,0,"low",1346.5,0.015,0.015,84.57,14.82,578.269,0
"Montrose",2011-07-07,2011,188,65.4,0,"low",12.2,0,0,80.71,6.31,578.427,0
"Montrose",2011-07-08,2011,189,8.1,0,"low",65.4,0.026,0.026,75.72,5.58,578.479,0
"Montrose",2011-07-13,2011,194,32.6,0,"low",93.1,0.007,0.386,80.45,5.63,578.425,0
"Montrose",2011-07-14,2011,195,7.8,0,"low",32.6,0,0.007,70.88,12.4,578.567,0
"Montrose",2011-07-15,2011,196,15,0,"low",7.8,0,0,75.56,7.47,578.524,0
"Montrose",2011-07-20,2011,201,79.4,0,"low",52.1,0,0.003,84.49,2.81,578.506,0
"Montrose",2011-07-21,2011,202,5.1,0,"low",79.4,0.077,0.077,97.15,7.15,578.262,0
"Montrose",2011-07-22,2011,203,275.7,1,"exceed",5.1,0.004,0.081,95.49,5.66,578.262,0
"Montrose",2011-07-23,2011,204,143.1,0,"moderate",275.7,0.537,0.541,85.25,3.67,578.352,0
"Montrose",2011-07-24,2011,205,335,1,"exceed",143.1,2.635,3.172,81.54,0.78,578.388,0
"Montrose",2011-07-25,2011,206,67.7,0,"low",335,0.076,2.711,82.59,1.47,578.48,0
"Montrose",2011-07-26,2011,207,98.8,0,"low",67.7,0.007,0.084,80.55,3.28,578.434,1
"Montrose",2011-07-27,2011,208,77.2,0,"low",98.8,0.004,0.011,79.51,4.99,578.367,0
"Montrose",2011-07-28,2011,209,2419.6,1,"exceed",77.2,0.446,0.45,87.16,7.26,578.342,0
"Montrose",2011-07-29,2011,210,45,0,"low",2419.6,0.378,0.824,81.74,3.29,578.504,0
"Montrose",2011-08-03,2011,215,355,1,"exceed",25.2,0.273,0.273,90.97,9.48,578.36,0
"Montrose",2011-08-04,2011,216,70.5,0,"low",355,0,0.273,80.54,8.78,578.64,0
"Montrose",2011-08-05,2011,217,145.7,0,"moderate",70.5,0,0,78,6.42,578.494,0
"Montrose",2011-08-10,2011,222,26.5,0,"low",6.7,0.03,0.26,79.64,11.63,578.409,0
"Montrose",2011-08-11,2011,223,7.3,0,"low",26.5,0,0.03,74.36,6.37,578.37,0
"Montrose",2011-08-12,2011,224,11,0,"low",7.3,0,0,77.18,2.03,578.252,0
"Montrose",2011-08-17,2011,229,100.5,0,"low",44.2,0,0,79.32,3.13,578.422,0
"Montrose",2011-08-18,2011,230,31.9,0,"low",100.5,0,0,81.82,7.3,578.338,0
"Montrose",2011-08-19,2011,231,199.6,0,"moderate",31.9,0,0,78.9,3.4,578.409,0
"Montrose",2011-08-24,2011,236,2.9,0,"low",67.7,0.212,0.212,78.77,11.97,577.898,0
"Montrose",2011-08-25,2011,237,996.2,1,"exceed",2.9,0,0.212,90.63,10.31,578.087,0
"Montrose",2011-08-26,2011,238,163.5,0,"moderate",996.2,0,0,75.37,6.65,578.259,0
"Montrose",2011-08-31,2011,243,22.8,0,"low",72.2,0.007,0.007,79.68,7.72,578.113,0
"Montrose",2011-09-01,2011,244,54.7,0,"low",22.8,0.035,0.042,87.36,7.23,578.181,0
"Montrose",2011-09-02,2011,245,4.1,0,"low",54.7,0,0.035,92.02,5.62,578.263,0
"Montrose",2012-05-24,2012,145,7,0,"low",5.5,0,0,73.08,5.75,577.847,0
"Montrose",2012-05-25,2012,146,191.1,0,"moderate",7,0,0,84.42,18.04,577.695,0
"Montrose",2012-05-26,2012,147,942.3,1,"exceed",191.1,0,0,78.31,1.3,577.686,0
"Montrose",2012-05-27,2012,148,128,0,"moderate",942.3,0.485,0.485,72.14,8.83,577.856,0
"Montrose",2012-05-31,2012,152,71.8,0,"low",52.3,0,0.004,66.74,7.2,577.868,0
"Montrose",2012-06-01,2012,153,1540.3,1,"exceed",71.8,0.774,0.774,53.86,12.92,577.991,0
"Montrose",2012-06-02,2012,154,38.3,0,"low",1540.3,0.044,0.818,58.99,11.97,578.112,0
"Montrose",2012-06-06,2012,158,19.6,0,"low",14.4,0,0,63.37,9.54,578.029,0
"Montrose",2012-06-07,2012,159,12,0,"low",19.6,0,0,68.19,6.71,577.873,0
"Montrose",2012-06-08,2012,160,9.6,0,"low",12,0,0,72.04,2.4,577.767,0
"Montrose",2012-06-13,2012,165,104.6,0,"low",78.6,0,0,77.2,8.15,577.847,0
"Montrose",2012-06-14,2012,166,55.9,0,"low",104.6,0,0,66.21,8.26,577.781,0
"Montrose",2012-06-15,2012,167,175.5,0,"moderate",55.9,0,0,76.95,8.66,577.847,0
"Montrose",2012-06-20,2012,172,5.5,0,"low",164.5,0,0,89.82,17.18,577.656,0
"Montrose",2012-06-21,2012,173,200.2,0,"moderate",5.5,0,0,89.82,17.23,577.635,0
"Montrose",2012-06-22,2012,174,59.9,0,"low",200.2,0.014,0.014,82.33,7.46,577.678,0
"Montrose",2012-06-23,2012,175,17.8,0,"low",59.9,0,0.014,76.87,2.44,577.778,0
"Montrose",2012-06-27,2012,179,33.1,0,"low",68.6,0,0,74.57,7.08,577.866,0
"Montrose",2012-06-28,2012,180,688.7,1,"exceed",33.1,0,0,87.6,13.17,577.697,0
"Montrose",2012-06-29,2012,181,1367.1,1,"exceed",688.7,0.025,0.025,96.01,8.02,577.777,0
"Montrose",2012-06-30,2012,182,1224.2,1,"exceed",1367.1,0.092,0.118,83.31,3.65,577.622,0
"Montrose",2012-07-01,2012,183,214.5,0,"moderate",1224.2,0.086,0.178,86.23,5.65,577.713,0
"Montrose",2012-07-02,2012,184,224.8,0,"moderate",214.5,0.22,0.306,83.24,1.53,577.805,0
"Montrose",2012-07-03,2012,185,71.2,0,"low",224.8,0,0.22,89.67,4.99,577.769,0
"Montrose",2012-07-07,2012,189,75.5,0,"low",473.3,0,0.132,92.74,3.96,577.785,0
"Montrose",2012-07-11,2012,193,60.8,0,"low",135.8,0,0,77.21,11.38,577.973,0
"Montrose",2012-07-12,2012,194,7.3,0,"low",60.8,0,0,79.85,8.02,577.899,0
"Montrose",2012-07-13,2012,195,10.9,0,"low",7.3,0,0,86.46,7.76,577.818,0
"Montrose",2012-07-18,2012,200,118.3,0,"low",182,0,0,96.94,10.13,577.557,0
"Montrose",2012-07-19,2012,201,844.2,1,"exceed",118.3,0.308,0.308,83.57,6.6,577.851,0
"Montrose",2012-07-20,2012,202,96.2,0,"low",844.2,0.641,0.949,78.89,4.02,578.002,0
"Montrose",2012-07-25,2012,207,23,0,"low",2420,0.533,0.541,87.05,6.26,577.691,0
"Montrose",2012-07-26,2012,208,288,1,"exceed",23,0.003,0.537,97.7,10.03,577.568,0
"Montrose",2012-07-27,2012,209,19.4,0,"low",288,0.281,0.284,89.84,7.19,577.626,0
"Montrose",2012-08-01,2012,214,52,0,"low",131.7,0.232,0.25,82.32,3.4,577.69,0
"Montrose",2012-08-02,2012,215,164.5,0,"moderate",52,0,0.232,82.51,5.49,577.611,0
"Montrose",2012-08-03,2012,216,103.9,0,"low",164.5,0,0,86.9,4.27,577.487,0
"Montrose",2012-08-08,2012,221,32.9,0,"low",327.6,0,0,90.82,6.94,577.429,0
"Montrose",2012-08-09,2012,222,124.9,0,"low",32.9,0.004,0.004,80.8,9.39,577.633,0
"Montrose",2012-08-10,2012,223,547,1,"exceed",124.9,0.263,0.267,74.27,9.39,577.712,0
"Montrose",2012-08-11,2012,224,344.9,1,"exceed",547,0.193,0.456,72.04,17.2,578.254,0
"Montrose",2012-08-12,2012,225,261.3,1,"exceed",344.9,0,0.193,73.56,9.33,577.907,0
"Montrose",2012-08-13,2012,226,112.8,0,"low",261.3,0,0,74.53,4.75,577.576,0
"Montrose",2012-08-14,2012,227,2420,1,"exceed",112.8,0.285,0.285,70.43,2.29,577.614,0
"Montrose",2012-08-15,2012,228,1227.1,1,"exceed",2420,0.004,0.289,76.53,1.04,577.66,0
"Montrose",2012-08-16,2012,229,1094,1,"exceed",1227.1,0,0.004,84.35,5.3,577.546,0
"Montrose",2012-08-17,2012,230,232.2,0,"moderate",1094,0.279,0.279,75.05,8.78,577.427,0
"Montrose",2012-08-22,2012,235,2192.3,1,"exceed",14.7,0,0.28,74.35,1.83,577.366,0
"Montrose",2012-08-23,2012,236,25,0,"low",2192.3,0,0,79.69,6.99,577.252,0
"Montrose",2012-08-24,2012,237,203.4,0,"moderate",25,0.016,0.016,86.77,9.45,577.205,0
"Montrose",2012-08-29,2012,242,291.6,1,"exceed",149.4,0,0.006,78.45,4.14,577.305,0
"Montrose",2012-08-30,2012,243,48.4,0,"low",291.6,0,0,78.36,6.28,577.268,0
"Montrose",2012-08-31,2012,244,67.7,0,"low",48.4,0,0,88.01,12.13,576.952,0
"Montrose",2012-09-12,2012,256,55.9,0,"low",67.3,0,0,81.32,13.38,576.84,0
"Montrose",2012-09-13,2012,257,2420,1,"exceed",55.9,0,0,84.15,12.01,576.874,0
"Montrose",2013-05-23,2013,143,2420,1,"exceed",1355.8,0.814,1.028,71.36,4.67,577.623,0
"Montrose",2013-05-24,2013,144,143,0,"moderate",2420,0.051,0.864,53.64,20.55,578.166,0
"Montrose",2013-05-25,2013,145,144,0,"moderate",143,0,0.051,50.37,11,577.762,0
"Montrose",2013-05-29,2013,149,97.6,0,"low",84.7,0.374,0.4,75.14,11.17,577.772,0
"Montrose",2013-05-30,2013,150,2.4,0,"low",97.6,0.014,0.388,80.02,7.66,577.632,0
"Montrose",2013-05-31,2013,151,10.4,0,"low",2.4,0.313,0.327,79.58,16.51,577.582,0
"Montrose",2013-06-04,2013,155,80.7,0,"low",67.5,0,0.01,61.51,3.35,577.586,0
"Montrose",2013-06-05,2013,156,118.3,0,"low",80.7,0,0,64.19,5.35,577.762,0
"Montrose",2013-06-06,2013,157,64.5,0,"low",118.3,0.006,0.006,65.25,7.02,577.928,0
"Montrose",2013-06-07,2013,158,18.4,0,"low",64.5,0.161,0.167,58.54,9.56,577.971,0
"Montrose",2013-06-12,2013,163,2420,1,"exceed",16.5,0.164,0.314,77.92,3.18,577.747,0
"Montrose",2013-06-13,2013,164,150,0,"moderate",2420,0.38,0.544,75.56,2.32,577.887,0
"Montrose",2013-06-14,2013,165,178.4,0,"moderate",150,0.036,0.416,65.5,12.9,578.018,0
"Montrose",2013-06-19,2013,170,32.4,0,"low",278.8,0,0.047,63.52,14.03,578.197,0
"Montrose",2013-06-20,2013,171,80,0,"low",32.4,0,0,67.86,6.11,577.927,0
"Montrose",2013-06-21,2013,172,14.3,0,"low",80,0,0,78.29,7.5,577.877,0
"Montrose",2013-06-26,2013,177,2420,1,"exceed",1196,0.04,0.319,83.83,5.72,577.835,0
"Montrose",2013-06-27,2013,178,2047.9,1,"exceed",2420,1.09,1.13,77.98,4.52,577.893,0
"Montrose",2013-06-28,2013,179,274.2,1,"exceed",2047.9,0.629,1.718,85.94,4.12,577.911,0
"Montrose",2013-06-29,2013,180,1300,1,"exceed",274.2,0.108,0.736,79.76,9.55,577.887,0
"Montrose",2013-06-30,2013,181,309.8,1,"exceed",1300,0,0.108,67.35,13.14,578.161,0
"Montrose",2013-07-01,2013,182,99.6,0,"low",309.8,0,0,69.19,14.92,578.244,0
"Montrose",2013-07-02,2013,183,46.7,0,"low",99.6,0,0,69.2,13.59,578.278,0
"Montrose",2013-07-03,2013,184,30,0,"low",46.7,0,0,64.25,12.39,578.215,0
"Montrose",2013-07-10,2013,191,163.3,0,"moderate",2420,0.01,0.258,83.67,7.18,577.957,0
"Montrose",2013-07-11,2013,192,29.4,0,"low",163.3,0,0.01,80.64,4.17,577.85,0
"Montrose",2013-07-12,2013,193,245.3,1,"exceed",29.4,0,0,75.37,5.24,577.914,0
"Montrose",2013-07-13,2013,194,128.6,0,"moderate",245.3,0,0,76,5.09,577.992,0
"Montrose",2013-07-17,2013,198,32.9,0,"low",139.8,0.004,0.044,88.09,6,577.91,0
"Montrose",2013-07-18,2013,199,524.2,1,"exceed",32.9,0,0.004,88.65,4.31,577.791,0
"Montrose",2013-07-19,2013,200,14.9,0,"low",524.2,0,0,93.15,7.8,577.741,0
"Montrose",2013-07-24,2013,205,334.4,1,"exceed",33.2,0.022,0.025,80.06,8.83,578.108,0
"Montrose",2013-07-25,2013,206,282.9,1,"exceed",334.4,0,0.022,68.33,11.28,577.943,0
"Montrose",2013-07-26,2013,207,195.1,0,"moderate",282.9,0,0,75.35,1.72,577.821,0
"Montrose",2013-07-31,2013,212,13.1,0,"low",38.7,0.025,0.025,71.94,6.28,577.825,0
"Montrose",2013-08-01,2013,213,17.3,0,"low",13.1,0.162,0.187,74.29,1.06,577.864,0
"Montrose",2013-08-02,2013,214,546.7,1,"exceed",17.3,0.003,0.165,75.86,5.33,577.818,0
"Montrose",2013-08-03,2013,215,182,0,"moderate",546.7,0.564,0.567,81.78,3.54,577.869,0
"Montrose",2013-08-07,2013,219,42.1,0,"low",44.5,0.019,0.047,80.99,8.61,577.758,0
"Montrose",2013-08-08,2013,220,840.6,1,"exceed",42.1,0.01,0.029,83.86,2.48,577.949,0
"Montrose",2013-08-09,2013,221,33.5,0,"low",840.6,0,0.01,73.57,10.71,577.943,0
"Montrose",2013-08-14,2013,226,579.6,1,"exceed",1606.8,0,0.514,69.88,12.74,578.078,0
"Montrose",2013-08-15,2013,227,116.8,0,"low",579.6,0,0,66.84,6.24,577.859,0
"Montrose",2013-08-16,2013,228,44.7,0,"low",116.8,0,0,72.51,5.01,577.698,0
"Montrose",2013-08-21,2013,233,104.3,0,"low",21.9,0,0,85.33,7.63,577.648,0
"Montrose",2013-08-22,2013,234,228.3,0,"moderate",104.3,0.011,0.011,88.15,10.37,577.654,0
"Montrose",2013-08-23,2013,235,394.2,1,"exceed",228.3,0.212,0.223,78.14,3.01,577.695,0
"Montrose",2013-08-24,2013,236,70.2,0,"low",394.2,0,0.212,76.32,7.76,577.873,0
"Montrose",2013-08-28,2013,240,2420,1,"exceed",65.2,0,0,92.85,13.07,577.68,0
"Montrose",2013-08-29,2013,241,355.8,1,"exceed",2420,0,0,84.68,7.18,577.875,0
"Montrose",2013-08-30,2013,242,79.6,0,"low",355.8,0,0,79.4,3.02,577.822,0
"Montrose",2013-09-12,2013,255,321.2,1,"exceed",85.1,0.003,0.003,84.33,4.82,577.76,0
"Montrose",2014-05-22,2014,142,4.2,0,"low",140.4,0.235,0.51,77.35,1.12,578.717,0
"Montrose",2014-05-23,2014,143,448.4,1,"exceed",4.2,0,0.235,63.12,5.3,578.625,0
"Montrose",2014-05-24,2014,144,4.9,0,"low",448.4,0,0,58.7,5.79,578.604,0
"Montrose",2014-05-29,2014,149,44,0,"low",87,0.234,0.362,60.9,8.89,578.878,0
"Montrose",2014-05-30,2014,150,2.2,0,"low",44,0,0.234,63.98,8.36,578.922,0
"Montrose",2014-06-04,2014,155,103.1,0,"low",50.1,0,0.144,75.88,5.6,578.649,0
"Montrose",2014-06-05,2014,156,20,0,"low",103.1,0.122,0.122,67.41,7.12,578.836,0
"Montrose",2014-06-06,2014,157,19.8,0,"low",20,0,0.122,67,5.3,578.784,0
"Montrose",2014-06-11,2014,162,79.9,0,"low",64.7,0.598,0.598,59.76,10.04,579.007,0
"Montrose",2014-06-12,2014,163,9.4,0,"low",79.9,0.575,1.173,61.5,5.86,579.091,0
"Montrose",2014-06-13,2014,164,3.2,0,"low",9.4,0.007,0.582,79.8,7.32,578.845,0
"Montrose",2014-06-18,2014,169,27.5,0,"low",133.3,0.003,0.003,85.14,11.27,578.796,0
"Montrose",2014-06-19,2014,170,126.1,0,"moderate",27.5,0.218,0.221,80.89,3.41,579.096,0
"Montrose",2014-06-20,2014,171,868.7,1,"exceed",126.1,0.316,0.534,70.82,6.09,579.167,0
"Montrose",2014-06-21,2014,172,7.7,0,"low",868.7,0.028,0.344,81.81,1.61,579.106,0
"Montrose",2014-06-25,2014,176,12.6,0,"low",130.7,0.66,0.792,78.15,1.47,579.042,0
"Montrose",2014-06-26,2014,177,13.7,0,"low",12.6,0.011,0.671,68.74,7.59,579.183,0
"Montrose",2014-06-27,2014,178,100,0,"low",13.7,0,0.011,67.09,5.79,579.117,0
"Montrose",2014-07-02,2014,183,148.6,0,"moderate",840.6,0.061,2.032,79.67,12.52,578.823,1
"Montrose",2014-07-03,2014,184,89.4,0,"low",148.6,0.105,0.167,72.12,6.72,578.957,0
"Montrose",2014-07-09,2014,190,2192.3,1,"exceed",2420,0.338,0.742,80.15,10.85,579.037,0
"Montrose",2014-07-10,2014,191,43.1,0,"low",2192.3,0,0.338,73.04,3.6,579.036,0
"Montrose",2014-07-11,2014,192,388.5,1,"exceed",43.1,0,0,72.05,6.03,579.09,0
"Montrose",2014-07-12,2014,193,50.8,0,"low",388.5,0.003,0.003,76.54,5.97,579.049,0
"Montrose",2014-07-13,2014,194,378.9,1,"exceed",50.8,1.22,1.224,79.18,10.07,578.983,0
"Montrose",2014-07-14,2014,195,71.7,0,"low",378.9,0.266,1.486,85.29,9.1,579.034,0
"Montrose",2014-07-15,2014,196,100.5,0,"low",71.7,0.305,0.57,75.11,4.25,579.126,0
"Montrose",2014-07-16,2014,197,15.1,0,"low",100.5,0.058,0.363,67.83,11.02,579.219,0
"Montrose",2014-07-17,2014,198,11.8,0,"low",15.1,0.004,0.062,67.38,4.2,579.122,0
"Montrose",2014-07-18,2014,199,3.9,0,"low",11.8,0,0.004,72.27,4.59,579.121,0
"Montrose",2014-07-23,2014,204,2192.3,1,"exceed",147.8,0.006,0.006,87.33,12.2,578.974,0
"Montrose",2014-07-24,2014,205,150,0,"moderate",2192.3,0.011,0.017,74.63,18.32,579.474,0
"Montrose",2014-07-25,2014,206,8.5,0,"low",150,0,0.011,69.21,7.44,579.242,0
"Montrose",2014-07-30,2014,211,29,0,"low",64,0.065,0.065,73.14,3.13,579.144,0
"Montrose",2014-07-31,2014,212,24.6,0,"low",29,0,0.065,71.37,2.57,579.143,0
"Montrose",2014-08-01,2014,213,15.7,0,"low",24.6,0.009,0.009,81.98,8.45,579.062,0
"Montrose",2014-08-06,2014,218,214.2,0,"moderate",234.8,0.236,1.667,74.2,2.99,579.265,0
"Montrose",2014-08-07,2014,219,63.4,0,"low",214.2,0,0.236,74.04,6.46,579.249,0
"Montrose",2014-08-08,2014,220,134.9,0,"moderate",63.4,0,0,75.55,7.9,579.216,0
"Montrose",2014-08-13,2014,225,40,0,"low",41,0.027,1.002,69.89,11.64,579.486,0
"Montrose",2014-08-14,2014,226,27.3,0,"low",40,0,0.027,77.87,3.93,579.225,0
"Montrose",2014-08-15,2014,227,218.7,0,"moderate",27.3,0,0,67.61,8.76,579.275,0
"Montrose",2014-08-20,2014,232,17,0,"low",99.9,0.223,0.223,84.32,11.45,579.32,0
"Montrose",2014-08-21,2014,233,118.2,0,"low",17,0,0.223,84.84,7.89,579.33,0
"Montrose",2014-08-22,2014,234,2420,1,"exceed",118.2,1.014,1.014,76.93,5.7,579.35,0
"Montrose",2014-08-27,2014,239,162.5,0,"moderate",304.8,0.024,0.617,79.22,0.68,579.28,0
"Montrose",2014-08-28,2014,240,22.8,0,"low",162.5,0,0.024,75.39,6.9,579.262,0
"Montrose",2014-08-29,2014,241,19.3,0,"low",22.8,0.007,0.007,72.4,9.16,579.322,0
"Montrose",2014-09-04,2014,247,840.6,1,"exceed",211,0,0.01,80.65,5.25,579.106,0
"Montrose",2014-09-05,2014,248,176,0,"moderate",840.6,0.176,0.176,83.84,13.33,578.948,0
"Montrose",2015-05-21,2015,141,8.8,0,"low",48.5,0.041,0.041,45.72,8.74,579.495,0
"Montrose",2015-05-22,2015,142,13.8,0,"low",8.8,0,0.041,66.5,7.89,579.462,0
"Montrose",2015-05-28,2015,148,51.2,0,"low",261.4,0.105,0.579,71.27,8.88,579.525,0
"Montrose",2015-05-29,2015,149,1218,1,"exceed",51.2,0,0.105,75.75,6.45,579.607,0
"Montrose",2015-05-30,2015,150,99.7,0,"low",1218,0.186,0.186,80.03,10.14,579.729,0
"Montrose",2015-05-31,2015,151,199.4,0,"moderate",99.7,0.351,0.538,72.89,10.25,580.049,0
"Montrose",2015-06-01,2015,152,199,0,"moderate",199.4,0.019,0.37,51.36,19.09,580.205,0
"Montrose",2015-06-02,2015,153,98,0,"low",199,0,0.019,54.26,10.9,579.966,0
"Montrose",2015-06-03,2015,154,14.9,0,"low",98,0,0,62.87,4.43,579.794,0
"Montrose",2015-06-04,2015,155,18.3,0,"low",14.9,0,0,70.28,7.17,579.82,0
"Montrose",2015-06-05,2015,156,5.5,0,"low",18.3,0,0,77.13,8.18,579.79,0
"Montrose",2015-06-10,2015,161,40.6,0,"low",49.8,0,0.112,82.85,7.24,579.718,0
"Montrose",2015-06-11,2015,162,209.8,0,"moderate",40.6,0.034,0.034,91.32,8.03,579.761,0
"Montrose",2015-06-12,2015,163,152.3,0,"moderate",209.8,0.129,0.162,67.77,5.98,579.944,0
"Montrose",2015-06-17,2015,168,98.8,0,"low",950,0.007,1.079,70.74,9.63,580.016,1
"Montrose",2015-06-18,2015,169,79.9,0,"low",98.8,0.152,0.159,64.7,2.89,580.048,0
"Montrose",2015-06-19,2015,170,69.3,0,"low",79.9,0.16,0.312,79.82,6.05,580.048,0
"Montrose",2015-06-24,2015,175,187.4,0,"moderate",444.8,0,0.027,76.36,4.45,580.017,0
"Montrose",2015-06-25,2015,176,2420,1,"exceed",187.4,0,0,76.35,5.18,579.875,0
"Montrose",2015-06-26,2015,177,40,0,"low",2420,0.535,0.535,75.89,0.5,580.153,0
"Montrose",2015-07-01,2015,182,312.8,1,"exceed",136.9,0.116,0.337,71.94,3.76,580.06,0
"Montrose",2015-07-02,2015,183,60.2,0,"low",312.8,0,0.116,61.53,8.11,580.091,0
"Montrose",2015-07-08,2015,189,1540,1,"exceed",2420,0.346,0.722,72.33,12.02,580.256,0
"Montrose",2015-07-09,2015,190,250.6,1,"exceed",1540,0.033,0.379,63.07,7.13,580.11,0
"Montrose",2015-07-10,2015,191,157.3,0,"moderate",250.6,0.019,0.052,68.12,6.1,580.118,0
"Montrose",2015-07-15,2015,196,1365.1,1,"exceed",687,0,0.572,76.61,9.93,580.248,0
"Montrose",2015-07-16,2015,197,115.8,0,"low",1365.1,0,0,68.56,9.92,580.217,0
"Montrose",2015-07-17,2015,198,310,1,"exceed",115.8,0.572,0.572,73.18,6.67,580.058,0
"Montrose",2015-07-18,2015,199,620.7,1,"exceed",310,0.093,0.665,89.66,7.07,580.065,0
"Montrose",2015-07-19,2015,200,447.8,1,"exceed",620.7,0.285,0.378,81.71,5.93,579.959,0
"Montrose",2015-07-20,2015,201,748.7,1,"exceed",447.8,0,0.285,80.57,3.34,579.908,0
"Montrose",2015-07-21,2015,202,1012.5,1,"exceed",748.7,0,0,84.71,7.15,579.87,0
"Montrose",2015-07-22,2015,203,690,1,"exceed",1012.5,0,0,75.75,6.37,579.976,0
"Montrose",2015-07-23,2015,204,66,0,"low",690,0,0,76.56,1.66,579.948,0
"Montrose",2015-07-24,2015,205,53.4,0,"low",66,0,0,78.71,3.01,579.985,0
"Montrose",2015-07-29,2015,210,40.2,0,"low",168.9,0,0,84.33,5.39,580.004,0
"Montrose",2015-07-30,2015,211,65,0,"low",40.2,0.026,0.026,85.67,7.57,579.91,0
"Montrose",2015-07-31,2015,212,94.3,0,"low",65,0,0.026,86.35,11.55,579.79,0
"Montrose",2015-08-05,2015,217,179.9,0,"moderate",1177.2,0,0.725,79.7,3.82,579.96,0
"Montrose",2015-08-06,2015,218,177.5,0,"moderate",179.9,0,0,77.6,4.49,580.036,0
"Montrose",2015-08-07,2015,219,194.6,0,"moderate",177.5,0,0,76.92,8.64,580.113,0
"Montrose",2015-08-12,2015,224,269.6,1,"exceed",133.4,0,0.292,75.9,6.22,580.042,0
"Montrose",2015-08-13,2015,225,43.4,0,"low",269.6,0,0,74.38,4.71,579.88,0
"Montrose",2015-08-14,2015,226,378.2,1,"exceed",43.4,0,0,82.99,10.38,579.753,0
"Montrose",2015-08-15,2015,227,250.6,1,"exceed",378.2,0.174,0.174,87.44,9.43,579.853,0
"Montrose",2015-08-16,2015,228,981.5,1,"exceed",250.6,0.086,0.26,83.65,4.18,579.954,0
"Montrose",2015-08-17,2015,229,60.6,0,"low",981.5,0.002,0.088,87.5,8.91,579.821,0
"Montrose",2015-08-18,2015,230,1155.2,1,"exceed",60.6,0.264,0.266,85.39,6.84,579.847,0
"Montrose",2015-08-19,2015,231,406.3,1,"exceed",1155.2,0.572,0.836,81.02,9.83,579.95,0
"Montrose",2015-08-20,2015,232,115,0,"low",406.3,0.018,0.59,75.18,14.65,579.717,0
"Montrose",2015-08-21,2015,233,305.1,1,"exceed",115,0,0.018,72.99,14.82,579.684,0
"Montrose",2015-08-22,2015,234,124.9,0,"low",305.1,0,0,78.98,8.85,579.745,0
"Montrose",2015-08-26,2015,238,58,0,"low",175.1,0,0,66.9,5.46,579.697,0
"Montrose",2015-08-27,2015,239,28.7,0,"low",58,0,0,64.35,5.25,579.754,0
"Montrose",2015-08-28,2015,240,36.2,0,"low",28.7,0,0,69.89,1.26,579.792,0
"Montrose",2015-08-29,2015,241,1086.7,1,"exceed",36.2,0,0,72.26,5.47,579.789,0
"Montrose",2015-08-30,2015,242,200.7,0,"moderate",1086.7,0.525,0.525,71.16,2.96,579.774,0
"Montrose",2015-08-31,2015,243,7.1,0,"low",200.7,0,0.525,72.58,3.89,579.847,0
"Montrose",2015-09-01,2015,244,108.8,0,"low",7.1,0,0,78.95,3.22,579.768,0
"Montrose",2015-09-02,2015,245,141.5,0,"moderate",108.8,0,0,87.79,9.8,579.762,0
"Montrose",2015-09-03,2015,246,24,0,"low",141.5,0,0,88.83,6.96,579.77,0
"Montrose",2015-09-04,2015,247,104.3,0,"low",24,0,0,89.51,5.66,579.905,0
"Montrose",2016-06-02,2016,154,371.8,1,"exceed",863.3,0.297,0.781,74.54,1.65,580.465,0
"Montrose",2016-06-03,2016,155,185.5,0,"moderate",371.8,0,0.297,75.83,3.1,580.335,0
"Montrose",2016-06-07,2016,159,38.9,0,"low",39.5,0.022,0.102,80.87,10.24,580.213,0
"Montrose",2016-06-08,2016,160,127,0,"moderate",38.9,0,0.022,62.94,8.06,580.418,0
"Montrose",2016-06-09,2016,161,30.5,0,"low",127,0,0,62.43,3.34,580.28,0
"Montrose",2016-06-10,2016,162,2420,1,"exceed",30.5,0.116,0.116,69.82,6.49,580.367,0
"Montrose",2016-06-11,2016,163,53.1,0,"low",2420,0.081,0.196,90.71,6.53,580.387,0
"Montrose",2016-06-14,2016,166,27,0,"low",29.5,0.007,0.007,80.01,4.17,580.574,0
"Montrose",2016-06-15,2016,167,197,0,"moderate",27,0,0.007,79.06,7.28,580.531,0
"Montrose",2016-06-16,2016,168,156.7,0,"moderate",197,0.277,0.277,84.79,6.45,580.513,0
"Montrose",2016-06-17,2016,169,63.5,0,"low",156.7,0,0.277,82.39,11.09,580.684,0
"Montrose",2016-06-21,2016,173,230.7,0,"moderate",71,0.003,0.003,91.83,11.26,580.242,0
"Montrose",2016-06-22,2016,174,469.3,1,"exceed",230.7,0,0.003,78.59,4,580.311,0
"Montrose",2016-06-23,2016,175,1293.1,1,"exceed",469.3,0.786,0.786,75.04,4,580.435,0
"Montrose",2016-06-24,2016,176,37.7,0,"low",1293.1,0,0.786,71.97,7.83,580.579,0
"Montrose",2016-06-28,2016,180,1646.3,1,"exceed",53,0,0.091,88.84,6.66,580.343,0
"Montrose",2016-06-29,2016,181,53.7,0,"low",1646.3,0,0,70.78,12.4,580.589,0
"Montrose",2016-06-30,2016,182,1540,1,"exceed",53.7,0,0,73.54,2.64,580.371,0
"Montrose",2016-07-01,2016,183,805.3,1,"exceed",1540,0,0,76.67,8.95,580.284,0
"Montrose",2016-07-07,2016,189,19.8,0,"low",502.3,1.075,1.075,84.84,7.03,580.282,0
"Montrose",2016-07-08,2016,190,247.9,1,"exceed",19.8,0.167,1.242,79.64,2.04,580.371,0
"Montrose",2016-07-09,2016,191,741.7,1,"exceed",247.9,0,0.167,85.79,9.68,580.39,0
"Montrose",2016-07-10,2016,192,41.3,0,"low",741.7,0,0,74.06,8.92,580.446,0
"Montrose",2016-07-11,2016,193,13.3,0,"low",41.3,0,0,77.61,2.97,580.43,0
"Montrose",2016-07-12,2016,194,119,0,"low",13.3,0,0,87.81,13.18,580.358,0
"Montrose",2016-07-13,2016,195,68.7,0,"low",119,0,0,87.71,13.65,580.23,0
"Montrose",2016-07-14,2016,196,45.3,0,"low",68.7,0.191,0.191,83.5,10.2,580.112,0
"Montrose",2016-07-15,2016,197,23.8,0,"low",45.3,0,0.191,85.81,14.25,580.105,0
"Montrose",2016-07-19,2016,201,127.9,0,"moderate",101.4,0.161,0.458,80.72,0.77,580.249,0
"Montrose",2016-07-20,2016,202,133.3,0,"moderate",127.9,0,0.161,81.56,3,580.308,0
"Montrose",2016-07-21,2016,203,47.8,0,"low",133.3,0,0,85.4,5.96,580.289,0
"Montrose",2016-07-22,2016,204,1136.8,1,"exceed",47.8,0.479,0.479,88.31,6.58,580.039,0
"Montrose",2016-07-26,2016,208,308.1,1,"exceed",125.1,0,0.458,82.17,1.04,580.19,0
"Montrose",2016-07-27,2016,209,103.4,0,"low",308.1,0,0,83.01,3.16,580.223,0
"Montrose",2016-07-28,2016,210,150.9,0,"moderate",103.4,0,0,84.39,2.87,580.259,0
"Montrose",2016-07-29,2016,211,375.8,1,"exceed",150.9,0.176,0.176,79.74,3.38,580.394,0
"Montrose",2016-07-30,2016,212,135.1,0,"moderate",375.8,0.076,0.253,77.08,7.07,580.505,0
"Montrose",2016-08-02,2016,215,26.9,0,"low",13,0,0,78.89,6.4,580.413,0
"Montrose",2016-08-03,2016,216,90.2,0,"low",26.9,0,0,81.72,5.76,580.397,0
"Montrose",2016-08-04,2016,217,10.4,0,"low",90.2,0,0,85.19,5.19,580.364,0
"Montrose",2016-08-05,2016,218,844,1,"exceed",10.4,0,0,88.15,6.35,580.276,0
"Montrose",2016-08-06,2016,219,166.3,0,"moderate",844,0.033,0.033,81.43,2.84,580.243,0
"Montrose",2016-08-09,2016,222,6.7,0,"low",3,0,0,80.41,10.53,580.318,0
"Montrose",2016-08-10,2016,223,68.5,0,"low",6.7,0,0,83.76,5.8,580.18,0
"Montrose",2016-08-11,2016,224,104.1,0,"low",68.5,0,0,84.41,3.83,580.164,0
"Montrose",2016-08-12,2016,225,141.5,0,"moderate",104.1,0,0,90.81,10.74,580.105,0
"Montrose",2016-08-13,2016,226,231.3,0,"moderate",141.5,1.125,1.125,84.26,4.57,580.184,0
"Montrose",2016-08-16,2016,229,56.3,0,"low",288.4,0.04,0.04,76.21,7.67,580.335,0
"Montrose",2016-08-17,2016,230,100,0,"low",56.3,0.048,0.088,81.18,2.45,580.308,0
"Montrose",2016-08-18,2016,231,2420,1,"exceed",100,0.017,0.065,85.33,5.19,580.249,0
"Montrose",2016-08-19,2016,232,308.1,1,"exceed",2420,0.557,0.574,84.31,7.9,580.213,0
"Montrose",2016-08-20,2016,233,142.9,0,"moderate",308.1,0.036,0.594,82.67,7.35,580.299,0
"Montrose",2016-08-30,2016,243,139.3,0,"moderate",11,0.169,0.175,81.77,5.18,580.226,0
"Montrose",2016-08-31,2016,244,719.6,1,"exceed",139.3,0.105,0.274,81.6,1.27,580.223,0
"Montrose",2016-09-01,2016,245,487,1,"exceed",719.6,0,0.105,74.36,12.83,580.489,0
"Montrose",2016-09-02,2016,246,94.3,0,"low",487,0,0,71.54,14.06,580.577,0
"North Avenue",2006-05-25,2006,145,84.1,0,"low",1.4,0.456,0.456,77.55,12.19,577.846,0
"North Avenue",2006-05-26,2006,146,5.9,0,"low",84.1,0.151,0.607,73.33,10.6,577.922,0
"North Avenue",2006-06-01,2006,152,33,0,"low",6.8,0,0.408,72.45,7.23,578.078,0
"North Avenue",2006-06-02,2006,153,6.2,0,"low",33,0,0,71.97,8.02,578.091,0
"North Avenue",2006-06-07,2006,158,326.7,1,"exceed",33.1,0,0,81.88,11.01,577.94,0
"North Avenue",2006-06-08,2006,159,1,0,"low",326.7,0,0,78.04,4.68,578.118,0
"North Avenue",2006-06-09,2006,160,1,0,"low",1,0,0,78.9,5.94,578.066,0
"North Avenue",2006-06-14,2006,165,33.3,0,"low",1,0,0,69.92,5.76,578.077,0
"North Avenue",2006-06-15,2006,166,2.3,0,"low",33.3,0.006,0.006,76.81,7.29,578.113,0
"North Avenue",2006-06-16,2006,167,25.2,0,"low",2.3,0,0.006,85.36,4.82,578.093,0
"North Avenue",2006-06-21,2006,172,687.1,1,"exceed",102.2,0,0,78.95,3.71,578.005,0
"North Avenue",2006-06-22,2006,173,56.7,0,"low",687.1,0.054,0.054,86.08,9.08,577.913,0
"North Avenue",2006-06-23,2006,174,3.2,0,"low",56.7,0.185,0.239,79.45,3.81,578.022,0
"North Avenue",2006-06-28,2006,179,5.1,0,"low",111.4,0.002,0.744,76.59,4.22,578.035,0
"North Avenue",2006-06-29,2006,180,2,0,"low",5.1,0.339,0.342,75.69,6.28,578.013,0
"North Avenue",2006-06-30,2006,181,66,0,"low",2,0,0.339,76.75,3.44,577.952,0
"North Avenue",2006-07-12,2006,193,55.4,0,"low",14.3,0.192,0.232,74.26,4.85,578.091,0
"North Avenue",2006-07-13,2006,194,18.5,0,"low",55.4,0.004,0.197,75.13,10.95,578.161,0
"North Avenue",2006-07-14,2006,195,146.5,0,"moderate",18.5,0,0.004,80.78,6.2,578.034,0
"North Avenue",2006-07-19,2006,200,21.4,0,"low",49.8,0.047,0.194,80.29,12.35,578.065,0
"North Avenue",2006-07-20,2006,201,473.3,1,"exceed",21.4,0.003,0.05,87.61,6.76,578.016,0
"North Avenue",2006-07-21,2006,202,63.1,0,"low",473.3,0.823,0.826,80.75,3.39,577.928,0
"North Avenue",2006-07-26,2006,207,9.4,0,"low",53.5,0,0.003,89.24,11.61,577.764,0
"North Avenue",2006-07-27,2006,208,26,0,"low",9.4,0.077,0.077,83.97,10.52,577.861,0
"North Avenue",2006-07-28,2006,209,114,0,"low",26,0.009,0.086,85.55,4.53,577.947,0
"North Avenue",2006-08-02,2006,214,2.5,0,"low",6.1,0.035,0.035,96.69,11.63,577.792,0
"North Avenue",2006-08-03,2006,215,8.9,0,"low",2.5,0.298,0.332,95.7,12.93,577.893,0
"North Avenue",2006-08-04,2006,216,8.5,0,"low",8.9,0.4,0.698,80.21,4.06,578.06,0
"North Avenue",2006-08-09,2006,221,10.9,0,"low",95.6,0,0,79.05,10.07,578.109,0
"North Avenue",2006-08-10,2006,222,17.5,0,"low",10.9,0.05,0.05,82.04,5.9,577.977,0
"North Avenue",2006-08-11,2006,223,58,0,"low",17.5,0.204,0.254,76.87,5.9,578.171,0
"North Avenue",2006-08-16,2006,228,77.6,0,"low",17.3,0,0,79.52,2.56,577.826,0
"North Avenue",2006-08-17,2006,229,19.9,0,"low",77.6,0,0,79.76,6.13,577.919,0
"North Avenue",2006-08-18,2006,230,59.6,0,"low",19.9,0.058,0.058,81.79,5.33,577.95,0
"North Avenue",2006-08-23,2006,235,93.1,0,"low",72.7,0,0,83.11,2.4,577.883,0
"North Avenue",2006-08-24,2006,236,118.6,0,"low",93.1,0,0,86.55,4.31,577.925,0
"North Avenue",2006-08-25,2006,237,62.3,0,"low",118.6,0.622,0.622,82.55,7.15,577.945,0
"North Avenue",2006-08-30,2006,242,97.7,0,"low",370.1,0.062,0.595,68.56,9.59,578.246,0
"North Avenue",2006-08-31,2006,243,59.3,0,"low",97.7,0.014,0.075,72.1,10.95,578.4,0
"North Avenue",2006-09-01,2006,244,134.2,0,"moderate",59.3,0,0.014,72.38,12.15,578.358,0
"North Avenue",2007-05-30,2007,150,6.7,0,"low",104.2,0,0,83.76,7.09,577.877,0
"North Avenue",2007-05-31,2007,151,26.8,0,"low",6.7,0,0,86.08,9.9,577.828,0
"North Avenue",2007-06-01,2007,152,1061.2,1,"exceed",26.8,0.103,0.103,76.85,8.7,577.775,0
"North Avenue",2007-06-02,2007,153,1500.7,1,"exceed",1061.2,0.071,0.174,80.31,5.08,577.798,0
"North Avenue",2007-06-03,2007,154,335,1,"exceed",1500.7,0,0.071,80.14,6.49,577.78,0
"North Avenue",2007-06-04,2007,155,55.5,0,"low",335,0.042,0.042,75.06,3.96,577.827,0
"North Avenue",2007-06-05,2007,156,244.7,1,"exceed",55.5,0.223,0.266,65.83,7.14,577.921,0
"North Avenue",2007-06-06,2007,157,33.2,0,"low",244.7,0.295,0.518,66.4,8.23,577.92,0
"North Avenue",2007-06-07,2007,158,26,0,"low",33.2,0.003,0.298,83.46,9.34,577.75,0
"North Avenue",2007-06-08,2007,159,1.4,0,"low",26,0,0.003,90.6,20.74,577.59,0
"North Avenue",2007-06-13,2007,164,60.7,0,"low",70.8,0,0,77.76,7.68,577.911,0
"North Avenue",2007-06-14,2007,165,8.4,0,"low",60.7,0,0,80.34,6.36,577.919,0
"North Avenue",2007-06-15,2007,166,42.1,0,"low",8.4,0,0,82.87,5.18,577.939,0
"North Avenue",2007-06-20,2007,171,98.4,0,"low",37.5,0.529,0.734,79.33,10.3,577.746,0
"North Avenue",2007-06-21,2007,172,128.1,0,"moderate",98.4,0,0.529,81.17,3.45,577.675,0
"North Avenue",2007-06-22,2007,173,81.5,0,"low",128.1,0,0,75.36,2.78,577.785,0
"North Avenue",2007-06-27,2007,178,866.4,1,"exceed",38.4,0.063,0.063,87.81,6.49,577.738,0
"North Avenue",2007-06-28,2007,179,160.4,0,"moderate",866.4,0.192,0.255,87.9,7.17,577.706,0
"North Avenue",2007-06-29,2007,180,667.5,1,"exceed",160.4,0,0.192,73.93,11.56,578.045,0
"North Avenue",2007-07-04,2007,185,91.9,0,"low",25.3,0.016,0.016,80.82,7.2,577.696,0
"North Avenue",2007-07-05,2007,186,26.7,0,"low",91.9,0.38,0.396,80.76,3.95,577.806,0
"North Avenue",2007-07-06,2007,187,1234,1,"exceed",26.7,0,0.38,83.25,3.78,577.759,0
"North Avenue",2007-07-07,2007,188,23.5,0,"low",1234,0,0,80.32,2.84,577.738,0
"North Avenue",2007-07-11,2007,192,1938.8,1,"exceed",111.9,0.241,0.345,86.9,7.79,577.716,0
"North Avenue",2007-07-12,2007,193,22.4,0,"low",1938.8,0,0.241,76.68,7.97,577.669,0
"North Avenue",2007-07-13,2007,194,13.1,0,"low",22.4,0,0,78.23,10.55,577.625,0
"North Avenue",2007-07-18,2007,199,21.7,0,"low",141.1,0.124,0.124,81.31,5.16,577.769,0
"North Avenue",2007-07-19,2007,200,78.3,0,"low",21.7,0.361,0.485,83.9,8.51,577.683,0
"North Avenue",2007-07-20,2007,201,279.4,1,"exceed",78.3,0.17,0.531,76.99,6.64,577.95,0
"North Avenue",2007-07-25,2007,206,56.7,0,"low",15,0,0,78.69,1.79,577.688,0
"North Avenue",2007-07-26,2007,207,82.4,0,"low",56.7,0,0,81.8,6.07,577.674,0
"North Avenue",2007-07-27,2007,208,164.1,0,"moderate",82.4,0.435,0.435,80.82,7.38,577.661,0
"North Avenue",2007-08-01,2007,213,40.8,0,"low",2.5,0,0,86.13,2.46,577.675,0
"North Avenue",2007-08-02,2007,214,11.3,0,"low",40.8,0,0,88.34,2.52,577.682,0
"North Avenue",2007-08-03,2007,215,51.5,0,"low",11.3,0,0,89,6.08,577.563,0
"North Avenue",2007-08-08,2007,220,84.5,0,"low",384.9,0.66,0.758,91.33,5.36,577.645,0
"North Avenue",2007-08-09,2007,221,34.5,0,"low",84.5,0.152,0.812,83.07,3.98,577.665,0
"North Avenue",2007-08-10,2007,222,44.4,0,"low",34.5,0.097,0.249,83.33,1.66,577.71,0
"North Avenue",2007-08-15,2007,227,138.7,0,"moderate",2419.6,0.339,0.339,83.18,7.16,577.495,0
"North Avenue",2007-08-16,2007,228,233.3,0,"moderate",138.7,0.545,0.884,78.84,4.95,577.561,0
"North Avenue",2007-08-17,2007,229,35.2,0,"low",233.3,0,0.545,74.69,4.63,577.507,0
"North Avenue",2007-08-22,2007,234,47.2,0,"low",213.3,0.009,0.603,81.75,4.3,577.727,0
"North Avenue",2007-08-23,2007,235,35.4,0,"low",47.2,0.565,0.574,88.25,5.08,577.464,0
"North Avenue",2007-08-24,2007,236,56,0,"low",35.4,1.362,1.927,86.65,9.65,577.425,1
"North Avenue",2007-08-25,2007,237,488.3,1,"exceed",56,0.24,1.602,78.87,6.19,577.509,1
"North Avenue",2007-08-26,2007,238,120.4,0,"low",488.3,0.298,0.538,73.97,2.82,577.618,0
"North Avenue",2007-08-27,2007,239,228,0,"moderate",120.4,0,0.298,74.32,1.8,577.588,0
"North Avenue",2007-08-28,2007,240,21.4,0,"low",228,0,0,84.75,6.5,577.524,0
"North Avenue",2007-08-29,2007,241,77.3,0,"low",21.4,0,0,90.55,7.68,577.484,0
"North Avenue",2007-08-30,2007,242,596.1,1,"exceed",77.3,0,0,80.6,3.57,577.699,0
"North Avenue",2007-08-31,2007,243,74.2,0,"low",596.1,0,0,71.78,11.76,577.78,0
"North Avenue",2008-05-29,2008,150,13.1,0,"low",48.7,0,0,58.04,8.66,577.973,0
"North Avenue",2008-05-30,2008,151,22.6,0,"low",13.1,0.082,0.082,66.66,2.67,577.753,0
"North Avenue",2008-06-04,2008,156,4.7,0,"low",51.6,0.393,0.393,67.35,5.86,577.949,0
"North Avenue",2008-06-05,2008,157,55.3,0,"low",4.7,0,0.393,69.18,6.14,578.065,0
"North Avenue",2008-06-06,2008,158,38.9,0,"low",55.3,0.401,0.401,85.53,13.87,577.936,0
"North Avenue",2008-06-11,2008,163,4.6,0,"low",1.4,0.006,0.78,79.87,9.53,577.908,0
"North Avenue",2008-06-12,2008,164,77.1,0,"low",4.6,0,0.006,82.93,13.67,578.155,0
"North Avenue",2008-06-13,2008,165,40.8,0,"low",77.1,0,0,86.7,20.75,578.215,0
"North Avenue",2008-06-18,2008,170,2,0,"low",1,0,0,74.1,10.15,578.079,0
"North Avenue",2008-06-19,2008,171,11.5,0,"low",2,0,0,67.29,4.86,578.15,0
"North Avenue",2008-06-20,2008,172,4.3,0,"low",11.5,0.004,0.004,74.46,3.74,578.13,0
"North Avenue",2008-06-25,2008,177,156.5,0,"moderate",15.2,0,0,75.83,4.68,578.148,0
"North Avenue",2008-06-26,2008,178,6.3,0,"low",156.5,0.064,0.064,80.9,10.21,578.1,0
"North Avenue",2008-06-27,2008,179,41.4,0,"low",6.3,0.002,0.067,84.86,7.18,578.16,0
"North Avenue",2008-07-02,2008,184,10.1,0,"low",5.5,0.011,0.011,81.51,8.45,578.09,0
"North Avenue",2008-07-03,2008,185,77.7,0,"low",10.1,0.144,0.156,85.1,12.81,578.098,0
"North Avenue",2008-07-09,2008,191,2.9,0,"low",98.7,0.266,0.375,83.11,9.22,578.235,0
"North Avenue",2008-07-10,2008,192,20.1,0,"low",2.9,0.021,0.287,77.78,5.56,578.223,0
"North Avenue",2008-07-11,2008,193,197.8,0,"moderate",20.1,0.256,0.277,81.33,10.93,578.145,0
"North Avenue",2008-07-16,2008,198,2,0,"low",12.1,0,0,88.65,8.9,578.149,0
"North Avenue",2008-07-17,2008,199,15.2,0,"low",2,0,0,87.88,6.5,578.227,0
"North Avenue",2008-07-18,2008,200,1,0,"low",15.2,0.062,0.062,87.42,9.7,578.239,0
"North Avenue",2008-07-23,2008,205,44.5,0,"low",72.5,0.027,0.098,72,9.8,578.575,0
"North Avenue",2008-07-24,2008,206,5.7,0,"low",44.5,0,0.027,75.29,9.82,578.516,0
"North Avenue",2008-07-25,2008,207,21,0,"low",5.7,0,0,78.18,1.68,578.37,0
"North Avenue",2008-07-30,2008,212,25.1,0,"low",37.4,0.098,0.098,85.87,5.34,578.319,0
"North Avenue",2008-07-31,2008,213,32.6,0,"low",25.1,0.018,0.116,83.62,5.82,578.298,0
"North Avenue",2008-08-01,2008,214,22.5,0,"low",32.6,0.333,0.351,81.71,4.66,578.233,0
"North Avenue",2008-08-06,2008,219,23.3,0,"low",113.5,0.041,0.96,81.31,2.99,578.461,0
"North Avenue",2008-08-07,2008,220,92.3,0,"low",23.3,0.004,0.045,79.54,5.39,578.291,0
"North Avenue",2008-08-08,2008,221,27.3,0,"low",92.3,0.004,0.009,76.33,8.5,578.517,0
"North Avenue",2008-08-13,2008,226,56,0,"low",17.8,0.002,0.002,73.46,4.09,578.41,0
"North Avenue",2008-08-14,2008,227,58.9,0,"low",56,0.109,0.112,73.55,2.59,578.427,0
"North Avenue",2008-08-15,2008,228,145,0,"moderate",58.9,0,0.109,73.97,8.35,578.574,0
"North Avenue",2008-08-20,2008,233,59.1,0,"low",38.3,0,0,76.7,6.58,578.565,0
"North Avenue",2008-08-21,2008,234,29.5,0,"low",59.1,0,0,75.84,7.66,578.485,0
"North Avenue",2008-08-22,2008,235,17,0,"low",29.5,0,0,78.8,7.85,578.367,0
"North Avenue",2008-08-27,2008,240,34.3,0,"low",30.1,0,0,72.67,10.22,578.403,0
"North Avenue",2008-08-28,2008,241,59.6,0,"low",34.3,0,0,76.22,5.34,578.309,0
"North Avenue",2008-08-29,2008,242,58.5,0,"low",59.6,0.018,0.018,78.65,6.54,578.204,0
"North Avenue",2009-05-28,2009,148,3.2,0,"low",28,0.214,1.004,64.1,1.83,579.11,0
"North Avenue",2009-05-29,2009,149,1.7,0,"low",3.2,0,0.214,60.77,5.93,578.911,0
"North Avenue",2009-06-03,2009,154,6.2,0,"low",20.6,0.044,0.693,57.51,9.91,579.017,0
"North Avenue",2009-06-04,2009,155,3.6,0,"low",6.2,0,0.044,58.32,12.08,579.015,0
"North Avenue",2009-06-05,2009,156,1,0,"low",3.6,0,0,71.61,6.32,578.901,0
"North Avenue",2009-06-10,2009,161,11.9,0,"low",66.4,0.002,0.205,64.61,4.61,579.142,0
"North Avenue",2009-06-11,2009,162,29.5,0,"low",11.9,0.021,0.024,63.36,8.09,579.027,0
"North Avenue",2009-06-12,2009,163,5.5,0,"low",29.5,0.357,0.378,63.34,10.6,579.194,0
"North Avenue",2009-06-17,2009,168,39.9,0,"low",209.8,0.516,0.777,68.76,11.5,579.153,0
"North Avenue",2009-06-18,2009,169,9.2,0,"low",39.9,0.005,0.521,74.47,2.71,579.141,0
"North Avenue",2009-06-19,2009,170,41.9,0,"low",9.2,0.262,0.266,79.73,5.75,579.036,0
"North Avenue",2009-06-20,2009,171,49.2,0,"low",41.9,1.669,1.931,86.2,8.6,578.927,0
"North Avenue",2009-06-24,2009,175,6.8,0,"low",48.8,0,0.1,86.13,4.91,579.09,0
"North Avenue",2009-06-25,2009,176,72.1,0,"low",6.8,0.044,0.044,88.67,1.12,579.048,0
"North Avenue",2009-06-26,2009,177,10.4,0,"low",72.1,0,0.044,84.76,1.35,579.084,0
"North Avenue",2009-07-01,2009,182,19.8,0,"low",25.3,0,0,67.49,9.31,579.061,0
"North Avenue",2009-07-02,2009,183,7.3,0,"low",19.8,0.005,0.005,68.36,6.73,579.068,0
"North Avenue",2009-07-08,2009,189,51.7,0,"low",34.2,0.002,0.002,71.7,5.7,579.018,0
"North Avenue",2009-07-09,2009,190,19.9,0,"low",51.7,0.102,0.105,69.45,6.97,579.049,0
"North Avenue",2009-07-10,2009,191,26.8,0,"low",19.9,0,0.102,77.3,5.44,579.128,0
"North Avenue",2009-07-15,2009,196,39.1,0,"low",23.4,0,0,77.25,6.98,578.959,0
"North Avenue",2009-07-16,2009,197,7.2,0,"low",39.1,0.478,0.478,84.6,9.64,578.83,0
"North Avenue",2009-07-17,2009,198,201.9,0,"moderate",7.2,0.077,0.555,80.05,8.89,578.827,0
"North Avenue",2009-07-22,2009,203,99,0,"low",52.1,0.042,0.042,74.87,5.54,579.032,0
"North Avenue",2009-07-23,2009,204,34.1,0,"low",99,0,0.042,72.8,2.76,579.107,0
"North Avenue",2009-07-24,2009,205,8.5,0,"low",34.1,0.085,0.085,73.62,2.65,579.058,0
"North Avenue",2009-07-29,2009,210,97.3,0,"low",1026.2,0.027,0.027,82.27,4.74,578.877,0
"North Avenue",2009-07-30,2009,211,17.7,0,"low",97.3,0.035,0.062,74.12,4.94,578.896,0
"North Avenue",2009-07-31,2009,212,5.7,0,"low",17.7,0.03,0.064,77.07,5.01,578.84,0
"North Avenue",2009-08-05,2009,217,61.1,0,"low",96.3,0,0.069,78.25,1.08,578.907,0
"North Avenue",2009-08-06,2009,218,98.6,0,"low",61.1,0,0,73.19,5.04,578.799,0
"North Avenue",2009-08-07,2009,219,138.6,0,"moderate",98.6,0.011,0.011,75.4,1.94,578.84,0
"North Avenue",2009-08-12,2009,224,22.8,0,"low",28.1,0,0.002,75.15,6.25,579.043,0
"North Avenue",2009-08-13,2009,225,279.3,1,"exceed",22.8,0,0,77.61,5.12,578.94,0
"North Avenue",2009-08-14,2009,226,14.8,0,"low",279.3,0,0,80.2,4.03,578.885,0
"North Avenue",2009-08-19,2009,231,909,1,"exceed",58.2,0.148,0.543,81.74,7.45,578.846,0
"North Avenue",2009-08-20,2009,232,41.8,0,"low",909,0.163,0.311,77.89,4.57,578.865,0
"North Avenue",2009-08-21,2009,233,20.3,0,"low",41.8,0.08,0.243,76.46,13.72,578.875,0
"North Avenue",2009-08-26,2009,238,254.9,1,"exceed",14.6,0,0,79.28,10.33,578.733,0
"North Avenue",2009-08-27,2009,239,19.9,0,"low",254.9,0.901,0.901,72.98,4.54,578.996,0
"North Avenue",2009-09-02,2009,245,13.3,0,"low",11.3,0.002,0.002,67.09,5.47,578.965,0
"North Avenue",2009-09-03,2009,246,23.5,0,"low",13.3,0,0.002,68.5,4.37,578.963,0
"North Avenue",2010-05-27,2010,147,25.7,0,"low",17.3,0,0,77.17,3.69,578.118,0
"North Avenue",2010-05-28,2010,148,7.5,0,"low",25.7,0,0,69.35,11.87,578.183,0
"North Avenue",2010-06-03,2010,154,55,0,"low",15,0.865,0.865,74.68,2.36,578.187,0
"North Avenue",2010-06-04,2010,155,7.1,0,"low",55,0,0.865,70.09,7.89,578.22,0
"North Avenue",2010-06-09,2010,160,14,0,"low",33.6,0.285,0.288,71.38,9.63,578.131,0
"North Avenue",2010-06-10,2010,161,1,0,"low",14,0,0.285,81.73,9.86,578.265,0
"North Avenue",2010-06-11,2010,162,8.3,0,"low",1,0,0,77.18,4.11,578.175,0
"North Avenue",2010-06-16,2010,167,2.4,0,"low",16.5,0.373,0.442,75.51,1.37,578.43,0
"North Avenue",2010-06-17,2010,168,21.5,0,"low",2.4,0,0.373,79.22,6.23,578.48,0
"North Avenue",2010-06-18,2010,169,130.1,0,"moderate",21.5,0,0,76.42,6.33,578.355,0
"North Avenue",2010-06-23,2010,174,14.8,0,"low",188,0.485,0.702,85.15,7.51,578.446,0
"North Avenue",2010-06-24,2010,175,184.8,0,"moderate",14.8,0.518,1.003,85.96,11.09,578.17,0
"North Avenue",2010-06-25,2010,176,19.3,0,"low",184.8,0,0.518,76.16,3.22,578.34,0
"North Avenue",2010-06-30,2010,181,9.1,0,"low",19.4,0,0.584,69.53,7.96,578.385,0
"North Avenue",2010-07-01,2010,182,1.7,0,"low",9.1,0,0,70.07,4.63,578.399,0
"North Avenue",2010-07-02,2010,183,4.1,0,"low",1.7,0,0,75.81,6.19,578.397,0
"North Avenue",2010-07-08,2010,189,138,0,"moderate",12.7,0.112,0.15,88.89,4.3,578.271,0
"North Avenue",2010-07-09,2010,190,2419.6,1,"exceed",138,0.137,0.249,81.42,0.29,578.34,0
"North Avenue",2010-07-10,2010,191,9,0,"low",2419.6,0.004,0.142,80.51,5.99,578.354,0
"North Avenue",2010-07-14,2010,195,35.2,0,"low",18.3,0.06,0.064,82.27,5.56,578.445,0
"North Avenue",2010-07-15,2010,196,108,0,"low",35.2,0,0.06,88.07,8.51,578.348,0
"North Avenue",2010-07-16,2010,197,154,0,"moderate",108,0.003,0.003,89.24,6.52,578.358,0
"North Avenue",2010-07-21,2010,202,10.3,0,"low",20.6,0,0.003,82.84,6.42,578.354,0
"North Avenue",2010-07-22,2010,203,84.6,0,"low",10.3,0,0,83.97,2.03,578.33,0
"North Avenue",2010-07-23,2010,204,180.8,0,"moderate",84.6,0.724,0.724,87.73,9.96,578.234,0
"North Avenue",2010-07-28,2010,209,19.9,0,"low",9.7,0,0,87.02,6.27,578.336,0
"North Avenue",2010-07-29,2010,210,90.1,0,"low",19.9,0,0,87.53,5.9,578.268,0
"North Avenue",2010-07-30,2010,211,15.9,0,"low",90.1,0,0,77.83,5.64,578.413,0
"North Avenue",2010-08-04,2010,216,19.7,0,"low",149.3,0.546,0.573,82.04,3.92,578.278,0
"North Avenue",2010-08-05,2010,217,9.7,0,"low",19.7,0.5,1.046,79.33,2.99,578.327,0
"North Avenue",2010-08-06,2010,218,23.6,0,"low",9.7,0,0.5,82.21,10.2,578.252,0
"North Avenue",2010-08-11,2010,223,75.8,0,"low",40.9,0,0.161,81.76,3.78,578.372,0
"North Avenue",2010-08-12,2010,224,422.2,1,"exceed",75.8,0,0,88.26,2.33,578.417,0
"North Avenue",2010-08-13,2010,225,78.7,0,"low",422.2,0,0,84.86,2.19,578.441,0
"North Avenue",2010-08-18,2010,230,8,0,"low",21,0,0,75.71,3.58,578.056,0
"North Avenue",2010-08-19,2010,231,21.6,0,"low",8,0.056,0.056,80.55,2.13,578.04,0
"North Avenue",2010-08-20,2010,232,59.1,0,"low",21.6,0,0.056,84.02,4.91,578.133,0
"North Avenue",2010-08-25,2010,237,24.9,0,"low",9.5,0.002,0.002,79.33,3.38,578.324,0
"North Avenue",2010-08-26,2010,238,3.5,0,"low",24.9,0,0.002,76.92,8.82,578.394,0
"North Avenue",2010-08-27,2010,239,2,0,"low",3.5,0,0,79.13,2.32,578.22,0
"North Avenue",2010-09-01,2010,244,60.3,0,"low",48.5,0,0,90.29,13.35,577.888,0
"North Avenue",2010-09-02,2010,245,58.5,0,"low",60.3,0.141,0.141,80.96,6.72,578.083,0
"North Avenue",2010-09-03,2010,246,14.2,0,"low",58.5,0.744,0.885,81.85,8.03,578.112,0
"North Avenue",2011-05-28,2011,148,142.4,0,"moderate",281.4,0.009,0.839,53.55,9.13,578.391,0
"North Avenue",2011-06-02,2011,153,410.5,1,"exceed",23.9,0,0.048,80.69,12.56,577.848,0
"North Avenue",2011-06-03,2011,154,110.9,0,"low",410.5,0,0,70.32,7.22,578.122,0
"North Avenue",2011-06-08,2011,159,2,0,"low",1,0,0,94.8,11.46,578.207,0
"North Avenue",2011-06-09,2011,160,284.6,1,"exceed",2,0,0,93.92,13.26,578.026,0
"North Avenue",2011-06-10,2011,161,293,1,"exceed",284.6,1.321,1.321,69.15,7,578.433,0
"North Avenue",2011-06-11,2011,162,154.7,0,"moderate",293,0.575,1.896,62.64,8.87,578.504,0
"North Avenue",2011-06-12,2011,163,1,0,"low",154.7,0.022,0.597,58.18,6.56,578.396,0
"North Avenue",2011-06-13,2011,164,1.4,0,"low",1,0,0.022,61.33,8.84,578.248,0
"North Avenue",2011-06-14,2011,165,10.2,0,"low",1.4,0,0,65.18,6.83,578.269,0
"North Avenue",2011-06-15,2011,166,46.3,0,"low",10.2,0.046,0.046,69.41,7.18,578.393,0
"North Avenue",2011-06-16,2011,167,11.4,0,"low",46.3,0.473,0.52,71.84,10.56,578.392,0
"North Avenue",2011-06-17,2011,168,11.5,0,"low",11.4,0.026,0.499,76.49,4.5,578.404,0
"North Avenue",2011-06-22,2011,173,24.3,0,"low",112.6,0.307,0.62,85.91,13.65,578.507,0
"North Avenue",2011-06-23,2011,174,15.8,0,"low",24.3,0.057,0.364,72.6,14,578.479,0
"North Avenue",2011-06-24,2011,175,20.3,0,"low",15.8,0.026,0.082,70.29,12.47,578.452,0
"North Avenue",2011-06-29,2011,180,21.1,0,"low",169.4,0,0.051,76.56,6.3,578.418,0
"North Avenue",2011-06-30,2011,181,68.4,0,"low",21.1,0,0,74.37,2.9,578.346,0
"North Avenue",2011-07-01,2011,182,50.9,0,"low",68.4,0,0,83.67,8.63,578.499,0
"North Avenue",2011-07-07,2011,188,29.5,0,"low",1.8,0,0,80.79,6.15,578.427,0
"North Avenue",2011-07-08,2011,189,8.9,0,"low",29.5,0.032,0.032,76,5.44,578.479,0
"North Avenue",2011-07-13,2011,194,147.4,0,"moderate",39.2,0.007,0.35,80.73,5.4,578.425,0
"North Avenue",2011-07-14,2011,195,5.7,0,"low",147.4,0,0.007,71.02,12.24,578.567,0
"North Avenue",2011-07-15,2011,196,8.5,0,"low",5.7,0,0,75.83,7.27,578.524,0
"North Avenue",2011-07-20,2011,201,14.3,0,"low",79.2,0,0.003,84.63,2.69,578.506,0
"North Avenue",2011-07-21,2011,202,4.8,0,"low",14.3,0.065,0.065,97.29,6.87,578.262,0
"North Avenue",2011-07-22,2011,203,68.5,0,"low",4.8,0.004,0.07,95.92,5.52,578.262,0
"North Avenue",2011-07-23,2011,204,106.1,0,"low",68.5,0.488,0.493,85.79,3.58,578.352,0
"North Avenue",2011-07-24,2011,205,27.5,0,"low",106.1,2.319,2.808,81.68,0.81,578.388,0
"North Avenue",2011-07-25,2011,206,122,0,"low",27.5,0.073,2.392,82.89,1.43,578.48,0
"North Avenue",2011-07-26,2011,207,15.2,0,"low",122,0.009,0.082,80.48,3.2,578.434,1
"North Avenue",2011-07-27,2011,208,36.5,0,"low",15.2,0.004,0.013,79.96,4.81,578.367,0
"North Avenue",2011-07-28,2011,209,84.9,0,"low",36.5,0.383,0.388,87.57,7.03,578.342,0
"North Avenue",2011-07-29,2011,210,254.4,1,"exceed",84.9,0.334,0.717,82.01,3.31,578.504,0
"North Avenue",2011-07-30,2011,211,43.9,0,"low",254.4,0.261,0.595,81.32,3.2,578.473,0
"North Avenue",2011-08-03,2011,215,128.4,0,"moderate",23.1,0.271,0.271,91.09,9.09,578.36,0
"North Avenue",2011-08-04,2011,216,14.5,0,"low",128.4,0,0.271,80.84,8.63,578.64,0
"North Avenue",2011-08-05,2011,217,4.7,0,"low",14.5,0,0,78.15,6.29,578.494,0
"North Avenue",2011-08-10,2011,222,29.6,0,"low",8.7,0.028,0.264,79.88,11.13,578.409,0
"North Avenue",2011-08-11,2011,223,9.7,0,"low",29.6,0,0.028,74.46,6.1,578.37,0
"North Avenue",2011-08-12,2011,224,5.8,0,"low",9.7,0,0,77.29,1.89,578.252,0
"North Avenue",2011-08-17,2011,229,14.5,0,"low",6.9,0,0,79.51,3.02,578.422,0
"North Avenue",2011-08-18,2011,230,10.6,0,"low",14.5,0,0,81.92,6.99,578.338,0
"North Avenue",2011-08-19,2011,231,8.5,0,"low",10.6,0,0,79.1,3.3,578.409,0
"North Avenue",2011-08-24,2011,236,6.8,0,"low",118.3,0.218,0.218,79.03,11.37,577.898,0
"North Avenue",2011-08-25,2011,237,100.6,0,"low",6.8,0,0.218,90.7,9.87,578.087,0
"North Avenue",2011-08-26,2011,238,5.4,0,"low",100.6,0,0,75.52,6.37,578.259,0
"North Avenue",2011-08-31,2011,243,14.1,0,"low",8,0.007,0.007,79.98,7.45,578.113,0
"North Avenue",2011-09-01,2011,244,12.2,0,"low",14.1,0.039,0.046,87.71,6.97,578.181,0
"North Avenue",2011-09-02,2011,245,10.4,0,"low",12.2,0,0.039,92.08,5.46,578.263,0
"North Avenue",2012-05-24,2012,145,16,0,"low",6.7,0,0,73.19,5.47,577.847,0
"North Avenue",2012-05-25,2012,146,18.9,0,"low",16,0,0,84.92,17.49,577.695,0
"North Avenue",2012-05-31,2012,152,65.1,0,"low",55.9,0,0.004,66.88,6.96,577.868,0
"North Avenue",2012-06-01,2012,153,143.6,0,"moderate",65.1,0.783,0.783,53.94,12.79,577.991,0
"North Avenue",2012-06-06,2012,158,1.4,0,"low",12.1,0,0,63.64,9.42,578.029,0
"North Avenue",2012-06-07,2012,159,2,0,"low",1.4,0,0,68.57,6.64,577.873,0
"North Avenue",2012-06-08,2012,160,2.5,0,"low",2,0,0,72.23,2.56,577.767,0
"North Avenue",2012-06-13,2012,165,6.9,0,"low",9.1,0,0,77.16,7.88,577.847,0
"North Avenue",2012-06-14,2012,166,20.7,0,"low",6.9,0,0,66.44,8.1,577.781,0
"North Avenue",2012-06-15,2012,167,70.1,0,"low",20.7,0,0,77.22,8.27,577.847,0
"North Avenue",2012-06-20,2012,172,2.5,0,"low",7.4,0,0,89.98,16.57,577.656,0
"North Avenue",2012-06-21,2012,173,9.6,0,"low",2.5,0,0,89.98,16.61,577.635,0
"North Avenue",2012-06-22,2012,174,37.6,0,"low",9.6,0.017,0.017,82.24,7.22,577.678,0
"North Avenue",2012-06-27,2012,179,3.6,0,"low",20.3,0,0,74.77,6.91,577.866,0
"North Avenue",2012-06-28,2012,180,29.9,0,"low",3.6,0,0,87.79,12.72,577.697,0
"North Avenue",2012-06-29,2012,181,27,0,"low",29.9,0.029,0.029,96.4,7.88,577.777,0
"North Avenue",2012-07-11,2012,193,7.4,0,"low",39.1,0,0,77.35,11.19,577.973,0
"North Avenue",2012-07-12,2012,194,6.6,0,"low",7.4,0,0,80.14,7.77,577.899,0
"North Avenue",2012-07-13,2012,195,6.9,0,"low",6.6,0,0,86.21,7.58,577.818,0
"North Avenue",2012-07-18,2012,200,48,0,"low",62.3,0,0,97.11,9.76,577.557,0
"North Avenue",2012-07-19,2012,201,16,0,"low",48,0.268,0.268,83.9,6.38,577.851,0
"North Avenue",2012-07-20,2012,202,65.1,0,"low",16,0.684,0.952,79.1,3.97,578.002,0
"North Avenue",2012-07-25,2012,207,25.1,0,"low",131.4,0.49,0.499,87.21,6.04,577.691,0
"North Avenue",2012-07-26,2012,208,240.4,1,"exceed",25.1,0.003,0.493,97.81,9.65,577.568,0
"North Avenue",2012-07-27,2012,209,32.2,0,"low",240.4,0.262,0.265,89.71,7,577.626,0
"North Avenue",2012-08-01,2012,214,16.2,0,"low",384,0.225,0.239,82.27,3.45,577.69,0
"North Avenue",2012-08-02,2012,215,23.2,0,"low",16.2,0,0.225,82.64,5.32,577.611,0
"North Avenue",2012-08-03,2012,216,55.5,0,"low",23.2,0,0,87.23,4.11,577.487,0
"North Avenue",2012-08-08,2012,221,184.5,0,"moderate",20.3,0,0,90.93,6.82,577.429,0
"North Avenue",2012-08-09,2012,222,92.1,0,"low",184.5,0.004,0.004,80.87,9.05,577.633,0
"North Avenue",2012-08-10,2012,223,1140.9,1,"exceed",92.1,0.223,0.227,74.42,9.11,577.712,0
"North Avenue",2012-08-11,2012,224,286,1,"exceed",1140.9,0.197,0.419,72.34,16.72,578.254,0
"North Avenue",2012-08-12,2012,225,62,0,"low",286,0,0.197,73.82,8.96,577.907,0
"North Avenue",2012-08-13,2012,226,94.1,0,"low",62,0,0,74.66,4.6,577.576,0
"North Avenue",2012-08-14,2012,227,156.9,0,"moderate",94.1,0.281,0.281,70.55,2.1,577.614,0
"North Avenue",2012-08-15,2012,228,86.6,0,"low",156.9,0.004,0.286,76.69,1,577.66,0
"North Avenue",2012-08-16,2012,229,209.6,0,"moderate",86.6,0,0.004,84.46,5.29,577.546,0
"North Avenue",2012-08-17,2012,230,173.8,0,"moderate",209.6,0.274,0.274,75.01,8.44,577.427,0
"North Avenue",2012-08-22,2012,235,25.6,0,"low",20.3,0,0.318,74.44,1.88,577.366,0
"North Avenue",2012-08-23,2012,236,16.6,0,"low",25.6,0,0,79.84,6.55,577.252,0
"North Avenue",2012-08-24,2012,237,24.7,0,"low",16.6,0.014,0.014,87.14,9.03,577.205,0
"North Avenue",2012-08-29,2012,242,26.1,0,"low",46.4,0,0.005,78.79,4.19,577.305,0
"North Avenue",2012-08-30,2012,243,14.6,0,"low",26.1,0,0,78.48,6.13,577.268,0
"North Avenue",2012-08-31,2012,244,16.1,0,"low",14.6,0,0,88.17,11.65,576.952,0
"North Avenue",2013-05-23,2013,143,1352.6,1,"exceed",6.7,0.76,0.984,71.39,4.87,577.623,0
"North Avenue",2013-05-24,2013,144,181,0,"moderate",1352.6,0.051,0.812,54.15,20.02,578.166,0
"North Avenue",2013-05-30,2013,150,3.5,0,"low",83.8,0.015,0.423,80.21,7.44,577.632,0
"North Avenue",2013-05-31,2013,151,14.4,0,"low",3.5,0.277,0.292,79.93,16.03,577.582,0
"North Avenue",2013-06-05,2013,156,24.2,0,"low",3.5,0,0,64.5,5.19,577.762,0
"North Avenue",2013-06-06,2013,157,36,0,"low",24.2,0.005,0.005,65.83,6.73,577.928,0
"North Avenue",2013-06-07,2013,158,7.5,0,"low",36,0.147,0.153,58.91,9.39,577.971,0
"North Avenue",2013-06-12,2013,163,82.9,0,"low",4.2,0.2,0.35,78.37,2.89,577.747,0
"North Avenue",2013-06-13,2013,164,16,0,"low",82.9,0.362,0.561,76.64,2.21,577.887,0
"North Avenue",2013-06-14,2013,165,11.2,0,"low",16,0.042,0.404,65.79,12.68,578.018,0
"North Avenue",2013-06-19,2013,170,2.4,0,"low",8.8,0,0.054,63.9,13.7,578.197,0
"North Avenue",2013-06-20,2013,171,5.9,0,"low",2.4,0,0,68.29,6.13,577.927,0
"North Avenue",2013-06-21,2013,172,4.5,0,"low",5.9,0,0,78.55,7.24,577.877,0
"North Avenue",2013-06-26,2013,177,2420,1,"exceed",355.2,0.034,0.309,83.98,5.56,577.835,0
"North Avenue",2013-06-27,2013,178,90.3,0,"low",2420,0.956,0.99,78.17,4.36,577.893,0
"North Avenue",2013-06-28,2013,179,7.7,0,"low",90.3,0.703,1.659,86.24,4.09,577.911,0
"North Avenue",2013-07-03,2013,184,5.9,0,"low",18.5,0,0,64.49,12.26,578.215,0
"North Avenue",2013-07-10,2013,191,36.9,0,"low",88.7,0.01,0.266,83.72,7.15,577.957,0
"North Avenue",2013-07-11,2013,192,20.4,0,"low",36.9,0,0.01,80.55,3.98,577.85,0
"North Avenue",2013-07-12,2013,193,17,0,"low",20.4,0,0,75.64,5.24,577.914,0
"North Avenue",2013-07-17,2013,198,26.8,0,"low",19.6,0.004,0.043,88.54,5.91,577.91,0
"North Avenue",2013-07-18,2013,199,27.6,0,"low",26.8,0,0.004,88.8,4.13,577.791,0
"North Avenue",2013-07-19,2013,200,6.9,0,"low",27.6,0,0,93.23,7.65,577.741,0
"North Avenue",2013-07-24,2013,205,70.4,0,"low",6.7,0.019,0.021,80.05,8.55,578.108,0
"North Avenue",2013-07-25,2013,206,35.9,0,"low",70.4,0,0.019,68.54,11.13,577.943,0
"North Avenue",2013-07-26,2013,207,35.9,0,"low",35.9,0,0,75.55,1.48,577.821,0
"North Avenue",2013-07-31,2013,212,11.5,0,"low",6.9,0.022,0.022,72.11,6.13,577.825,0
"North Avenue",2013-08-01,2013,213,42,0,"low",11.5,0.166,0.187,74.25,1.13,577.864,0
"North Avenue",2013-08-02,2013,214,35.3,0,"low",42,0.002,0.168,76.29,5.19,577.818,0
"North Avenue",2013-08-07,2013,219,7.7,0,"low",44.9,0.017,0.044,81.01,8.48,577.758,0
"North Avenue",2013-08-08,2013,220,140.6,0,"moderate",7.7,0.009,0.026,83.96,2.46,577.949,0
"North Avenue",2013-08-09,2013,221,22,0,"low",140.6,0,0.009,73.85,10.53,577.943,0
"North Avenue",2013-08-14,2013,226,58.4,0,"low",1013.9,0,0.504,69.88,12.45,578.078,0
"North Avenue",2013-08-15,2013,227,51.6,0,"low",58.4,0,0,66.91,6.07,577.859,0
"North Avenue",2013-08-16,2013,228,32,0,"low",51.6,0,0,72.55,4.83,577.698,0
"North Avenue",2013-08-21,2013,233,222.7,0,"moderate",17.4,0,0,85.54,7.39,577.648,0
"North Avenue",2013-08-22,2013,234,51.1,0,"low",222.7,0.014,0.014,88.23,10.04,577.654,0
"North Avenue",2013-08-23,2013,235,54,0,"low",51.1,0.212,0.225,77.9,2.88,577.695,0
"North Avenue",2013-08-28,2013,240,42.4,0,"low",254,0,0,92.91,12.64,577.68,0
"North Avenue",2013-08-29,2013,241,43.8,0,"low",42.4,0,0,84.65,6.88,577.875,0
"North Avenue",2013-08-30,2013,242,15,0,"low",43.8,0,0,79.62,3.11,577.822,0
"North Avenue",2014-05-22,2014,142,1,0,"low",1.4,0.201,0.504,77.77,1.29,578.717,0
"North Avenue",2014-05-23,2014,143,58,0,"low",1,0,0.201,63.53,5.31,578.625,0
"North Avenue",2014-05-29,2014,149,12.8,0,"low",199.4,0.281,0.413,61.11,8.66,578.878,0
"North Avenue",2014-05-30,2014,150,6.7,0,"low",12.8,0,0.281,64.7,8.25,578.922,0
"North Avenue",2014-06-04,2014,155,460.6,1,"exceed",107.1,0,0.16,75.82,5.27,578.649,0
"North Avenue",2014-06-05,2014,156,58.8,0,"low",460.6,0.12,0.12,67.76,7.09,578.836,0
"North Avenue",2014-06-06,2014,157,25.9,0,"low",58.8,0,0.12,67.42,5.29,578.784,0
"North Avenue",2014-06-11,2014,162,8.5,0,"low",13.3,0.569,0.569,60.03,9.69,579.007,0
"North Avenue",2014-06-12,2014,163,13.7,0,"low",8.5,0.5,1.069,62.18,5.5,579.091,0
"North Avenue",2014-06-13,2014,164,1,0,"low",13.7,0.009,0.509,79.93,7.3,578.845,0
"North Avenue",2014-06-18,2014,169,2420,1,"exceed",149.5,0.002,0.002,85.53,10.98,578.796,0
"North Avenue",2014-06-19,2014,170,39.9,0,"low",2420,0.233,0.236,80.92,3.42,579.096,0
"North Avenue",2014-06-20,2014,171,24.9,0,"low",39.9,0.352,0.586,71.57,5.91,579.167,0
"North Avenue",2014-06-25,2014,176,122.9,0,"low",122.5,0.643,0.777,78.59,1.34,579.042,0
"North Avenue",2014-06-26,2014,177,40.4,0,"low",122.9,0.014,0.657,69.14,7.3,579.183,0
"North Avenue",2014-06-27,2014,178,128.5,0,"moderate",40.4,0,0.014,67.49,5.66,579.117,0
"North Avenue",2014-07-02,2014,183,11.5,0,"low",15.4,0.07,1.953,79.99,12.2,578.823,1
"North Avenue",2014-07-03,2014,184,22.6,0,"low",11.5,0.11,0.18,72.13,6.41,578.957,0
"North Avenue",2014-07-09,2014,190,39.6,0,"low",291.7,0.38,0.781,80.43,10.59,579.037,0
"North Avenue",2014-07-10,2014,191,8.8,0,"low",39.6,0,0.38,73.3,3.54,579.036,0
"North Avenue",2014-07-11,2014,192,12,0,"low",8.8,0,0,72.29,5.92,579.09,0
"North Avenue",2014-07-16,2014,197,11,0,"low",120.4,0.055,0.369,67.89,10.61,579.219,0
"North Avenue",2014-07-17,2014,198,6.9,0,"low",11,0.004,0.06,67.62,4.12,579.122,0
"North Avenue",2014-07-18,2014,199,4.2,0,"low",6.9,0,0.004,72.52,4.28,579.121,0
"North Avenue",2014-07-23,2014,204,157.9,0,"moderate",3,0.005,0.005,87.54,11.93,578.974,0
"North Avenue",2014-07-24,2014,205,65.4,0,"low",157.9,0.012,0.018,74.67,17.82,579.474,0
"North Avenue",2014-07-25,2014,206,63.5,0,"low",65.4,0,0.012,69.48,7.29,579.242,0
"North Avenue",2014-07-30,2014,211,22.5,0,"low",32.9,0.055,0.055,73.25,3.12,579.144,0
"North Avenue",2014-07-31,2014,212,26.7,0,"low",22.5,0,0.055,71.68,2.46,579.143,0
"North Avenue",2014-08-01,2014,213,13.7,0,"low",26.7,0.007,0.007,82.16,8.14,579.062,0
"North Avenue",2014-08-06,2014,218,128.4,0,"moderate",92.6,0.244,1.592,74.48,3.04,579.265,0
"North Avenue",2014-08-07,2014,219,324.4,1,"exceed",128.4,0,0.244,74.3,6.33,579.249,0
"North Avenue",2014-08-08,2014,220,68.9,0,"low",324.4,0,0,75.77,7.81,579.216,0
"North Avenue",2014-08-13,2014,225,119,0,"low",51,0.027,1.148,69.9,11.11,579.486,0
"North Avenue",2014-08-14,2014,226,44.5,0,"low",119,0,0.027,78.07,3.73,579.225,0
"North Avenue",2014-08-15,2014,227,17.1,0,"low",44.5,0,0,67.8,8.6,579.275,0
"North Avenue",2014-08-20,2014,232,26.8,0,"low",21.4,0.214,0.214,84.25,11.15,579.32,0
"North Avenue",2014-08-21,2014,233,181.9,0,"moderate",26.8,0,0.214,85.01,7.7,579.33,0
"North Avenue",2014-08-22,2014,234,345,1,"exceed",181.9,1.03,1.03,77.26,5.49,579.35,0
"North Avenue",2014-08-27,2014,239,57.1,0,"low",99.1,0.02,0.729,79.58,0.6,579.28,0
"North Avenue",2014-08-28,2014,240,20.2,0,"low",57.1,0,0.02,75.65,6.83,579.262,0
"North Avenue",2014-08-29,2014,241,56.2,0,"low",20.2,0.009,0.009,72.65,8.92,579.322,0
"North Avenue",2015-05-21,2015,141,4.9,0,"low",18.4,0.038,0.038,45.8,8.65,579.495,0
"North Avenue",2015-05-22,2015,142,2.4,0,"low",4.9,0,0.038,66.78,7.69,579.462,0
"North Avenue",2015-05-28,2015,148,8,0,"low",1,0.097,0.555,71.74,8.74,579.525,0
"North Avenue",2015-05-29,2015,149,120.1,0,"low",8,0,0.097,76.19,6.23,579.607,0
"North Avenue",2015-06-03,2015,154,12,0,"low",12.6,0,0,63.36,4.45,579.794,0
"North Avenue",2015-06-04,2015,155,18.4,0,"low",12,0,0,70.67,6.81,579.82,0
"North Avenue",2015-06-05,2015,156,15,0,"low",18.4,0,0,77.58,7.92,579.79,0
"North Avenue",2015-06-10,2015,161,13.4,0,"low",6.6,0,0.11,83.11,7.06,579.718,0
"North Avenue",2015-06-11,2015,162,146.9,0,"moderate",13.4,0.041,0.041,91.45,7.78,579.761,0
"North Avenue",2015-06-12,2015,163,22.4,0,"low",146.9,0.131,0.171,67.95,5.79,579.944,0
"North Avenue",2015-06-17,2015,168,9.5,0,"low",72,0.009,1.076,70.92,9.47,580.016,1
"North Avenue",2015-06-18,2015,169,8.1,0,"low",9.5,0.158,0.167,65,2.79,580.048,0
"North Avenue",2015-06-19,2015,170,15.5,0,"low",8.1,0.143,0.302,80.05,5.91,580.048,0
"North Avenue",2015-06-24,2015,175,25.3,0,"low",651.6,0,0.028,76.37,4.3,580.017,0
"North Avenue",2015-06-25,2015,176,29.9,0,"low",25.3,0,0,76.53,4.89,579.875,0
"North Avenue",2015-06-26,2015,177,193.4,0,"moderate",29.9,0.528,0.528,76.08,0.49,580.153,0
"North Avenue",2015-07-01,2015,182,62.8,0,"low",6.9,0.104,0.302,72.43,3.72,580.06,0
"North Avenue",2015-07-02,2015,183,26.7,0,"low",62.8,0,0.104,61.75,8.04,580.091,0
"North Avenue",2015-07-08,2015,189,79.6,0,"low",263.3,0.346,0.731,72.53,11.74,580.256,0
"North Avenue",2015-07-09,2015,190,20,0,"low",79.6,0.028,0.374,63.4,6.99,580.11,0
"North Avenue",2015-07-10,2015,191,16.6,0,"low",20,0.023,0.051,68.39,5.99,580.118,0
"North Avenue",2015-07-15,2015,196,51.4,0,"low",19,0,0.662,76.78,9.59,580.248,0
"North Avenue",2015-07-16,2015,197,15.9,0,"low",51.4,0,0,69,9.75,580.217,0
"North Avenue",2015-07-17,2015,198,9.5,0,"low",15.9,0.533,0.533,73.8,6.53,580.058,0
"North Avenue",2015-07-22,2015,203,7.7,0,"low",37.9,0,0,75.77,6.21,579.976,0
"North Avenue",2015-07-23,2015,204,20.1,0,"low",7.7,0,0,77,1.73,579.948,0
"North Avenue",2015-07-24,2015,205,20.2,0,"low",20.1,0,0,79.05,2.91,579.985,0
"North Avenue",2015-07-29,2015,210,114.5,0,"low",256.7,0,0,84.81,5.1,580.004,0
"North Avenue",2015-07-30,2015,211,12,0,"low",114.5,0.032,0.032,86.08,7.44,579.91,0
"North Avenue",2015-07-31,2015,212,3.5,0,"low",12,0,0.032,86.59,11.21,579.79,0
"North Avenue",2015-08-05,2015,217,6.9,0,"low",7.7,0,0.778,79.98,3.7,579.96,0
"North Avenue",2015-08-06,2015,218,63.5,0,"low",6.9,0,0,77.8,4.51,580.036,0
"North Avenue",2015-08-07,2015,219,12.7,0,"low",63.5,0,0,77.38,8.5,580.113,0
"North Avenue",2015-08-12,2015,224,71.7,0,"low",43,0,0.309,76.16,6.12,580.042,0
"North Avenue",2015-08-13,2015,225,32.8,0,"low",71.7,0,0,74.37,4.66,579.88,0
"North Avenue",2015-08-14,2015,226,42.4,0,"low",32.8,0,0,83.14,10.06,579.753,0
"North Avenue",2015-08-19,2015,231,16.4,0,"low",27.5,0.627,0.908,81.26,9.48,579.95,0
"North Avenue",2015-08-20,2015,232,61.7,0,"low",16.4,0.015,0.643,75.44,14.27,579.717,0
"North Avenue",2015-08-21,2015,233,22.2,0,"low",61.7,0,0.015,73.2,14.38,579.684,0
"North Avenue",2015-08-26,2015,238,45.9,0,"low",9.5,0,0,67.22,5.28,579.697,0
"North Avenue",2015-08-27,2015,239,12.6,0,"low",45.9,0,0,64.46,5.11,579.754,0
"North Avenue",2015-08-28,2015,240,19.5,0,"low",12.6,0,0,70.14,1.33,579.792,0
"North Avenue",2015-09-02,2015,245,12.4,0,"low",7.9,0,0,87.75,9.45,579.762,0
"North Avenue",2015-09-03,2015,246,6.2,0,"low",12.4,0,0,88.95,6.88,579.77,0
"North Avenue",2015-09-04,2015,247,73.4,0,"low",6.2,0,0,89.8,5.53,579.905,0
"North Avenue",2016-06-02,2016,154,177.4,0,"moderate",376.6,0.281,0.811,75.11,1.52,580.465,0
"North Avenue",2016-06-03,2016,155,142.8,0,"moderate",177.4,0,0.281,75.98,3.26,580.335,0
"North Avenue",2016-06-07,2016,159,61.6,0,"low",23,0.027,0.114,81.09,10.03,580.213,0
"North Avenue",2016-06-08,2016,160,38.2,0,"low",61.6,0,0.027,63.16,7.78,580.418,0
"North Avenue",2016-06-09,2016,161,15.2,0,"low",38.2,0,0,62.71,3.41,580.28,0
"North Avenue",2016-06-10,2016,162,8.4,0,"low",15.2,0.108,0.108,69.93,6.19,580.367,0
"North Avenue",2016-06-14,2016,166,32.9,0,"low",3.2,0.006,0.006,80.63,4.17,580.574,0
"North Avenue",2016-06-15,2016,167,152.7,0,"moderate",32.9,0,0.006,79.54,7.04,580.531,0
"North Avenue",2016-06-16,2016,168,24.3,0,"low",152.7,0.252,0.252,85.12,6.48,580.513,0
"North Avenue",2016-06-17,2016,169,21,0,"low",24.3,0,0.252,82.45,10.78,580.684,0
"North Avenue",2016-06-21,2016,173,19.6,0,"low",30.8,0.002,0.002,91.84,11,580.242,0
"North Avenue",2016-06-22,2016,174,32,0,"low",19.6,0,0.002,79.15,4.22,580.311,0
"North Avenue",2016-06-23,2016,175,121.6,0,"low",32,0.768,0.768,75.03,4.03,580.435,0
"North Avenue",2016-06-24,2016,176,24,0,"low",121.6,0,0.768,72.42,7.65,580.579,0
"North Avenue",2016-06-28,2016,180,114.6,0,"low",20.3,0,0.106,89.14,6.33,580.343,0
"North Avenue",2016-06-29,2016,181,13.4,0,"low",114.6,0,0,70.87,12.18,580.589,0
"North Avenue",2016-06-30,2016,182,16.2,0,"low",13.4,0,0,73.61,2.75,580.371,0
"North Avenue",2016-07-01,2016,183,81.8,0,"low",16.2,0,0,76.61,8.81,580.284,0
"North Avenue",2016-07-07,2016,189,100.5,0,"low",13.9,1.194,1.194,85.21,6.9,580.282,0
"North Avenue",2016-07-08,2016,190,82.1,0,"low",100.5,0.154,1.349,80.06,2.16,580.371,0
"North Avenue",2016-07-12,2016,194,22,0,"low",2.8,0,0,88.06,12.88,580.358,0
"North Avenue",2016-07-13,2016,195,6.5,0,"low",22,0,0,87.83,13.31,580.23,0
"North Avenue",2016-07-14,2016,196,36.8,0,"low",6.5,0.227,0.227,83.59,9.88,580.112,0
"North Avenue",2016-07-15,2016,197,16.3,0,"low",36.8,0,0.227,85.87,13.81,580.105,0
"North Avenue",2016-07-19,2016,201,19.8,0,"low",4.5,0.189,0.502,80.76,0.61,580.249,0
"North Avenue",2016-07-20,2016,202,9.5,0,"low",19.8,0,0.189,81.81,3.01,580.308,0
"North Avenue",2016-07-21,2016,203,14.3,0,"low",9.5,0,0,85.45,5.76,580.289,0
"North Avenue",2016-07-22,2016,204,55.5,0,"low",14.3,0.45,0.45,88.35,6.34,580.039,0
"North Avenue",2016-07-26,2016,208,9.8,0,"low",4.9,0,0.447,82.38,0.81,580.19,0
"North Avenue",2016-07-27,2016,209,81.3,0,"low",9.8,0,0,83.34,3.27,580.223,0
"North Avenue",2016-07-28,2016,210,103.9,0,"low",81.3,0,0,84.76,2.7,580.259,0
"North Avenue",2016-07-29,2016,211,34.3,0,"low",103.9,0.166,0.166,79.97,3.23,580.394,0
"North Avenue",2016-08-02,2016,215,25.7,0,"low",12,0,0,79.1,6.35,580.413,0
"North Avenue",2016-08-03,2016,216,38.2,0,"low",25.7,0,0,81.91,5.63,580.397,0
"North Avenue",2016-08-04,2016,217,39.3,0,"low",38.2,0,0,85.57,4.99,580.364,0
"North Avenue",2016-08-05,2016,218,4.5,0,"low",39.3,0,0,88.42,6.2,580.276,0
"North Avenue",2016-08-09,2016,222,29.4,0,"low",89.5,0,0,80.63,10.41,580.318,0
"North Avenue",2016-08-10,2016,223,152.3,0,"moderate",29.4,0,0,84.02,5.41,580.18,0
"North Avenue",2016-08-11,2016,224,66.2,0,"low",152.3,0,0,84.6,3.81,580.164,0
"North Avenue",2016-08-12,2016,225,68.1,0,"low",66.2,0,0,90.92,10.47,580.105,0
"North Avenue",2016-08-16,2016,229,69.9,0,"low",53.5,0.048,0.048,76.17,7.44,580.335,0
"North Avenue",2016-08-17,2016,230,31.9,0,"low",69.9,0.052,0.1,81.2,2.31,580.308,0
"North Avenue",2016-08-18,2016,231,36.5,0,"low",31.9,0.015,0.067,85.43,5.19,580.249,0
"North Avenue",2016-08-19,2016,232,38.9,0,"low",36.5,0.516,0.531,84.15,7.74,580.213,0
"North Avenue",2016-08-23,2016,236,9.4,0,"low",6,0,0,77.11,4.73,580.135,0
"North Avenue",2016-08-24,2016,237,12.6,0,"low",9.4,0,0,79.53,11.99,579.918,0
"North Avenue",2016-08-30,2016,243,253.9,1,"exceed",14.4,0.15,0.155,82.12,5.15,580.226,0
"North Avenue",2016-08-31,2016,244,169.4,0,"moderate",253.9,0.104,0.254,81.88,1.21,580.223,0
"North Avenue",2016-09-01,2016,245,284.4,1,"exceed",169.4,0,0.104,74.55,12.44,580.489,0
"North Avenue",2016-09-02,2016,246,32.4,0,"low",284.4,0,0,71.62,13.65,580.577,0
"Oak Street",2006-05-25,2006,145,89.8,0,"low",50.4,0.467,0.467,77.55,12.3,577.846,0
"Oak Street",2006-05-26,2006,146,9.4,0,"low",89.8,0.145,0.612,73.34,10.68,577.922,0
"Oak Street",2006-06-01,2006,152,11.9,0,"low",35.9,0,0.405,72.35,7.3,578.078,0
"Oak Street",2006-06-02,2006,153,11.3,0,"low",11.9,0,0,71.88,8.09,578.091,0
"Oak Street",2006-06-07,2006,158,325.7,1,"exceed",45.9,0,0,81.89,11.11,577.94,0
"Oak Street",2006-06-08,2006,159,1,0,"low",325.7,0,0,77.94,4.71,578.118,0
"Oak Street",2006-06-09,2006,160,1,0,"low",1,0,0,78.73,6.01,578.066,0
"Oak Street",2006-06-14,2006,165,32.1,0,"low",1,0,0,69.81,5.82,578.077,0
"Oak Street",2006-06-15,2006,166,2,0,"low",32.1,0.006,0.006,76.65,7.33,578.113,0
"Oak Street",2006-06-16,2006,167,25.2,0,"low",2,0,0.006,85.24,4.84,578.093,0
"Oak Street",2006-06-21,2006,172,488.1,1,"exceed",189.7,0,0,78.78,3.73,578.005,0
"Oak Street",2006-06-22,2006,173,60.6,0,"low",488.1,0.054,0.054,86.15,9.13,577.913,0
"Oak Street",2006-06-23,2006,174,38.7,0,"low",60.6,0.189,0.243,79.33,3.79,578.022,0
"Oak Street",2006-06-28,2006,179,5.7,0,"low",125.7,0.002,0.729,76.51,4.16,578.035,0
"Oak Street",2006-06-29,2006,180,2.5,0,"low",5.7,0.329,0.331,75.73,6.31,578.013,0
"Oak Street",2006-06-30,2006,181,48.6,0,"low",2.5,0,0.329,76.69,3.47,577.952,0
"Oak Street",2006-07-12,2006,193,13.6,0,"low",4.4,0.193,0.231,74.27,4.74,578.091,0
"Oak Street",2006-07-13,2006,194,17.7,0,"low",13.6,0.005,0.198,75.21,10.82,578.161,0
"Oak Street",2006-07-14,2006,195,6.2,0,"low",17.7,0,0.005,80.82,6.17,578.034,0
"Oak Street",2006-07-19,2006,200,55.4,0,"low",13.6,0.048,0.19,80.25,12.26,578.065,0
"Oak Street",2006-07-20,2006,201,93.2,0,"low",55.4,0.003,0.051,87.61,6.69,578.016,0
"Oak Street",2006-07-21,2006,202,22.9,0,"low",93.2,0.819,0.822,80.79,3.43,577.928,0
"Oak Street",2006-07-26,2006,207,17.7,0,"low",100.1,0,0.003,89.23,11.71,577.764,0
"Oak Street",2006-07-27,2006,208,15.9,0,"low",17.7,0.079,0.079,83.95,10.63,577.861,0
"Oak Street",2006-07-28,2006,209,43.7,0,"low",15.9,0.01,0.088,85.55,4.57,577.947,0
"Oak Street",2006-08-02,2006,214,2,0,"low",1.8,0.033,0.033,96.63,11.73,577.792,0
"Oak Street",2006-08-03,2006,215,79,0,"low",2,0.303,0.336,95.67,13.07,577.893,0
"Oak Street",2006-08-04,2006,216,17.8,0,"low",79,0.404,0.707,80.13,4.08,578.06,0
"Oak Street",2006-08-09,2006,221,124.6,0,"low",96,0,0,78.98,10.17,578.109,0
"Oak Street",2006-08-10,2006,222,13.1,0,"low",124.6,0.052,0.052,81.99,5.99,577.977,0
"Oak Street",2006-08-11,2006,223,108.8,0,"low",13.1,0.213,0.265,76.85,5.89,578.171,0
"Oak Street",2006-08-16,2006,228,103,0,"low",43.9,0,0,79.37,2.57,577.826,0
"Oak Street",2006-08-17,2006,229,8.3,0,"low",103,0,0,79.65,6.18,577.919,0
"Oak Street",2006-08-18,2006,230,15.3,0,"low",8.3,0.056,0.056,81.67,5.37,577.95,0
"Oak Street",2006-08-23,2006,235,26.8,0,"low",11.8,0,0,83.03,2.36,577.883,0
"Oak Street",2006-08-24,2006,236,410.4,1,"exceed",26.8,0,0,86.53,4.32,577.925,0
"Oak Street",2006-08-25,2006,237,160.8,0,"moderate",410.4,0.616,0.616,82.55,7.14,577.945,0
"Oak Street",2006-08-30,2006,242,84.9,0,"low",208.1,0.061,0.6,68.53,9.71,578.246,0
"Oak Street",2006-08-31,2006,243,66.4,0,"low",84.9,0.014,0.075,72.1,11.01,578.4,0
"Oak Street",2006-09-01,2006,244,161,0,"moderate",66.4,0,0.014,72.34,12.22,578.358,0
"Oak Street",2007-05-30,2007,150,12.1,0,"low",41.8,0,0,83.89,7.05,577.877,0
"Oak Street",2007-05-31,2007,151,54.1,0,"low",12.1,0,0,86.13,9.84,577.828,0
"Oak Street",2007-06-01,2007,152,894.6,1,"exceed",54.1,0.107,0.107,76.95,8.65,577.775,0
"Oak Street",2007-06-06,2007,157,95.1,0,"low",182.6,0.294,0.518,66.24,8.21,577.92,0
"Oak Street",2007-06-07,2007,158,103.9,0,"low",95.1,0.003,0.297,83.29,9.27,577.75,0
"Oak Street",2007-06-08,2007,159,2.4,0,"low",103.9,0,0.003,90.62,20.62,577.59,0
"Oak Street",2007-06-13,2007,164,71.4,0,"low",80.4,0,0,77.67,7.69,577.911,0
"Oak Street",2007-06-14,2007,165,25.2,0,"low",71.4,0,0,80.21,6.36,577.919,0
"Oak Street",2007-06-15,2007,166,65.5,0,"low",25.2,0,0,82.7,5.17,577.939,0
"Oak Street",2007-06-20,2007,171,29.1,0,"low",17,0.53,0.727,79.37,10.19,577.746,0
"Oak Street",2007-06-21,2007,172,30.2,0,"low",29.1,0,0.53,81.09,3.39,577.675,0
"Oak Street",2007-06-22,2007,173,502.4,1,"exceed",30.2,0,0,75.42,2.78,577.785,0
"Oak Street",2007-06-27,2007,178,1413.6,1,"exceed",121.8,0.061,0.061,87.73,6.49,577.738,0
"Oak Street",2007-06-28,2007,179,283.5,1,"exceed",1413.6,0.198,0.258,87.8,7.14,577.706,0
"Oak Street",2007-06-29,2007,180,579.1,1,"exceed",283.5,0,0.198,73.93,11.48,578.045,0
"Oak Street",2007-07-04,2007,185,99.1,0,"low",18.4,0.016,0.016,80.78,7.13,577.696,0
"Oak Street",2007-07-05,2007,186,39.8,0,"low",99.1,0.386,0.402,80.62,3.87,577.806,0
"Oak Street",2007-07-06,2007,187,1355.5,1,"exceed",39.8,0,0.386,83.11,3.73,577.759,0
"Oak Street",2007-07-07,2007,188,21.7,0,"low",1355.5,0,0,80.34,2.86,577.738,0
"Oak Street",2007-07-11,2007,192,88.2,0,"low",7.3,0.238,0.343,86.85,7.74,577.716,0
"Oak Street",2007-07-12,2007,193,12.7,0,"low",88.2,0,0.238,76.64,7.92,577.669,0
"Oak Street",2007-07-13,2007,194,283.1,1,"exceed",12.7,0,0,78.29,10.43,577.625,0
"Oak Street",2007-07-18,2007,199,15.2,0,"low",1015.2,0.123,0.123,81.38,5.14,577.769,0
"Oak Street",2007-07-19,2007,200,83.3,0,"low",15.2,0.36,0.484,83.93,8.48,577.683,0
"Oak Street",2007-07-20,2007,201,213,0,"moderate",83.3,0.168,0.529,77,6.64,577.95,0
"Oak Street",2007-07-25,2007,206,58.9,0,"low",51.6,0,0,78.58,1.75,577.688,0
"Oak Street",2007-07-26,2007,207,260.8,1,"exceed",58.9,0,0,81.76,6.07,577.674,0
"Oak Street",2007-07-27,2007,208,186.4,0,"moderate",260.8,0.446,0.446,80.9,7.33,577.661,0
"Oak Street",2007-08-01,2007,213,35.3,0,"low",5.1,0,0,85.98,2.46,577.675,0
"Oak Street",2007-08-02,2007,214,8.5,0,"low",35.3,0,0,88.22,2.5,577.682,0
"Oak Street",2007-08-03,2007,215,66.2,0,"low",8.5,0,0,89,6.06,577.563,0
"Oak Street",2007-08-08,2007,220,98.6,0,"low",205.2,0.641,0.737,91.34,5.34,577.645,0
"Oak Street",2007-08-09,2007,221,32.2,0,"low",98.6,0.148,0.789,83.09,3.93,577.665,0
"Oak Street",2007-08-10,2007,222,54.6,0,"low",32.2,0.1,0.248,83.34,1.66,577.71,0
"Oak Street",2007-08-15,2007,227,122.1,0,"low",577,0.342,0.342,83.2,7.13,577.495,0
"Oak Street",2007-08-16,2007,228,176.8,0,"moderate",122.1,0.568,0.91,78.84,4.94,577.561,0
"Oak Street",2007-08-17,2007,229,17.1,0,"low",176.8,0,0.568,74.73,4.59,577.507,0
"Oak Street",2007-08-22,2007,234,32.2,0,"low",249.5,0.009,0.597,81.89,4.22,577.727,0
"Oak Street",2007-08-23,2007,235,33.2,0,"low",32.2,0.578,0.588,88.29,5.09,577.464,0
"Oak Street",2007-08-24,2007,236,58.9,0,"low",33.2,1.354,1.932,86.69,9.52,577.425,1
"Oak Street",2007-08-25,2007,237,422.6,1,"exceed",58.9,0.242,1.596,78.9,6.17,577.509,1
"Oak Street",2007-08-26,2007,238,92.1,0,"low",422.6,0.297,0.539,73.87,2.8,577.618,0
"Oak Street",2007-08-27,2007,239,282.7,1,"exceed",92.1,0,0.297,74.34,1.82,577.588,0
"Oak Street",2007-08-28,2007,240,20.2,0,"low",282.7,0,0,84.64,6.43,577.524,0
"Oak Street",2007-08-29,2007,241,46.6,0,"low",20.2,0,0,90.53,7.67,577.484,0
"Oak Street",2007-08-30,2007,242,422.3,1,"exceed",46.6,0,0,80.69,3.55,577.699,0
"Oak Street",2007-08-31,2007,243,99.8,0,"low",422.3,0,0,71.74,11.73,577.78,0
"Oak Street",2008-05-29,2008,150,14.3,0,"low",34.4,0,0,57.93,8.66,577.973,0
"Oak Street",2008-05-30,2008,151,24,0,"low",14.3,0.085,0.085,66.48,2.68,577.753,0
"Oak Street",2008-06-04,2008,156,37.6,0,"low",111.6,0.401,0.401,67.3,5.79,577.949,0
"Oak Street",2008-06-05,2008,157,40.4,0,"low",37.6,0,0.401,69.41,6.03,578.065,0
"Oak Street",2008-06-06,2008,158,36.4,0,"low",40.4,0.394,0.394,85.61,13.8,577.936,0
"Oak Street",2008-06-11,2008,163,2.5,0,"low",31,0.006,0.762,79.92,9.43,577.908,0
"Oak Street",2008-06-12,2008,164,18.2,0,"low",2.5,0,0.006,82.96,13.57,578.155,0
"Oak Street",2008-06-13,2008,165,10.1,0,"low",18.2,0,0,86.87,20.63,578.215,0
"Oak Street",2008-06-18,2008,170,16.1,0,"low",1.8,0,0,74.18,10.09,578.079,0
"Oak Street",2008-06-19,2008,171,46.6,0,"low",16.1,0,0,67.32,4.93,578.15,0
"Oak Street",2008-06-20,2008,172,8.9,0,"low",46.6,0.005,0.005,74.45,3.65,578.13,0
"Oak Street",2008-06-25,2008,177,5.1,0,"low",11.5,0,0,75.88,4.63,578.148,0
"Oak Street",2008-06-26,2008,178,17.1,0,"low",5.1,0.064,0.064,80.94,10.19,578.1,0
"Oak Street",2008-06-27,2008,179,29.6,0,"low",17.1,0.002,0.067,84.89,7.17,578.16,0
"Oak Street",2008-07-02,2008,184,6.5,0,"low",4.4,0.011,0.011,81.56,8.4,578.09,0
"Oak Street",2008-07-03,2008,185,36.5,0,"low",6.5,0.139,0.15,85.16,12.75,578.098,0
"Oak Street",2008-07-09,2008,191,17.3,0,"low",28.2,0.276,0.388,83.21,9.16,578.235,0
"Oak Street",2008-07-10,2008,192,9,0,"low",17.3,0.022,0.297,77.84,5.51,578.223,0
"Oak Street",2008-07-11,2008,193,188.4,0,"moderate",9,0.258,0.28,81.36,10.9,578.145,0
"Oak Street",2008-07-16,2008,198,3.5,0,"low",31.1,0,0,88.69,8.83,578.149,0
"Oak Street",2008-07-17,2008,199,7.6,0,"low",3.5,0,0,87.89,6.46,578.227,0
"Oak Street",2008-07-18,2008,200,1,0,"low",7.6,0.059,0.059,87.45,9.64,578.239,0
"Oak Street",2008-07-23,2008,205,50,0,"low",70,0.028,0.099,72.06,9.76,578.575,0
"Oak Street",2008-07-24,2008,206,5.9,0,"low",50,0,0.028,75.34,9.76,578.516,0
"Oak Street",2008-07-25,2008,207,12.7,0,"low",5.9,0,0,78.25,1.7,578.37,0
"Oak Street",2008-07-30,2008,212,192.3,0,"moderate",23.1,0.102,0.102,85.93,5.27,578.319,0
"Oak Street",2008-07-31,2008,213,119.8,0,"low",192.3,0.019,0.121,83.59,5.81,578.298,0
"Oak Street",2008-08-01,2008,214,54.1,0,"low",119.8,0.346,0.365,81.8,4.59,578.233,0
"Oak Street",2008-08-06,2008,219,23.6,0,"low",222.4,0.042,0.951,81.3,2.96,578.461,0
"Oak Street",2008-08-07,2008,220,93.1,0,"low",23.6,0.005,0.047,79.54,5.32,578.291,0
"Oak Street",2008-08-08,2008,221,38.6,0,"low",93.1,0.005,0.009,76.4,8.42,578.517,0
"Oak Street",2008-08-13,2008,226,435.1,1,"exceed",10.1,0.002,0.002,73.52,4.04,578.41,0
"Oak Street",2008-08-14,2008,227,63.6,0,"low",435.1,0.105,0.108,73.56,2.61,578.427,0
"Oak Street",2008-08-15,2008,228,108.8,0,"low",63.6,0,0.105,74.03,8.32,578.574,0
"Oak Street",2008-08-20,2008,233,74.1,0,"low",1250.6,0,0,76.79,6.51,578.565,0
"Oak Street",2008-08-21,2008,234,30.9,0,"low",74.1,0,0,75.91,7.59,578.485,0
"Oak Street",2008-08-22,2008,235,11.4,0,"low",30.9,0,0,78.89,7.75,578.367,0
"Oak Street",2008-08-27,2008,240,26,0,"low",32.4,0,0,72.7,10.15,578.403,0
"Oak Street",2008-08-28,2008,241,94.7,0,"low",26,0,0,76.16,5.3,578.309,0
"Oak Street",2008-08-29,2008,242,52.1,0,"low",94.7,0.018,0.018,78.69,6.5,578.204,0
"Oak Street",2009-05-28,2009,148,10.3,0,"low",24.6,0.206,1.002,64.52,1.77,579.11,0
"Oak Street",2009-05-29,2009,149,12.6,0,"low",10.3,0,0.206,60.64,5.9,578.911,0
"Oak Street",2009-06-03,2009,154,3.5,0,"low",33.5,0.042,0.703,57.43,9.87,579.017,0
"Oak Street",2009-06-04,2009,155,1.7,0,"low",3.5,0,0.042,58.41,12.02,579.015,0
"Oak Street",2009-06-05,2009,156,7.2,0,"low",1.7,0,0,71.36,6.29,578.901,0
"Oak Street",2009-06-10,2009,161,27.1,0,"low",45,0.002,0.201,64.59,4.64,579.142,0
"Oak Street",2009-06-11,2009,162,30.8,0,"low",27.1,0.022,0.024,63.3,8.08,579.027,0
"Oak Street",2009-06-12,2009,163,6.2,0,"low",30.8,0.372,0.394,63.21,10.52,579.194,0
"Oak Street",2009-06-17,2009,168,74.7,0,"low",116.3,0.519,0.781,68.78,11.37,579.153,0
"Oak Street",2009-06-18,2009,169,12.7,0,"low",74.7,0.005,0.524,74.27,2.69,579.141,0
"Oak Street",2009-06-19,2009,170,41.2,0,"low",12.7,0.256,0.261,79.72,5.67,579.036,0
"Oak Street",2009-06-20,2009,171,563.1,1,"exceed",41.2,1.652,1.908,86.24,8.49,578.927,0
"Oak Street",2009-06-24,2009,175,3.5,0,"low",6.8,0,0.099,86.2,4.82,579.09,0
"Oak Street",2009-06-25,2009,176,65.3,0,"low",3.5,0.045,0.045,88.68,1.07,579.048,0
"Oak Street",2009-06-26,2009,177,33.1,0,"low",65.3,0,0.045,84.67,1.34,579.084,0
"Oak Street",2009-07-01,2009,182,22.3,0,"low",25.4,0,0,67.53,9.2,579.061,0
"Oak Street",2009-07-02,2009,183,5.1,0,"low",22.3,0.005,0.005,68.24,6.66,579.068,0
"Oak Street",2009-07-08,2009,189,40.3,0,"low",32,0.002,0.002,71.68,5.66,579.018,0
"Oak Street",2009-07-09,2009,190,24.7,0,"low",40.3,0.105,0.107,69.49,6.94,579.049,0
"Oak Street",2009-07-10,2009,191,9.6,0,"low",24.7,0,0.105,77.19,5.43,579.128,0
"Oak Street",2009-07-15,2009,196,40.5,0,"low",17.9,0,0,77.37,6.92,578.959,0
"Oak Street",2009-07-16,2009,197,2.9,0,"low",40.5,0.486,0.486,84.62,9.54,578.83,0
"Oak Street",2009-07-17,2009,198,64.4,0,"low",2.9,0.08,0.567,80.07,8.82,578.827,0
"Oak Street",2009-07-22,2009,203,59,0,"low",37.4,0.04,0.04,74.96,5.46,579.032,0
"Oak Street",2009-07-23,2009,204,30.7,0,"low",59,0,0.04,72.92,2.75,579.107,0
"Oak Street",2009-07-24,2009,205,6.7,0,"low",30.7,0.088,0.088,73.73,2.62,579.058,0
"Oak Street",2009-07-29,2009,210,85.3,0,"low",64.3,0.028,0.028,82.39,4.74,578.877,0
"Oak Street",2009-07-30,2009,211,20,0,"low",85.3,0.033,0.061,74.1,4.92,578.896,0
"Oak Street",2009-07-31,2009,212,8.7,0,"low",20,0.028,0.062,77.09,5.03,578.84,0
"Oak Street",2009-08-05,2009,217,57.6,0,"low",22.5,0,0.069,78.26,1.08,578.907,0
"Oak Street",2009-08-06,2009,218,50.2,0,"low",57.6,0,0,73.22,5.04,578.799,0
"Oak Street",2009-08-07,2009,219,109.9,0,"low",50.2,0.011,0.011,75.4,1.96,578.84,0
"Oak Street",2009-08-12,2009,224,21.6,0,"low",21,0,0.002,75.21,6.18,579.043,0
"Oak Street",2009-08-13,2009,225,319.4,1,"exceed",21.6,0,0,77.5,5.11,578.94,0
"Oak Street",2009-08-14,2009,226,13.5,0,"low",319.4,0,0,80.27,3.96,578.885,0
"Oak Street",2009-08-19,2009,231,5.1,0,"low",7.4,0.144,0.547,81.82,7.38,578.846,0
"Oak Street",2009-08-20,2009,232,12.1,0,"low",5.1,0.16,0.305,77.95,4.54,578.865,0
"Oak Street",2009-08-21,2009,233,7.4,0,"low",12.1,0.081,0.241,76.49,13.6,578.875,0
"Oak Street",2009-08-26,2009,238,156.8,0,"moderate",27.9,0,0,79.32,10.22,578.733,0
"Oak Street",2009-08-27,2009,239,39.6,0,"low",156.8,0.879,0.879,72.95,4.47,578.996,0
"Oak Street",2009-09-02,2009,245,17,0,"low",47.9,0.002,0.002,67.14,5.42,578.965,0
"Oak Street",2009-09-03,2009,246,43.7,0,"low",17,0,0.002,68.54,4.36,578.963,0
"Oak Street",2010-05-27,2010,147,15.7,0,"low",5.4,0,0,77.21,3.66,578.118,0
"Oak Street",2010-05-28,2010,148,2.3,0,"low",15.7,0,0,69.41,11.84,578.183,0
"Oak Street",2010-06-03,2010,154,20.5,0,"low",19.9,0.88,0.88,74.73,2.35,578.187,0
"Oak Street",2010-06-04,2010,155,47.8,0,"low",20.5,0,0.88,70.13,7.84,578.22,0
"Oak Street",2010-06-09,2010,160,2.5,0,"low",10.8,0.287,0.289,71.46,9.52,578.131,0
"Oak Street",2010-06-10,2010,161,7.7,0,"low",2.5,0,0.287,81.77,9.73,578.265,0
"Oak Street",2010-06-11,2010,162,6.9,0,"low",7.7,0,0,77.45,4.07,578.175,0
"Oak Street",2010-06-16,2010,167,21,0,"low",13.3,0.381,0.453,75.6,1.32,578.43,0
"Oak Street",2010-06-17,2010,168,103.8,0,"low",21,0,0.381,79.27,6.19,578.48,0
"Oak Street",2010-06-18,2010,169,138.8,0,"moderate",103.8,0,0,76.5,6.25,578.355,0
"Oak Street",2010-06-23,2010,174,32.5,0,"low",18.3,0.505,0.727,85.17,7.47,578.446,0
"Oak Street",2010-06-24,2010,175,410.6,1,"exceed",32.5,0.53,1.035,85.97,10.91,578.17,0
"Oak Street",2010-06-25,2010,176,2,0,"low",410.6,0,0.53,76.25,3.16,578.34,0
"Oak Street",2010-06-30,2010,181,22.8,0,"low",40.8,0,0.61,69.54,7.92,578.385,0
"Oak Street",2010-07-01,2010,182,11.8,0,"low",22.8,0,0,70.11,4.6,578.399,0
"Oak Street",2010-07-02,2010,183,5.1,0,"low",11.8,0,0,75.83,6.15,578.397,0
"Oak Street",2010-07-08,2010,189,97.5,0,"low",9.1,0.11,0.148,88.94,4.24,578.271,0
"Oak Street",2010-07-09,2010,190,2192.3,1,"exceed",97.5,0.138,0.248,81.46,0.29,578.34,0
"Oak Street",2010-07-10,2010,191,291.8,1,"exceed",2192.3,0.005,0.143,80.56,5.94,578.354,0
"Oak Street",2010-07-14,2010,195,13.9,0,"low",1,0.058,0.063,82.31,5.54,578.445,0
"Oak Street",2010-07-15,2010,196,269.4,1,"exceed",13.9,0,0.058,88.14,8.44,578.348,0
"Oak Street",2010-07-16,2010,197,9.1,0,"low",269.4,0.003,0.003,89.31,6.52,578.358,0
"Oak Street",2010-07-21,2010,202,5.7,0,"low",31.5,0,0.003,82.84,6.38,578.354,0
"Oak Street",2010-07-22,2010,203,37.5,0,"low",5.7,0,0,83.98,1.98,578.33,0
"Oak Street",2010-07-23,2010,204,6.6,0,"low",37.5,0.754,0.754,87.75,9.85,578.234,0
"Oak Street",2010-07-28,2010,209,69.4,0,"low",34.4,0,0,87.02,6.18,578.336,0
"Oak Street",2010-07-29,2010,210,122.2,0,"low",69.4,0,0,87.59,5.85,578.268,0
"Oak Street",2010-07-30,2010,211,36.2,0,"low",122.2,0,0,77.87,5.64,578.413,0
"Oak Street",2010-08-04,2010,216,182.5,0,"moderate",33.3,0.562,0.591,82.08,3.86,578.278,0
"Oak Street",2010-08-05,2010,217,21.9,0,"low",182.5,0.503,1.065,79.35,3.01,578.327,0
"Oak Street",2010-08-06,2010,218,562.4,1,"exceed",21.9,0,0.503,82.29,10.06,578.252,0
"Oak Street",2010-08-07,2010,219,24.5,0,"low",562.4,0,0,78.75,4.28,578.307,0
"Oak Street",2010-08-11,2010,223,25.2,0,"low",8.4,0,0.155,81.86,3.77,578.372,0
"Oak Street",2010-08-12,2010,224,11.3,0,"low",25.2,0,0,88.29,2.37,578.417,0
"Oak Street",2010-08-13,2010,225,13.1,0,"low",11.3,0,0,84.88,2.22,578.441,0
"Oak Street",2010-08-18,2010,230,2,0,"low",14,0,0,75.75,3.55,578.056,0
"Oak Street",2010-08-19,2010,231,7.5,0,"low",2,0.056,0.056,80.59,2.09,578.04,0
"Oak Street",2010-08-20,2010,232,447,1,"exceed",7.5,0,0.056,84.14,4.86,578.133,0
"Oak Street",2010-08-25,2010,237,35.1,0,"low",2.9,0.002,0.002,79.24,3.42,578.324,0
"Oak Street",2010-08-26,2010,238,5.8,0,"low",35.1,0,0.002,76.87,8.82,578.394,0
"Oak Street",2010-08-27,2010,239,20.8,0,"low",5.8,0,0,78.98,2.37,578.22,0
"Oak Street",2010-09-01,2010,244,13.9,0,"low",13.5,0,0,90.33,13.24,577.888,0
"Oak Street",2010-09-02,2010,245,56.4,0,"low",13.9,0.141,0.141,80.97,6.65,578.083,0
"Oak Street",2010-09-03,2010,246,149.9,0,"moderate",56.4,0.74,0.881,81.85,7.94,578.112,0
"Oak Street",2011-05-28,2011,148,125.8,0,"low",244.9,0.009,0.838,53.58,9.08,578.391,0
"Oak Street",2011-06-02,2011,153,11.9,0,"low",23.8,0,0.046,80.74,12.4,577.848,0
"Oak Street",2011-06-03,2011,154,41.6,0,"low",11.9,0,0,70.31,7.17,578.122,0
"Oak Street",2011-06-08,2011,159,42.7,0,"low",43.2,0,0,94.86,11.33,578.207,0
"Oak Street",2011-06-09,2011,160,16.5,0,"low",42.7,0,0,93.94,13.08,578.026,0
"Oak Street",2011-06-10,2011,161,48.7,0,"low",16.5,1.356,1.356,69.28,6.95,578.433,0
"Oak Street",2011-06-14,2011,165,146.3,0,"moderate",20.7,0,0,65.22,6.81,578.269,0
"Oak Street",2011-06-15,2011,166,20.8,0,"low",146.3,0.046,0.046,69.56,7.13,578.393,0
"Oak Street",2011-06-16,2011,167,7.9,0,"low",20.8,0.474,0.52,71.95,10.46,578.392,0
"Oak Street",2011-06-17,2011,168,15.2,0,"low",7.9,0.026,0.5,76.66,4.52,578.404,0
"Oak Street",2011-06-22,2011,173,244,1,"exceed",3.9,0.302,0.626,85.93,13.55,578.507,0
"Oak Street",2011-06-23,2011,174,9.7,0,"low",244,0.055,0.358,72.66,13.86,578.479,0
"Oak Street",2011-06-24,2011,175,16.7,0,"low",9.7,0.027,0.082,70.32,12.37,578.452,0
"Oak Street",2011-06-29,2011,180,23.7,0,"low",11.5,0,0.053,76.6,6.23,578.418,0
"Oak Street",2011-06-30,2011,181,47.4,0,"low",23.7,0,0,74.51,2.9,578.346,0
"Oak Street",2011-07-01,2011,182,32.3,0,"low",47.4,0,0,83.78,8.53,578.499,0
"Oak Street",2011-07-07,2011,188,15,0,"low",2.7,0,0,80.81,6.1,578.427,0
"Oak Street",2011-07-08,2011,189,4.1,0,"low",15,0.033,0.033,76.06,5.4,578.479,0
"Oak Street",2011-07-13,2011,194,78.7,0,"low",12.3,0.008,0.342,80.8,5.33,578.425,0
"Oak Street",2011-07-14,2011,195,10.2,0,"low",78.7,0,0.008,71.05,12.19,578.567,0
"Oak Street",2011-07-15,2011,196,2,0,"low",10.2,0,0,75.91,7.21,578.524,0
"Oak Street",2011-07-20,2011,201,19.2,0,"low",5.2,0,0.003,84.7,2.67,578.506,0
"Oak Street",2011-07-21,2011,202,3.5,0,"low",19.2,0.063,0.063,97.33,6.79,578.262,0
"Oak Street",2011-07-22,2011,203,93,0,"low",3.5,0.005,0.067,96.03,5.48,578.262,0
"Oak Street",2011-07-23,2011,204,193.4,0,"moderate",93,0.476,0.481,85.94,3.55,578.352,0
"Oak Street",2011-07-24,2011,205,1849.4,1,"exceed",193.4,2.241,2.717,81.71,0.82,578.388,0
"Oak Street",2011-07-25,2011,206,285.2,1,"exceed",1849.4,0.072,2.313,82.97,1.42,578.48,0
"Oak Street",2011-07-26,2011,207,9,0,"low",285.2,0.009,0.081,80.45,3.17,578.434,1
"Oak Street",2011-07-27,2011,208,36.1,0,"low",9,0.005,0.014,80.06,4.77,578.367,0
"Oak Street",2011-07-28,2011,209,28.1,0,"low",36.1,0.369,0.373,87.67,6.97,578.342,0
"Oak Street",2011-07-29,2011,210,70.7,0,"low",28.1,0.323,0.692,82.07,3.31,578.504,0
"Oak Street",2011-08-03,2011,215,57.2,0,"low",3.2,0.271,0.271,91.12,8.99,578.36,0
"Oak Street",2011-08-04,2011,216,4.7,0,"low",57.2,0,0.271,80.92,8.58,578.64,0
"Oak Street",2011-08-05,2011,217,24.3,0,"low",4.7,0,0,78.18,6.25,578.494,0
"Oak Street",2011-08-10,2011,222,40.9,0,"low",9.1,0.028,0.264,79.95,10.98,578.409,0
"Oak Street",2011-08-11,2011,223,9.4,0,"low",40.9,0,0.028,74.48,6.03,578.37,0
"Oak Street",2011-08-12,2011,224,166.4,0,"moderate",9.4,0,0,77.31,1.84,578.252,0
"Oak Street",2011-08-17,2011,229,4.6,0,"low",23.5,0,0,79.56,2.99,578.422,0
"Oak Street",2011-08-18,2011,230,12.7,0,"low",4.6,0,0,81.94,6.91,578.338,0
"Oak Street",2011-08-19,2011,231,22.2,0,"low",12.7,0,0,79.14,3.28,578.409,0
"Oak Street",2011-08-24,2011,236,77.4,0,"low",7.4,0.219,0.219,79.08,11.2,577.898,0
"Oak Street",2011-08-25,2011,237,172.5,0,"moderate",77.4,0,0.219,90.72,9.75,578.087,0
"Oak Street",2011-08-26,2011,238,56.3,0,"low",172.5,0,0,75.55,6.29,578.259,0
"Oak Street",2011-08-31,2011,243,56.7,0,"low",99.2,0.008,0.008,80.05,7.37,578.113,0
"Oak Street",2011-09-01,2011,244,19.8,0,"low",56.7,0.039,0.047,87.8,6.9,578.181,0
"Oak Street",2011-09-02,2011,245,6.8,0,"low",19.8,0,0.039,92.1,5.42,578.263,0
"Oak Street",2012-05-24,2012,145,9.7,0,"low",14.1,0,0,73.2,5.39,577.847,0
"Oak Street",2012-05-25,2012,146,10.1,0,"low",9.7,0,0,85.05,17.34,577.695,0
"Oak Street",2012-05-31,2012,152,38.7,0,"low",27.9,0,0.005,66.92,6.9,577.868,0
"Oak Street",2012-06-01,2012,153,39.6,0,"low",38.7,0.785,0.785,53.96,12.75,577.991,0
"Oak Street",2012-06-06,2012,158,3.6,0,"low",19.8,0,0,63.7,9.39,578.029,0
"Oak Street",2012-06-07,2012,159,2.9,0,"low",3.6,0,0,68.66,6.61,577.873,0
"Oak Street",2012-06-08,2012,160,6.6,0,"low",2.9,0,0,72.28,2.61,577.767,0
"Oak Street",2012-06-13,2012,165,74.8,0,"low",31.7,0,0,77.16,7.81,577.847,0
"Oak Street",2012-06-14,2012,166,5.7,0,"low",74.8,0,0,66.5,8.05,577.781,0
"Oak Street",2012-06-15,2012,167,12.8,0,"low",5.7,0,0,77.28,8.17,577.847,0
"Oak Street",2012-06-20,2012,172,5.5,0,"low",16.1,0,0,90.02,16.4,577.656,0
"Oak Street",2012-06-21,2012,173,5.5,0,"low",5.5,0,0,90.02,16.43,577.635,0
"Oak Street",2012-06-22,2012,174,9.2,0,"low",5.5,0.017,0.017,82.22,7.14,577.678,0
"Oak Street",2012-06-27,2012,179,4.1,0,"low",95.7,0,0,74.81,6.87,577.866,0
"Oak Street",2012-06-28,2012,180,8.5,0,"low",4.1,0,0,87.84,12.59,577.697,0
"Oak Street",2012-06-29,2012,181,5.1,0,"low",8.5,0.029,0.029,96.49,7.83,577.777,0
"Oak Street",2012-07-11,2012,193,9.1,0,"low",5.2,0,0,77.38,11.14,577.973,0
"Oak Street",2012-07-12,2012,194,2,0,"low",9.1,0,0,80.21,7.7,577.899,0
"Oak Street",2012-07-13,2012,195,48.4,0,"low",2,0,0,86.13,7.53,577.818,0
"Oak Street",2012-07-18,2012,200,7.9,0,"low",2.9,0,0,97.16,9.65,577.557,0
"Oak Street",2012-07-19,2012,201,16,0,"low",7.9,0.259,0.259,83.98,6.32,577.851,0
"Oak Street",2012-07-20,2012,202,74.6,0,"low",16,0.694,0.953,79.15,3.96,578.002,0
"Oak Street",2012-07-25,2012,207,13.7,0,"low",4.4,0.479,0.488,87.25,5.97,577.691,0
"Oak Street",2012-07-26,2012,208,9.1,0,"low",13.7,0.003,0.482,97.84,9.55,577.568,0
"Oak Street",2012-07-27,2012,209,1,0,"low",9.1,0.256,0.259,89.68,6.94,577.626,0
"Oak Street",2012-08-01,2012,214,1.4,0,"low",2.9,0.223,0.237,82.25,3.46,577.69,0
"Oak Street",2012-08-02,2012,215,13.2,0,"low",1.4,0,0.223,82.66,5.28,577.611,0
"Oak Street",2012-08-03,2012,216,4.8,0,"low",13.2,0,0,87.31,4.07,577.487,0
"Oak Street",2012-08-08,2012,221,92.1,0,"low",7.5,0,0,90.96,6.78,577.429,0
"Oak Street",2012-08-09,2012,222,8.3,0,"low",92.1,0.005,0.005,80.89,8.96,577.633,0
"Oak Street",2012-08-10,2012,223,126.1,0,"moderate",8.3,0.214,0.219,74.46,9.03,577.712,0
"Oak Street",2012-08-15,2012,228,49.2,0,"low",9.7,0.005,0.285,76.73,0.99,577.66,0
"Oak Street",2012-08-16,2012,229,75.1,0,"low",49.2,0,0.005,84.49,5.28,577.546,0
"Oak Street",2012-08-17,2012,230,31.3,0,"low",75.1,0.273,0.273,74.99,8.34,577.427,0
"Oak Street",2012-08-22,2012,235,1,0,"low",7.4,0,0.327,74.46,1.89,577.366,0
"Oak Street",2012-08-23,2012,236,3.6,0,"low",1,0,0,79.87,6.42,577.252,0
"Oak Street",2012-08-24,2012,237,3.1,0,"low",3.6,0.013,0.013,87.24,8.92,577.205,0
"Oak Street",2012-08-29,2012,242,26.4,0,"low",15.7,0,0.005,78.86,4.21,577.305,0
"Oak Street",2012-08-30,2012,243,7.4,0,"low",26.4,0,0,78.5,6.09,577.268,0
"Oak Street",2012-08-31,2012,244,1.4,0,"low",7.4,0,0,88.21,11.51,576.952,0
"Oak Street",2013-05-23,2013,143,124.5,0,"low",12.8,0.748,0.974,71.4,4.92,577.623,0
"Oak Street",2013-05-24,2013,144,195.7,0,"moderate",124.5,0.051,0.799,54.28,19.87,578.166,0
"Oak Street",2013-05-30,2013,150,20.8,0,"low",38.5,0.015,0.432,80.27,7.37,577.632,0
"Oak Street",2013-05-31,2013,151,15.5,0,"low",20.8,0.268,0.283,80.02,15.89,577.582,0
"Oak Street",2013-06-05,2013,156,20.3,0,"low",1.7,0,0,64.58,5.14,577.762,0
"Oak Street",2013-06-06,2013,157,258,1,"exceed",20.3,0.005,0.005,65.99,6.65,577.928,0
"Oak Street",2013-06-07,2013,158,6.5,0,"low",258,0.144,0.149,59,9.35,577.971,0
"Oak Street",2013-06-12,2013,163,3.7,0,"low",4.5,0.209,0.359,78.5,2.8,577.747,0
"Oak Street",2013-06-13,2013,164,17.9,0,"low",3.7,0.357,0.565,76.93,2.17,577.887,0
"Oak Street",2013-06-14,2013,165,5.5,0,"low",17.9,0.044,0.401,65.85,12.62,578.018,0
"Oak Street",2013-06-19,2013,170,1.7,0,"low",9.8,0,0.056,63.99,13.6,578.197,0
"Oak Street",2013-06-20,2013,171,9.9,0,"low",1.7,0,0,68.39,6.13,577.927,0
"Oak Street",2013-06-21,2013,172,4,0,"low",9.9,0,0,78.61,7.17,577.877,0
"Oak Street",2013-06-26,2013,177,79,0,"low",8.8,0.033,0.307,84.02,5.51,577.835,0
"Oak Street",2013-06-27,2013,178,13.3,0,"low",79,0.926,0.959,78.22,4.32,577.893,0
"Oak Street",2013-06-28,2013,179,6.7,0,"low",13.3,0.721,1.647,86.32,4.08,577.911,0
"Oak Street",2013-07-03,2013,184,4.2,0,"low",12,0,0,64.54,12.21,578.215,0
"Oak Street",2013-07-10,2013,191,18.8,0,"low",8.1,0.01,0.267,83.74,7.13,577.957,0
"Oak Street",2013-07-11,2013,192,5.2,0,"low",18.8,0,0.01,80.52,3.93,577.85,0
"Oak Street",2013-07-12,2013,193,12.8,0,"low",5.2,0,0,75.7,5.23,577.914,0
"Oak Street",2013-07-17,2013,198,2.8,0,"low",12.5,0.005,0.043,88.66,5.89,577.91,0
"Oak Street",2013-07-18,2013,199,27.5,0,"low",2.8,0,0.005,88.84,4.08,577.791,0
"Oak Street",2013-07-19,2013,200,1.4,0,"low",27.5,0,0,93.25,7.61,577.741,0
"Oak Street",2013-07-24,2013,205,20.9,0,"low",8.9,0.018,0.021,80.05,8.48,578.108,0
"Oak Street",2013-07-25,2013,206,25.9,0,"low",20.9,0,0.018,68.6,11.09,577.943,0
"Oak Street",2013-07-26,2013,207,9.8,0,"low",25.9,0,0,75.59,1.42,577.821,0
"Oak Street",2013-07-31,2013,212,9.5,0,"low",5.7,0.021,0.021,72.16,6.09,577.825,0
"Oak Street",2013-08-01,2013,213,7.2,0,"low",9.5,0.166,0.188,74.24,1.15,577.864,0
"Oak Street",2013-08-02,2013,214,374,1,"exceed",7.2,0.002,0.169,76.42,5.15,577.818,0
"Oak Street",2013-08-03,2013,215,11.5,0,"low",374,0.573,0.575,81.99,3.49,577.869,0
"Oak Street",2013-08-07,2013,219,10.2,0,"low",10.4,0.016,0.043,81.01,8.44,577.758,0
"Oak Street",2013-08-08,2013,220,18.7,0,"low",10.2,0.01,0.026,84.04,2.46,577.949,0
"Oak Street",2013-08-09,2013,221,36.9,0,"low",18.7,0,0.01,73.92,10.48,577.943,0
"Oak Street",2013-08-14,2013,226,30.7,0,"low",126.2,0,0.503,69.88,12.37,578.078,0
"Oak Street",2013-08-15,2013,227,5,0,"low",30.7,0,0,66.93,6.03,577.859,0
"Oak Street",2013-08-16,2013,228,13,0,"low",5,0,0,72.56,4.77,577.698,0
"Oak Street",2013-08-21,2013,233,8.8,0,"low",10.5,0,0,85.6,7.33,577.648,0
"Oak Street",2013-08-22,2013,234,43,0,"low",8.8,0.014,0.014,88.25,9.94,577.654,0
"Oak Street",2013-08-23,2013,235,31.2,0,"low",43,0.212,0.226,77.84,2.84,577.695,0
"Oak Street",2013-08-28,2013,240,31.7,0,"low",32.3,0,0,92.92,12.51,577.68,0
"Oak Street",2013-08-29,2013,241,38.4,0,"low",31.7,0,0,84.65,6.8,577.875,0
"Oak Street",2013-08-30,2013,242,8.9,0,"low",38.4,0,0,79.69,3.13,577.822,0
"Oak Street",2014-05-22,2014,142,1,0,"low",9,0.194,0.503,77.89,1.33,578.717,0
"Oak Street",2014-05-23,2014,143,5.5,0,"low",1,0,0.194,63.62,5.32,578.625,0
"Oak Street",2014-05-29,2014,149,3.5,0,"low",34.4,0.293,0.425,61.23,8.6,578.878,0
"Oak Street",2014-05-30,2014,150,1.7,0,"low",3.5,0,0.293,64.87,8.22,578.922,0
"Oak Street",2014-06-04,2014,155,14.4,0,"low",14.4,0,0.164,75.8,5.17,578.649,0
"Oak Street",2014-06-05,2014,156,1.7,0,"low",14.4,0.12,0.12,67.84,7.07,578.836,0
"Oak Street",2014-06-06,2014,157,4.9,0,"low",1.7,0,0.12,67.53,5.29,578.784,0
"Oak Street",2014-06-11,2014,162,13,0,"low",2.4,0.562,0.562,60.1,9.6,579.007,0
"Oak Street",2014-06-12,2014,163,11,0,"low",13,0.483,1.045,62.36,5.41,579.091,0
"Oak Street",2014-06-13,2014,164,14.8,0,"low",11,0.009,0.492,79.96,7.3,578.845,0
"Oak Street",2014-06-18,2014,169,218,0,"moderate",11.5,0.002,0.002,85.63,10.9,578.796,0
"Oak Street",2014-06-19,2014,170,2.8,0,"low",218,0.237,0.239,80.92,3.42,579.096,0
"Oak Street",2014-06-20,2014,171,11.5,0,"low",2.8,0.361,0.598,71.75,5.86,579.167,0
"Oak Street",2014-06-25,2014,176,31.4,0,"low",47.8,0.641,0.776,78.7,1.31,579.042,0
"Oak Street",2014-06-26,2014,177,4.9,0,"low",31.4,0.014,0.655,69.23,7.22,579.183,0
"Oak Street",2014-06-27,2014,178,26.7,0,"low",4.9,0,0.014,67.57,5.62,579.117,0
"Oak Street",2014-07-02,2014,183,3.2,0,"low",4,0.073,1.932,80.08,12.11,578.823,1
"Oak Street",2014-07-03,2014,184,9,0,"low",3.2,0.111,0.183,72.14,6.33,578.957,0
"Oak Street",2014-07-09,2014,190,464.4,1,"exceed",21.1,0.39,0.791,80.5,10.51,579.037,0
"Oak Street",2014-07-10,2014,191,24.7,0,"low",464.4,0,0.39,73.35,3.53,579.036,0
"Oak Street",2014-07-11,2014,192,48.8,0,"low",24.7,0,0,72.34,5.89,579.09,0
"Oak Street",2014-07-16,2014,197,3.5,0,"low",54.9,0.055,0.37,67.91,10.49,579.219,0
"Oak Street",2014-07-17,2014,198,6.6,0,"low",3.5,0.005,0.06,67.68,4.1,579.122,0
"Oak Street",2014-07-18,2014,199,26.9,0,"low",6.6,0,0.005,72.57,4.19,579.121,0
"Oak Street",2014-07-23,2014,204,16.7,0,"low",18.5,0.005,0.005,87.6,11.86,578.974,0
"Oak Street",2014-07-24,2014,205,14.1,0,"low",16.7,0.012,0.018,74.67,17.68,579.474,0
"Oak Street",2014-07-25,2014,206,65.1,0,"low",14.1,0,0.012,69.55,7.24,579.242,0
"Oak Street",2014-07-30,2014,211,4.5,0,"low",7.4,0.053,0.053,73.29,3.11,579.144,0
"Oak Street",2014-07-31,2014,212,2,0,"low",4.5,0,0.053,71.74,2.43,579.143,0
"Oak Street",2014-08-01,2014,213,20.9,0,"low",2,0.007,0.007,82.2,8.06,579.062,0
"Oak Street",2014-08-06,2014,218,3,0,"low",67.2,0.247,1.574,74.55,3.06,579.265,0
"Oak Street",2014-08-07,2014,219,62.7,0,"low",3,0,0.247,74.35,6.29,579.249,0
"Oak Street",2014-08-08,2014,220,52.6,0,"low",62.7,0,0,75.83,7.79,579.216,0
"Oak Street",2014-08-13,2014,225,26.5,0,"low",130.8,0.027,1.183,69.9,10.96,579.486,0
"Oak Street",2014-08-14,2014,226,6.7,0,"low",26.5,0,0.027,78.12,3.67,579.225,0
"Oak Street",2014-08-15,2014,227,2.8,0,"low",6.7,0,0,67.85,8.55,579.275,0
"Oak Street",2014-08-20,2014,232,30.3,0,"low",8.8,0.212,0.212,84.23,11.06,579.32,0
"Oak Street",2014-08-21,2014,233,8.9,0,"low",30.3,0,0.212,85.06,7.64,579.33,0
"Oak Street",2014-08-22,2014,234,180.4,0,"moderate",8.9,1.032,1.032,77.34,5.43,579.35,0
"Oak Street",2014-08-27,2014,239,16.9,0,"low",2.4,0.019,0.756,79.66,0.58,579.28,0
"Oak Street",2014-08-28,2014,240,39.4,0,"low",16.9,0,0.019,75.71,6.81,579.262,0
"Oak Street",2014-08-29,2014,241,38.3,0,"low",39.4,0.01,0.01,72.7,8.85,579.322,0
"Oak Street",2015-05-21,2015,141,3,0,"low",6.3,0.038,0.038,45.86,8.62,579.495,0
"Oak Street",2015-05-22,2015,142,1,0,"low",3,0,0.038,66.86,7.63,579.462,0
"Oak Street",2015-05-28,2015,148,3.6,0,"low",2.4,0.095,0.55,71.86,8.69,579.525,0
"Oak Street",2015-05-29,2015,149,7.1,0,"low",3.6,0,0.095,76.41,6.17,579.607,0
"Oak Street",2015-06-03,2015,154,2.4,0,"low",9.5,0,0,63.47,4.46,579.794,0
"Oak Street",2015-06-04,2015,155,7.9,0,"low",2.4,0,0,70.76,6.71,579.82,0
"Oak Street",2015-06-05,2015,156,93.9,0,"low",7.9,0,0,77.7,7.85,579.79,0
"Oak Street",2015-06-10,2015,161,16.9,0,"low",1.7,0,0.11,83.17,7.01,579.718,0
"Oak Street",2015-06-11,2015,162,32.4,0,"low",16.9,0.043,0.043,91.47,7.71,579.761,0
"Oak Street",2015-06-12,2015,163,17.8,0,"low",32.4,0.131,0.174,67.99,5.74,579.944,0
"Oak Street",2015-06-17,2015,168,8.8,0,"low",11.2,0.009,1.075,70.97,9.43,580.016,1
"Oak Street",2015-06-18,2015,169,46,0,"low",8.8,0.16,0.17,65.08,2.77,580.048,0
"Oak Street",2015-06-19,2015,170,23.4,0,"low",46,0.139,0.299,80.11,5.87,580.048,0
"Oak Street",2015-06-24,2015,175,28.6,0,"low",40.6,0,0.028,76.37,4.26,580.017,0
"Oak Street",2015-06-25,2015,176,74.5,0,"low",28.6,0,0,76.58,4.81,579.875,0
"Oak Street",2015-06-26,2015,177,42,0,"low",74.5,0.527,0.527,76.13,0.49,580.153,0
"Oak Street",2015-07-01,2015,182,2.8,0,"low",9.2,0.1,0.293,72.57,3.71,580.06,0
"Oak Street",2015-07-02,2015,183,3.2,0,"low",2.8,0,0.1,61.8,8.01,580.091,0
"Oak Street",2015-07-08,2015,189,49,0,"low",32.5,0.346,0.734,72.58,11.66,580.256,0
"Oak Street",2015-07-09,2015,190,8,0,"low",49,0.027,0.373,63.48,6.95,580.11,0
"Oak Street",2015-07-10,2015,191,5.2,0,"low",8,0.024,0.051,68.45,5.95,580.118,0
"Oak Street",2015-07-15,2015,196,22,0,"low",3.3,0,0.684,76.86,9.5,580.248,0
"Oak Street",2015-07-16,2015,197,24.5,0,"low",22,0,0,69.11,9.71,580.217,0
"Oak Street",2015-07-17,2015,198,11,0,"low",24.5,0.524,0.524,73.96,6.48,580.058,0
"Oak Street",2015-07-22,2015,203,3.5,0,"low",1,0,0,75.78,6.17,579.976,0
"Oak Street",2015-07-23,2015,204,2.2,0,"low",3.5,0,0,77.11,1.75,579.948,0
"Oak Street",2015-07-24,2015,205,11.7,0,"low",2.2,0,0,79.13,2.89,579.985,0
"Oak Street",2015-07-29,2015,210,58.4,0,"low",39.9,0,0,84.92,5.02,580.004,0
"Oak Street",2015-07-30,2015,211,11.8,0,"low",58.4,0.033,0.033,86.18,7.41,579.91,0
"Oak Street",2015-07-31,2015,212,10.4,0,"low",11.8,0,0.033,86.66,11.1,579.79,0
"Oak Street",2015-08-05,2015,217,15,0,"low",4.6,0,0.791,80.05,3.66,579.96,0
"Oak Street",2015-08-06,2015,218,74,0,"low",15,0,0,77.85,4.51,580.036,0
"Oak Street",2015-08-07,2015,219,69.4,0,"low",74,0,0,77.49,8.45,580.113,0
"Oak Street",2015-08-12,2015,224,18.9,0,"low",53.9,0,0.314,76.22,6.09,580.042,0
"Oak Street",2015-08-13,2015,225,8.9,0,"low",18.9,0,0,74.36,4.65,579.88,0
"Oak Street",2015-08-14,2015,226,6,0,"low",8.9,0,0,83.18,9.97,579.753,0
"Oak Street",2015-08-19,2015,231,23,0,"low",25.8,0.64,0.925,81.32,9.39,579.95,0
"Oak Street",2015-08-20,2015,232,2.2,0,"low",23,0.015,0.655,75.51,14.16,579.717,0
"Oak Street",2015-08-21,2015,233,55.1,0,"low",2.2,0,0.015,73.26,14.25,579.684,0
"Oak Street",2015-08-26,2015,238,7.5,0,"low",15.6,0,0,67.29,5.23,579.697,0
"Oak Street",2015-08-27,2015,239,6.9,0,"low",7.5,0,0,64.49,5.08,579.754,0
"Oak Street",2015-08-28,2015,240,3.2,0,"low",6.9,0,0,70.19,1.35,579.792,0
"Oak Street",2015-09-02,2015,245,19.2,0,"low",35.5,0,0,87.74,9.35,579.762,0
"Oak Street",2015-09-03,2015,246,23.3,0,"low",19.2,0,0,88.98,6.85,579.77,0
"Oak Street",2015-09-04,2015,247,22.6,0,"low",23.3,0,0,89.87,5.49,579.905,0
"Oak Street",2016-06-02,2016,154,138.6,0,"moderate",85.1,0.277,0.818,75.27,1.48,580.465,0
"Oak Street",2016-06-03,2016,155,135.1,0,"moderate",138.6,0,0.277,76.02,3.29,580.335,0
"Oak Street",2016-06-08,2016,160,29.8,0,"low",5.9,0,0.028,63.21,7.71,580.418,0
"Oak Street",2016-06-09,2016,161,5.2,0,"low",29.8,0,0,62.77,3.43,580.28,0
"Oak Street",2016-06-10,2016,162,29,0,"low",5.2,0.106,0.106,69.96,6.11,580.367,0
"Oak Street",2016-06-15,2016,167,23.7,0,"low",112.4,0,0.006,79.67,6.97,580.531,0
"Oak Street",2016-06-16,2016,168,5.9,0,"low",23.7,0.246,0.246,85.21,6.48,580.513,0
"Oak Street",2016-06-17,2016,169,23,0,"low",5.9,0,0.246,82.46,10.69,580.684,0
"Oak Street",2016-06-22,2016,174,4.5,0,"low",21,0,0.002,79.31,4.28,580.311,0
"Oak Street",2016-06-23,2016,175,226.3,0,"moderate",4.5,0.765,0.765,75.02,4.03,580.435,0
"Oak Street",2016-06-24,2016,176,6.3,0,"low",226.3,0,0.765,72.53,7.6,580.579,0
"Oak Street",2016-06-29,2016,181,5,0,"low",2.8,0,0,70.89,12.11,580.589,0
"Oak Street",2016-06-30,2016,182,11,0,"low",5,0,0,73.71,2.78,580.371,0
"Oak Street",2016-07-01,2016,183,6.6,0,"low",11,0,0,76.62,8.77,580.284,0
"Oak Street",2016-07-07,2016,189,20.2,0,"low",38.5,1.223,1.223,85.31,6.87,580.282,0
"Oak Street",2016-07-08,2016,190,37,0,"low",20.2,0.151,1.373,80.18,2.19,580.371,0
"Oak Street",2016-07-13,2016,195,9.5,0,"low",5.5,0,0,87.86,13.21,580.23,0
"Oak Street",2016-07-14,2016,196,173.4,0,"moderate",9.5,0.236,0.236,83.61,9.8,580.112,0
"Oak Street",2016-07-15,2016,197,13.1,0,"low",173.4,0,0.236,85.88,13.68,580.105,0
"Oak Street",2016-07-20,2016,202,12.8,0,"low",3.9,0,0.196,81.86,3.02,580.308,0
"Oak Street",2016-07-21,2016,203,113.2,0,"low",12.8,0,0,85.46,5.7,580.289,0
"Oak Street",2016-07-22,2016,204,11,0,"low",113.2,0.442,0.442,88.36,6.27,580.039,0
"Oak Street",2016-07-26,2016,208,16,0,"low",20.9,0,0.443,82.44,0.74,580.19,0
"Oak Street",2016-07-27,2016,209,3,0,"low",16,0,0,83.43,3.31,580.223,0
"Oak Street",2016-07-28,2016,210,37.9,0,"low",3,0,0,84.86,2.66,580.259,0
"Oak Street",2016-07-29,2016,211,96,0,"low",37.9,0.163,0.163,80.02,3.18,580.394,0
"Oak Street",2016-08-03,2016,216,45.5,0,"low",33.9,0,0,81.95,5.6,580.397,0
"Oak Street",2016-08-04,2016,217,5.2,0,"low",45.5,0,0,85.67,4.94,580.364,0
"Oak Street",2016-08-05,2016,218,7.5,0,"low",5.2,0,0,88.49,6.16,580.276,0
"Oak Street",2016-08-17,2016,230,9.8,0,"low",43,0.053,0.103,81.2,2.27,580.308,0
"Oak Street",2016-08-18,2016,231,9.9,0,"low",9.8,0.014,0.068,85.46,5.19,580.249,0
"Oak Street",2016-08-19,2016,232,11,0,"low",9.9,0.508,0.522,84.11,7.7,580.213,0
"Oak Street",2016-08-24,2016,237,4.9,0,"low",7.7,0,0,79.58,11.9,579.918,0
"Oak Street",2016-08-31,2016,244,962.4,1,"exceed",14.1,0.103,0.248,81.96,1.2,580.223,0
"Oak Street",2016-09-01,2016,245,187.7,0,"moderate",962.4,0,0.103,74.6,12.33,580.489,0
"Oak Street",2016-09-02,2016,246,118.4,0,"low",187.7,0,0,71.64,13.54,580.577,0
"Ohio",2006-05-25,2006,145,115.2,0,"low",12.2,0.475,0.475,77.54,12.42,577.846,0
"Ohio",2006-05-26,2006,146,19.5,0,"low",115.2,0.141,0.616,73.34,10.78,577.922,0
"Ohio",2006-06-01,2006,152,16,0,"low",37.2,0,0.403,72.24,7.39,578.078,0
"Ohio",2006-06-02,2006,153,3.7,0,"low",16,0,0,71.75,8.18,578.091,0
"Ohio",2006-06-07,2006,158,256.2,1,"exceed",21,0,0,81.88,11.23,577.94,0
"Ohio",2006-06-08,2006,159,1,0,"low",256.2,0,0,77.79,4.76,578.118,0
"Ohio",2006-06-09,2006,160,1,0,"low",1,0,0,78.53,6.08,578.066,0
"Ohio",2006-06-14,2006,165,25.8,0,"low",1,0,0,69.65,5.89,578.077,0
"Ohio",2006-06-15,2006,166,2.5,0,"low",25.8,0.006,0.006,76.41,7.37,578.113,0
"Ohio",2006-06-16,2006,167,29,0,"low",2.5,0,0.006,85.08,4.87,578.093,0
"Ohio",2006-06-21,2006,172,516.9,1,"exceed",212.5,0,0,78.55,3.76,578.005,0
"Ohio",2006-06-22,2006,173,61.8,0,"low",516.9,0.054,0.054,86.22,9.19,577.913,0
"Ohio",2006-06-23,2006,174,78.7,0,"low",61.8,0.192,0.246,79.19,3.76,578.022,0
"Ohio",2006-06-28,2006,179,5.7,0,"low",90.9,0.002,0.717,76.44,4.09,578.035,0
"Ohio",2006-06-29,2006,180,5.6,0,"low",5.7,0.321,0.323,75.77,6.34,578.013,0
"Ohio",2006-06-30,2006,181,56.7,0,"low",5.6,0,0.321,76.6,3.5,577.952,0
"Ohio",2006-07-12,2006,193,297.3,1,"exceed",1.8,0.194,0.231,74.28,4.66,578.091,0
"Ohio",2006-07-13,2006,194,596,1,"exceed",297.3,0.005,0.199,75.16,10.8,578.161,0
"Ohio",2006-07-14,2006,195,13.8,0,"low",596,0,0.005,80.76,6.18,578.034,0
"Ohio",2006-07-19,2006,200,14.5,0,"low",29.5,0.05,0.188,80.19,12.23,578.065,0
"Ohio",2006-07-20,2006,201,69.9,0,"low",14.5,0.003,0.052,87.59,6.67,578.016,0
"Ohio",2006-07-21,2006,202,25.2,0,"low",69.9,0.815,0.818,80.82,3.47,577.928,0
"Ohio",2006-07-26,2006,207,14.6,0,"low",8.5,0,0.003,89.21,11.84,577.764,0
"Ohio",2006-07-27,2006,208,7.3,0,"low",14.6,0.08,0.08,83.91,10.77,577.861,0
"Ohio",2006-07-28,2006,209,36.6,0,"low",7.3,0.01,0.09,85.54,4.61,577.947,0
"Ohio",2006-08-02,2006,214,1,0,"low",1.8,0.032,0.032,96.55,11.86,577.792,0
"Ohio",2006-08-03,2006,215,44.9,0,"low",1,0.307,0.34,95.62,13.25,577.893,0
"Ohio",2006-08-09,2006,221,15.1,0,"low",18,0,0,78.86,10.29,578.109,0
"Ohio",2006-08-10,2006,222,24.6,0,"low",15.1,0.054,0.054,81.93,6.09,577.977,0
"Ohio",2006-08-11,2006,223,16.4,0,"low",24.6,0.22,0.273,76.82,5.88,578.171,0
"Ohio",2006-08-16,2006,228,5.5,0,"low",2.9,0,0,79.2,2.61,577.826,0
"Ohio",2006-08-17,2006,229,37.4,0,"low",5.5,0,0,79.52,6.24,577.919,0
"Ohio",2006-08-18,2006,230,1,0,"low",37.4,0.054,0.054,81.53,5.43,577.95,0
"Ohio",2006-08-24,2006,236,7.9,0,"low",29.8,0,0,86.51,4.32,577.925,0
"Ohio",2006-08-30,2006,242,103.2,0,"low",360.9,0.061,0.603,68.49,9.83,578.246,0
"Ohio",2006-08-31,2006,243,50.4,0,"low",103.2,0.015,0.075,72.08,11.08,578.4,0
"Ohio",2006-09-01,2006,244,129.4,0,"moderate",50.4,0,0.015,72.3,12.28,578.358,0
"Ohio",2007-05-30,2007,150,15.4,0,"low",26.1,0,0,83.95,7.03,577.877,0
"Ohio",2007-05-31,2007,151,74.2,0,"low",15.4,0,0,86.16,9.81,577.828,0
"Ohio",2007-06-01,2007,152,1732.9,1,"exceed",74.2,0.11,0.11,77,8.61,577.775,0
"Ohio",2007-06-02,2007,153,733.8,1,"exceed",1732.9,0.073,0.183,79.98,4.94,577.798,0
"Ohio",2007-06-06,2007,157,83.5,0,"low",139.5,0.294,0.519,65.99,8.23,577.92,0
"Ohio",2007-06-07,2007,158,77.9,0,"low",83.5,0.003,0.296,83.06,9.22,577.75,0
"Ohio",2007-06-08,2007,159,10.3,0,"low",77.9,0,0.003,90.64,20.54,577.59,0
"Ohio",2007-06-13,2007,164,79.6,0,"low",78.4,0,0,77.55,7.69,577.911,0
"Ohio",2007-06-14,2007,165,1,0,"low",79.6,0,0,80.02,6.36,577.919,0
"Ohio",2007-06-15,2007,166,59.8,0,"low",1,0,0,82.47,5.15,577.939,0
"Ohio",2007-06-20,2007,171,29.5,0,"low",13.3,0.53,0.722,79.36,10.1,577.746,0
"Ohio",2007-06-21,2007,172,30.7,0,"low",29.5,0,0.53,80.97,3.31,577.675,0
"Ohio",2007-06-22,2007,173,344.8,1,"exceed",30.7,0,0,75.47,2.8,577.785,0
"Ohio",2007-06-27,2007,178,103.4,0,"low",75.5,0.058,0.058,87.65,6.5,577.738,0
"Ohio",2007-06-28,2007,179,197,0,"moderate",103.4,0.202,0.26,87.7,7.13,577.706,0
"Ohio",2007-06-29,2007,180,595.8,1,"exceed",197,0,0.202,73.94,11.44,578.045,0
"Ohio",2007-07-04,2007,185,113.1,0,"low",22.9,0.016,0.016,80.73,7.1,577.696,0
"Ohio",2007-07-05,2007,186,19.9,0,"low",113.1,0.391,0.406,80.44,3.8,577.806,0
"Ohio",2007-07-06,2007,187,1250.6,1,"exceed",19.9,0,0.391,82.94,3.68,577.759,0
"Ohio",2007-07-07,2007,188,25.3,0,"low",1250.6,0,0,80.27,2.87,577.738,0
"Ohio",2007-07-11,2007,192,1986.3,1,"exceed",10.4,0.236,0.342,86.8,7.72,577.716,0
"Ohio",2007-07-12,2007,193,41.6,0,"low",1986.3,0,0.236,76.6,7.85,577.669,0
"Ohio",2007-07-13,2007,194,6.2,0,"low",41.6,0,0,78.32,10.35,577.625,0
"Ohio",2007-07-18,2007,199,16.6,0,"low",823.9,0.123,0.123,81.42,5.14,577.769,0
"Ohio",2007-07-19,2007,200,55.6,0,"low",16.6,0.36,0.483,83.95,8.46,577.683,0
"Ohio",2007-07-20,2007,201,191.8,0,"moderate",55.6,0.167,0.527,76.98,6.65,577.95,0
"Ohio",2007-07-25,2007,206,59.3,0,"low",50.8,0,0,78.45,1.71,577.688,0
"Ohio",2007-07-26,2007,207,190.2,0,"moderate",59.3,0,0,81.72,6.08,577.674,0
"Ohio",2007-07-27,2007,208,67.3,0,"low",190.2,0.454,0.454,80.95,7.32,577.661,0
"Ohio",2007-08-01,2007,213,32.9,0,"low",6.9,0,0,85.79,2.46,577.675,0
"Ohio",2007-08-02,2007,214,8.5,0,"low",32.9,0,0,88.07,2.49,577.682,0
"Ohio",2007-08-03,2007,215,49.2,0,"low",8.5,0,0,88.99,6.04,577.563,0
"Ohio",2007-08-08,2007,220,37.7,0,"low",147.6,0.627,0.721,91.34,5.34,577.645,0
"Ohio",2007-08-09,2007,221,39.3,0,"low",37.7,0.145,0.772,83.11,3.91,577.665,0
"Ohio",2007-08-10,2007,222,47.6,0,"low",39.3,0.103,0.248,83.34,1.66,577.71,0
"Ohio",2007-08-15,2007,227,149.5,0,"moderate",759.2,0.344,0.344,83.21,7.12,577.495,0
"Ohio",2007-08-16,2007,228,182.5,0,"moderate",149.5,0.585,0.929,78.86,4.94,577.561,0
"Ohio",2007-08-17,2007,229,28.8,0,"low",182.5,0,0.585,74.74,4.57,577.507,0
"Ohio",2007-08-22,2007,234,50.8,0,"low",266.7,0.01,0.594,81.94,4.17,577.727,0
"Ohio",2007-08-23,2007,235,29.6,0,"low",50.8,0.588,0.598,88.3,5.1,577.464,0
"Ohio",2007-08-24,2007,236,67.8,0,"low",29.6,1.347,1.935,86.71,9.44,577.425,1
"Ohio",2007-08-25,2007,237,333,1,"exceed",67.8,0.244,1.59,78.94,6.15,577.509,1
"Ohio",2007-08-26,2007,238,22.3,0,"low",333,0.297,0.54,73.77,2.78,577.618,0
"Ohio",2007-08-27,2007,239,277.1,1,"exceed",22.3,0,0.297,74.32,1.83,577.588,0
"Ohio",2007-08-28,2007,240,19.4,0,"low",277.1,0,0,84.5,6.38,577.524,0
"Ohio",2007-08-29,2007,241,62.6,0,"low",19.4,0,0,90.51,7.66,577.484,0
"Ohio",2007-08-30,2007,242,546.9,1,"exceed",62.6,0,0,80.74,3.54,577.699,0
"Ohio",2007-08-31,2007,243,92,0,"low",546.9,0,0,71.69,11.73,577.78,0
"Ohio",2008-05-29,2008,150,75.9,0,"low",107.8,0,0,57.75,8.68,577.973,0
"Ohio",2008-05-30,2008,151,730.4,1,"exceed",75.9,0.086,0.086,66.22,2.7,577.753,0
"Ohio",2008-05-31,2008,152,347.8,1,"exceed",730.4,0.257,0.344,75.23,8.51,577.785,0
"Ohio",2008-06-01,2008,153,95,0,"low",347.8,0,0.257,78.17,9.39,577.862,0
"Ohio",2008-06-02,2008,154,14.6,0,"low",95,0,0,70.28,5.14,577.695,0
"Ohio",2008-06-03,2008,155,25.3,0,"low",14.6,0,0,80.11,2.06,577.827,0
"Ohio",2008-06-04,2008,156,109.3,0,"low",25.3,0.407,0.407,67.23,5.73,577.949,0
"Ohio",2008-06-05,2008,157,22.6,0,"low",109.3,0,0.407,69.37,5.99,578.065,0
"Ohio",2008-06-06,2008,158,20.6,0,"low",22.6,0.389,0.389,85.64,13.77,577.936,0
"Ohio",2008-06-11,2008,163,85.1,0,"low",50.3,0.006,0.748,79.95,9.36,577.908,0
"Ohio",2008-06-12,2008,164,10.9,0,"low",85.1,0,0.006,82.98,13.55,578.155,0
"Ohio",2008-06-13,2008,165,47.9,0,"low",10.9,0,0,86.96,20.63,578.215,0
"Ohio",2008-06-18,2008,170,10.3,0,"low",1.4,0,0,74.22,10.05,578.079,0
"Ohio",2008-06-19,2008,171,2.5,0,"low",10.3,0,0,67.23,5,578.15,0
"Ohio",2008-06-20,2008,172,7.2,0,"low",2.5,0.005,0.005,74.38,3.62,578.13,0
"Ohio",2008-06-25,2008,177,73.8,0,"low",40,0,0,75.87,4.62,578.148,0
"Ohio",2008-06-26,2008,178,13.2,0,"low",73.8,0.064,0.064,80.93,10.22,578.1,0
"Ohio",2008-06-27,2008,179,44.8,0,"low",13.2,0.002,0.067,84.91,7.18,578.16,0
"Ohio",2008-07-02,2008,184,5.1,0,"low",5.1,0.011,0.011,81.58,8.39,578.09,0
"Ohio",2008-07-03,2008,185,19.8,0,"low",5.1,0.136,0.146,85.2,12.78,578.098,0
"Ohio",2008-07-09,2008,191,6.3,0,"low",27.6,0.283,0.399,83.28,9.15,578.235,0
"Ohio",2008-07-10,2008,192,26.9,0,"low",6.3,0.022,0.305,77.81,5.44,578.223,0
"Ohio",2008-07-11,2008,193,15.8,0,"low",26.9,0.26,0.282,81.37,10.92,578.145,0
"Ohio",2008-07-16,2008,198,3.1,0,"low",5.7,0,0,88.71,8.8,578.149,0
"Ohio",2008-07-17,2008,199,12.1,0,"low",3.1,0,0,87.88,6.45,578.227,0
"Ohio",2008-07-18,2008,200,1.8,0,"low",12.1,0.058,0.058,87.46,9.62,578.239,0
"Ohio",2008-07-23,2008,205,27.3,0,"low",18.3,0.029,0.1,72.05,9.75,578.575,0
"Ohio",2008-07-24,2008,206,2.9,0,"low",27.3,0,0.029,75.32,9.75,578.516,0
"Ohio",2008-07-25,2008,207,1140.9,1,"exceed",2.9,0,0,78.27,1.67,578.37,0
"Ohio",2008-07-26,2008,208,16.7,0,"low",1140.9,0,0,80.68,6.34,578.239,0
"Ohio",2008-07-30,2008,212,1.4,0,"low",24.3,0.104,0.104,85.95,5.22,578.319,0
"Ohio",2008-07-31,2008,213,6.1,0,"low",1.4,0.02,0.124,83.57,5.78,578.298,0
"Ohio",2008-08-01,2008,214,32.6,0,"low",6.1,0.356,0.375,81.78,4.54,578.233,0
"Ohio",2008-08-06,2008,219,34.2,0,"low",216,0.044,0.944,81.23,2.92,578.461,0
"Ohio",2008-08-07,2008,220,135,0,"moderate",34.2,0.005,0.049,79.49,5.25,578.291,0
"Ohio",2008-08-08,2008,221,55.5,0,"low",135,0.005,0.01,76.39,8.38,578.517,0
"Ohio",2008-08-13,2008,226,54.7,0,"low",21.3,0.002,0.002,73.52,4.01,578.41,0
"Ohio",2008-08-14,2008,227,38.6,0,"low",54.7,0.102,0.105,73.54,2.62,578.427,0
"Ohio",2008-08-15,2008,228,85.3,0,"low",38.6,0,0.102,74.03,8.31,578.574,0
"Ohio",2008-08-20,2008,233,65.4,0,"low",18.7,0,0,76.82,6.48,578.565,0
"Ohio",2008-08-21,2008,234,422.2,1,"exceed",65.4,0,0,75.91,7.55,578.485,0
"Ohio",2008-08-22,2008,235,14,0,"low",422.2,0,0,78.92,7.69,578.367,0
"Ohio",2008-08-27,2008,240,17.6,0,"low",20.9,0,0,72.69,10.12,578.403,0
"Ohio",2008-08-28,2008,241,41.9,0,"low",17.6,0,0,76.07,5.27,578.309,0
"Ohio",2008-08-29,2008,242,10.3,0,"low",41.9,0.018,0.018,78.71,6.49,578.204,0
"Ohio",2009-05-28,2009,148,45.1,0,"low",181,0.201,1.002,64.78,1.75,579.11,0
"Ohio",2009-05-29,2009,149,94.3,0,"low",45.1,0,0.201,60.52,5.87,578.911,0
"Ohio",2009-06-03,2009,154,52.2,0,"low",39.4,0.042,0.709,57.32,9.86,579.017,0
"Ohio",2009-06-04,2009,155,1,0,"low",52.2,0,0.042,58.38,12,579.015,0
"Ohio",2009-06-05,2009,156,1,0,"low",1,0,0,71.02,6.29,578.901,0
"Ohio",2009-06-10,2009,161,613.1,1,"exceed",51.2,0.002,0.197,64.55,4.67,579.142,0
"Ohio",2009-06-11,2009,162,364.7,1,"exceed",613.1,0.022,0.025,63.19,8.07,579.027,0
"Ohio",2009-06-12,2009,163,5.2,0,"low",364.7,0.384,0.406,63.02,10.48,579.194,0
"Ohio",2009-06-17,2009,168,34.7,0,"low",131.8,0.522,0.784,68.77,11.29,579.153,0
"Ohio",2009-06-18,2009,169,11.3,0,"low",34.7,0.005,0.527,74.01,2.68,579.141,0
"Ohio",2009-06-19,2009,170,44.8,0,"low",11.3,0.252,0.256,79.7,5.6,579.036,0
"Ohio",2009-06-20,2009,171,79.8,0,"low",44.8,1.641,1.893,86.28,8.42,578.927,0
"Ohio",2009-06-24,2009,175,22.6,0,"low",22.5,0,0.099,86.17,4.76,579.09,0
"Ohio",2009-06-25,2009,176,13.2,0,"low",22.6,0.045,0.045,88.63,1.05,579.048,0
"Ohio",2009-06-26,2009,177,126.6,0,"moderate",13.2,0,0.045,84.55,1.34,579.084,0
"Ohio",2009-07-01,2009,182,27.6,0,"low",21.8,0,0,67.56,9.12,579.061,0
"Ohio",2009-07-02,2009,183,9.1,0,"low",27.6,0.005,0.005,68.08,6.6,579.068,0
"Ohio",2009-07-08,2009,189,1126,1,"exceed",17.1,0.002,0.002,71.68,5.64,579.018,0
"Ohio",2009-07-09,2009,190,26.4,0,"low",1126,0.107,0.109,69.42,6.93,579.049,0
"Ohio",2009-07-10,2009,191,5.5,0,"low",26.4,0,0.107,77.04,5.43,579.128,0
"Ohio",2009-07-15,2009,196,48.7,0,"low",1106.7,0,0,77.4,6.89,578.959,0
"Ohio",2009-07-16,2009,197,2.9,0,"low",48.7,0.492,0.492,84.64,9.48,578.83,0
"Ohio",2009-07-17,2009,198,54.7,0,"low",2.9,0.083,0.575,80.1,8.74,578.827,0
"Ohio",2009-07-22,2009,203,320.4,1,"exceed",266,0.039,0.039,74.97,5.41,579.032,0
"Ohio",2009-07-23,2009,204,95,0,"low",320.4,0,0.039,72.97,2.74,579.107,0
"Ohio",2009-07-24,2009,205,46.4,0,"low",95,0.09,0.09,73.73,2.6,579.058,0
"Ohio",2009-07-29,2009,210,197.2,0,"moderate",5.7,0.028,0.028,82.46,4.73,578.877,0
"Ohio",2009-07-30,2009,211,40.1,0,"low",197.2,0.032,0.06,74.06,4.91,578.896,0
"Ohio",2009-07-31,2009,212,24.6,0,"low",40.1,0.028,0.06,77.1,5.03,578.84,0
"Ohio",2009-08-05,2009,217,82.6,0,"low",5.5,0,0.068,78.22,1.08,578.907,0
"Ohio",2009-08-06,2009,218,40.4,0,"low",82.6,0,0,73.2,5.05,578.799,0
"Ohio",2009-08-07,2009,219,72.1,0,"low",40.4,0.01,0.01,75.35,1.98,578.84,0
"Ohio",2009-08-12,2009,224,9.6,0,"low",17.4,0,0.002,75.19,6.15,579.043,0
"Ohio",2009-08-13,2009,225,60.5,0,"low",9.6,0,0,77.37,5.1,578.94,0
"Ohio",2009-08-14,2009,226,146,0,"moderate",60.5,0,0,80.28,3.92,578.885,0
"Ohio",2009-08-19,2009,231,9.9,0,"low",191.1,0.142,0.55,81.87,7.32,578.846,0
"Ohio",2009-08-20,2009,232,9.1,0,"low",9.9,0.158,0.3,77.97,4.52,578.865,0
"Ohio",2009-08-21,2009,233,43.8,0,"low",9.1,0.081,0.239,76.49,13.54,578.875,0
"Ohio",2009-08-26,2009,238,35.4,0,"low",10.5,0,0,79.33,10.17,578.733,0
"Ohio",2009-08-27,2009,239,29.6,0,"low",35.4,0.864,0.864,72.91,4.44,578.996,0
"Ohio",2009-09-02,2009,245,214.3,0,"moderate",32.1,0.002,0.002,67.14,5.38,578.965,0
"Ohio",2009-09-03,2009,246,25.8,0,"low",214.3,0,0.002,68.52,4.34,578.963,0
"Ohio",2010-05-28,2010,148,1.8,0,"low",244,0,0,69.36,11.83,578.183,0
"Ohio",2010-06-03,2010,154,21,0,"low",381.4,0.891,0.891,74.76,2.35,578.187,0
"Ohio",2010-06-04,2010,155,129.4,0,"moderate",21,0,0.891,70.04,7.83,578.22,0
"Ohio",2010-06-09,2010,160,91.5,0,"low",84.6,0.287,0.289,71.39,9.47,578.131,0
"Ohio",2010-06-10,2010,161,27.2,0,"low",91.5,0,0.287,81.79,9.64,578.265,0
"Ohio",2010-06-11,2010,162,65.6,0,"low",27.2,0,0,77.51,4.06,578.175,0
"Ohio",2010-06-16,2010,167,44.8,0,"low",44.9,0.386,0.46,75.65,1.28,578.43,0
"Ohio",2010-06-17,2010,168,21.4,0,"low",44.8,0,0.386,79.31,6.15,578.48,0
"Ohio",2010-06-18,2010,169,43.6,0,"low",21.4,0,0,76.47,6.2,578.355,0
"Ohio",2010-06-23,2010,174,255.5,1,"exceed",76.5,0.52,0.746,85.18,7.45,578.446,0
"Ohio",2010-06-24,2010,175,72.8,0,"low",255.5,0.539,1.059,85.97,10.81,578.17,0
"Ohio",2010-06-25,2010,176,7.1,0,"low",72.8,0,0.539,76.23,3.1,578.34,0
"Ohio",2010-06-30,2010,181,12.2,0,"low",18.2,0,0.628,69.52,7.91,578.385,0
"Ohio",2010-07-01,2010,182,23.6,0,"low",12.2,0,0,70.08,4.59,578.399,0
"Ohio",2010-07-08,2010,189,37.3,0,"low",5.5,0.109,0.146,88.98,4.21,578.271,0
"Ohio",2010-07-09,2010,190,7,0,"low",37.3,0.139,0.247,81.4,0.3,578.34,0
"Ohio",2010-07-14,2010,195,30.5,0,"low",2.9,0.057,0.062,82.25,5.52,578.445,0
"Ohio",2010-07-15,2010,196,8,0,"low",30.5,0,0.057,88.16,8.41,578.348,0
"Ohio",2010-07-16,2010,197,3.2,0,"low",8,0.003,0.003,89.36,6.52,578.358,0
"Ohio",2010-07-21,2010,202,20.1,0,"low",4.6,0,0.003,82.81,6.36,578.354,0
"Ohio",2010-07-22,2010,203,10.2,0,"low",20.1,0,0,83.91,1.92,578.33,0
"Ohio",2010-07-23,2010,204,12.4,0,"low",10.2,0.776,0.776,87.74,9.78,578.234,0
"Ohio",2010-07-28,2010,209,16.5,0,"low",98.8,0,0,87.01,6.14,578.336,0
"Ohio",2010-07-29,2010,210,19.4,0,"low",16.5,0,0,87.64,5.82,578.268,0
"Ohio",2010-07-30,2010,211,30,0,"low",19.4,0,0,77.87,5.63,578.413,0
"Ohio",2010-08-04,2010,216,192.3,0,"moderate",17.2,0.575,0.604,82.06,3.82,578.278,0
"Ohio",2010-08-05,2010,217,37.6,0,"low",192.3,0.505,1.079,79.34,3.01,578.327,0
"Ohio",2010-08-06,2010,218,28.3,0,"low",37.6,0,0.505,82.35,9.97,578.252,0
"Ohio",2010-08-11,2010,223,16.3,0,"low",18.6,0,0.151,81.87,3.77,578.372,0
"Ohio",2010-08-12,2010,224,12.5,0,"low",16.3,0,0,88.31,2.4,578.417,0
"Ohio",2010-08-13,2010,225,12.6,0,"low",12.5,0,0,84.85,2.25,578.441,0
"Ohio",2010-08-18,2010,230,1.4,0,"low",5.5,0,0,75.71,3.52,578.056,0
"Ohio",2010-08-19,2010,231,4.1,0,"low",1.4,0.057,0.057,80.56,2.08,578.04,0
"Ohio",2010-08-20,2010,232,11.2,0,"low",4.1,0,0.057,84.2,4.83,578.133,0
"Ohio",2010-08-25,2010,237,18.5,0,"low",37.8,0.002,0.002,79.12,3.48,578.324,0
"Ohio",2010-08-26,2010,238,7.6,0,"low",18.5,0,0.002,76.81,8.82,578.394,0
"Ohio",2010-08-27,2010,239,4.4,0,"low",7.6,0,0,78.79,2.43,578.22,0
"Ohio",2010-09-01,2010,244,279.8,1,"exceed",17.2,0,0,90.34,13.17,577.888,0
"Ohio",2010-09-02,2010,245,9.7,0,"low",279.8,0.141,0.141,80.97,6.6,578.083,0
"Ohio",2010-09-03,2010,246,37.7,0,"low",9.7,0.738,0.879,81.86,7.9,578.112,0
"Ohio",2011-05-28,2011,148,985,1,"exceed",460.5,0.01,0.838,53.51,9.06,578.391,0
"Ohio",2011-05-29,2011,149,213,0,"moderate",985,0.096,0.106,63.89,6.78,578.288,0
"Ohio",2011-06-02,2011,153,396.9,1,"exceed",261.4,0,0.045,80.78,12.3,577.848,0
"Ohio",2011-06-03,2011,154,739.6,1,"exceed",396.9,0,0,70.34,7.14,578.122,0
"Ohio",2011-06-04,2011,155,79.3,0,"low",739.6,0.099,0.099,82.96,10.1,578.241,0
"Ohio",2011-06-08,2011,159,42.4,0,"low",69.8,0,0,94.89,11.26,578.207,0
"Ohio",2011-06-09,2011,160,139.5,0,"moderate",42.4,0,0,93.95,12.99,578.026,0
"Ohio",2011-06-10,2011,161,153,0,"moderate",139.5,1.381,1.381,69.41,6.92,578.433,0
"Ohio",2011-06-14,2011,165,34.8,0,"low",15.1,0,0,65.17,6.8,578.269,0
"Ohio",2011-06-15,2011,166,30.8,0,"low",34.8,0.046,0.046,69.57,7.1,578.393,0
"Ohio",2011-06-16,2011,167,90.1,0,"low",30.8,0.474,0.52,71.93,10.41,578.392,0
"Ohio",2011-06-17,2011,168,65.1,0,"low",90.1,0.026,0.5,76.74,4.52,578.404,0
"Ohio",2011-06-22,2011,173,23.3,0,"low",42.6,0.299,0.631,85.94,13.5,578.507,0
"Ohio",2011-06-23,2011,174,40.3,0,"low",23.3,0.054,0.353,72.7,13.79,578.479,0
"Ohio",2011-06-24,2011,175,358.6,1,"exceed",40.3,0.027,0.082,70.34,12.3,578.452,0
"Ohio",2011-06-25,2011,176,76.1,0,"low",358.6,0,0.027,69.45,9,578.367,0
"Ohio",2011-06-29,2011,180,23,0,"low",15.1,0,0.054,76.57,6.15,578.418,0
"Ohio",2011-06-30,2011,181,9.3,0,"low",23,0,0,74.48,2.9,578.346,0
"Ohio",2011-07-01,2011,182,33.6,0,"low",9.3,0,0,83.83,8.46,578.499,0
"Ohio",2011-07-07,2011,188,16.9,0,"low",12.7,0,0,80.84,6.07,578.427,0
"Ohio",2011-07-08,2011,189,8,0,"low",16.9,0.034,0.034,76,5.37,578.479,0
"Ohio",2011-07-13,2011,194,6.4,0,"low",45.2,0.008,0.337,80.81,5.3,578.425,0
"Ohio",2011-07-14,2011,195,10.7,0,"low",6.4,0,0.008,71.09,12.18,578.567,0
"Ohio",2011-07-15,2011,196,8,0,"low",10.7,0,0,75.9,7.18,578.524,0
"Ohio",2011-07-20,2011,201,14.3,0,"low",11.6,0,0.003,84.6,2.66,578.506,0
"Ohio",2011-07-21,2011,202,11.9,0,"low",14.3,0.061,0.061,97.34,6.75,578.262,0
"Ohio",2011-07-22,2011,203,35.2,0,"low",11.9,0.005,0.066,96.1,5.43,578.262,0
"Ohio",2011-07-23,2011,204,19.9,0,"low",35.2,0.467,0.472,86.02,3.55,578.352,0
"Ohio",2011-07-24,2011,205,183,0,"moderate",19.9,2.182,2.649,81.69,0.83,578.388,0
"Ohio",2011-07-25,2011,206,515.7,1,"exceed",183,0.071,2.252,83,1.41,578.48,0
"Ohio",2011-07-26,2011,207,10.8,0,"low",515.7,0.01,0.08,80.35,3.17,578.434,1
"Ohio",2011-07-27,2011,208,19.6,0,"low",10.8,0.005,0.015,80.03,4.75,578.367,0
"Ohio",2011-07-28,2011,209,613.1,1,"exceed",19.6,0.359,0.364,87.74,6.93,578.342,0
"Ohio",2011-07-29,2011,210,521.5,1,"exceed",613.1,0.315,0.674,82.06,3.3,578.504,0
"Ohio",2011-07-30,2011,211,40.3,0,"low",521.5,0.26,0.576,81.27,3.2,578.473,0
"Ohio",2011-08-03,2011,215,27.3,0,"low",11.7,0.272,0.272,91.11,8.93,578.36,0
"Ohio",2011-08-04,2011,216,5.4,0,"low",27.3,0,0.272,80.91,8.56,578.64,0
"Ohio",2011-08-05,2011,217,6.7,0,"low",5.4,0,0,78.16,6.24,578.494,0
"Ohio",2011-08-10,2011,222,3.9,0,"low",8,0.027,0.264,80,10.89,578.409,0
"Ohio",2011-08-11,2011,223,3.2,0,"low",3.9,0,0.027,74.44,5.98,578.37,0
"Ohio",2011-08-12,2011,224,3.8,0,"low",3.2,0,0,77.29,1.81,578.252,0
"Ohio",2011-08-17,2011,229,6.2,0,"low",9.1,0,0,79.57,2.97,578.422,0
"Ohio",2011-08-18,2011,230,25.8,0,"low",6.2,0,0,81.95,6.87,578.338,0
"Ohio",2011-08-19,2011,231,152.1,0,"moderate",25.8,0,0,79.11,3.28,578.409,0
"Ohio",2011-08-24,2011,236,9.6,0,"low",5.5,0.22,0.22,79.02,11.12,577.898,0
"Ohio",2011-08-25,2011,237,85.3,0,"low",9.6,0,0.22,90.72,9.69,578.087,0
"Ohio",2011-08-26,2011,238,37.9,0,"low",85.3,0,0,75.5,6.26,578.259,0
"Ohio",2011-08-31,2011,243,30.2,0,"low",94.1,0.008,0.008,80.02,7.34,578.113,0
"Ohio",2011-09-01,2011,244,13.4,0,"low",30.2,0.04,0.048,87.82,6.86,578.181,0
"Ohio",2011-09-02,2011,245,9,0,"low",13.4,0,0.04,92.11,5.4,578.263,0
"Ohio",2012-05-24,2012,145,83.8,0,"low",53.2,0,0,73.11,5.32,577.847,0
"Ohio",2012-05-25,2012,146,222.5,0,"moderate",83.8,0,0,85.1,17.24,577.695,0
"Ohio",2012-05-31,2012,152,50.2,0,"low",25.5,0,0.005,66.97,6.87,577.868,0
"Ohio",2012-06-01,2012,153,311.4,1,"exceed",50.2,0.786,0.786,53.98,12.75,577.991,0
"Ohio",2012-06-02,2012,154,3.9,0,"low",311.4,0.054,0.841,59.08,11.59,578.112,0
"Ohio",2012-06-06,2012,158,24.8,0,"low",319.7,0,0,63.68,9.37,578.029,0
"Ohio",2012-06-07,2012,159,35.9,0,"low",24.8,0,0,68.65,6.61,577.873,0
"Ohio",2012-06-08,2012,160,12.8,0,"low",35.9,0,0,72.23,2.63,577.767,0
"Ohio",2012-06-13,2012,165,17.2,0,"low",101.3,0,0,77.15,7.76,577.847,0
"Ohio",2012-06-14,2012,166,18.6,0,"low",17.2,0,0,66.51,8.02,577.781,0
"Ohio",2012-06-15,2012,167,330.4,1,"exceed",18.6,0,0,77.21,8.09,577.847,0
"Ohio",2012-06-16,2012,168,55.2,0,"low",330.4,0,0,84.95,8.6,577.804,0
"Ohio",2012-06-20,2012,172,17.5,0,"low",16.6,0,0,90.01,16.3,577.656,0
"Ohio",2012-06-21,2012,173,7.5,0,"low",17.5,0,0,90.01,16.32,577.635,0
"Ohio",2012-06-22,2012,174,60.8,0,"low",7.5,0.017,0.017,82.19,7.08,577.678,0
"Ohio",2012-06-27,2012,179,10.2,0,"low",18.1,0,0,74.76,6.85,577.866,0
"Ohio",2012-06-28,2012,180,17.4,0,"low",10.2,0,0,87.83,12.52,577.697,0
"Ohio",2012-06-29,2012,181,8.2,0,"low",17.4,0.03,0.03,96.54,7.8,577.777,0
"Ohio",2012-07-11,2012,193,11.4,0,"low",66,0,0,77.34,11.12,577.973,0
"Ohio",2012-07-12,2012,194,5.9,0,"low",11.4,0,0,80.19,7.66,577.899,0
"Ohio",2012-07-13,2012,195,8.7,0,"low",5.9,0,0,86.01,7.49,577.818,0
"Ohio",2012-07-18,2012,200,37.1,0,"low",12.8,0,0,97.18,9.58,577.557,0
"Ohio",2012-07-19,2012,201,12,0,"low",37.1,0.252,0.252,83.96,6.29,577.851,0
"Ohio",2012-07-20,2012,202,13.1,0,"low",12,0.702,0.954,79.15,3.94,578.002,0
"Ohio",2012-07-25,2012,207,10.1,0,"low",69.8,0.47,0.48,87.29,5.94,577.691,0
"Ohio",2012-07-26,2012,208,44.9,0,"low",10.1,0.003,0.473,97.86,9.49,577.568,0
"Ohio",2012-07-27,2012,209,46.9,0,"low",44.9,0.252,0.254,89.66,6.91,577.626,0
"Ohio",2012-08-01,2012,214,14.6,0,"low",26.8,0.221,0.235,82.25,3.48,577.69,0
"Ohio",2012-08-02,2012,215,4.6,0,"low",14.6,0,0.221,82.6,5.28,577.611,0
"Ohio",2012-08-03,2012,216,6.8,0,"low",4.6,0,0,87.3,4.04,577.487,0
"Ohio",2012-08-08,2012,221,6.7,0,"low",4.8,0,0,90.97,6.75,577.429,0
"Ohio",2012-08-09,2012,222,17,0,"low",6.7,0.005,0.005,80.91,8.91,577.633,0
"Ohio",2012-08-10,2012,223,72.8,0,"low",17,0.208,0.213,74.49,9.01,577.712,0
"Ohio",2012-08-15,2012,228,5,0,"low",3.5,0.005,0.284,76.7,0.99,577.66,0
"Ohio",2012-08-16,2012,229,461,1,"exceed",5,0,0.005,84.49,5.27,577.546,0
"Ohio",2012-08-17,2012,230,5.2,0,"low",461,0.272,0.272,74.96,8.29,577.427,0
"Ohio",2012-08-22,2012,235,20.6,0,"low",9.5,0,0.334,74.44,1.91,577.366,0
"Ohio",2012-08-23,2012,236,46.9,0,"low",20.6,0,0,79.83,6.33,577.252,0
"Ohio",2012-08-24,2012,237,17.6,0,"low",46.9,0.013,0.013,87.27,8.85,577.205,0
"Ohio",2012-08-29,2012,242,10.4,0,"low",32.8,0,0.005,78.85,4.23,577.305,0
"Ohio",2012-08-30,2012,243,12.1,0,"low",10.4,0,0,78.46,6.06,577.268,0
"Ohio",2012-08-31,2012,244,1.4,0,"low",12.1,0,0,88.22,11.44,576.952,0
"Ohio",2013-05-23,2013,143,688.7,1,"exceed",670.4,0.739,0.966,71.39,4.95,577.623,0
"Ohio",2013-05-24,2013,144,226.4,0,"moderate",688.7,0.051,0.79,54.33,19.82,578.166,0
"Ohio",2013-05-30,2013,150,335.4,1,"exceed",512.2,0.015,0.438,80.3,7.32,577.632,0
"Ohio",2013-05-31,2013,151,222.6,0,"moderate",335.4,0.261,0.276,80.07,15.82,577.582,0
"Ohio",2013-06-05,2013,156,2192.3,1,"exceed",252.4,0,0,64.55,5.1,577.762,0
"Ohio",2013-06-06,2013,157,15.1,0,"low",2192.3,0.005,0.005,66.08,6.6,577.928,0
"Ohio",2013-06-07,2013,158,53.9,0,"low",15.1,0.142,0.147,59,9.33,577.971,0
"Ohio",2013-06-12,2013,163,192.5,0,"moderate",37.5,0.215,0.365,78.53,2.74,577.747,0
"Ohio",2013-06-13,2013,164,53.2,0,"low",192.5,0.353,0.568,77.1,2.14,577.887,0
"Ohio",2013-06-14,2013,165,213.1,0,"moderate",53.2,0.045,0.398,65.82,12.59,578.018,0
"Ohio",2013-06-18,2013,169,52.4,0,"low",256,0.057,0.057,86.41,4.49,577.901,0
"Ohio",2013-06-19,2013,170,17.7,0,"low",52.4,0,0.057,63.99,13.56,578.197,0
"Ohio",2013-06-20,2013,171,19,0,"low",17.7,0,0,68.39,6.14,577.927,0
"Ohio",2013-06-21,2013,172,22.8,0,"low",19,0,0,78.6,7.12,577.877,0
"Ohio",2013-06-26,2013,177,103.2,0,"low",23.6,0.032,0.305,84.05,5.49,577.835,0
"Ohio",2013-06-27,2013,178,119.3,0,"low",103.2,0.905,0.937,78.27,4.3,577.893,0
"Ohio",2013-06-28,2013,179,40.9,0,"low",119.3,0.733,1.639,86.39,4.03,577.911,0
"Ohio",2013-07-03,2013,184,6.9,0,"low",8.5,0,0,64.59,12.2,578.215,0
"Ohio",2013-07-10,2013,191,7.9,0,"low",22.5,0.01,0.268,83.74,7.1,577.957,0
"Ohio",2013-07-11,2013,192,4.9,0,"low",7.9,0,0.01,80.51,3.9,577.85,0
"Ohio",2013-07-12,2013,193,56.7,0,"low",4.9,0,0,75.68,5.22,577.914,0
"Ohio",2013-07-17,2013,198,6.7,0,"low",19.9,0.005,0.042,88.71,5.87,577.91,0
"Ohio",2013-07-18,2013,199,19,0,"low",6.7,0,0.005,88.8,4,577.791,0
"Ohio",2013-07-19,2013,200,4.5,0,"low",19,0,0,93.24,7.58,577.741,0
"Ohio",2013-07-24,2013,205,18,0,"low",4.9,0.018,0.02,80.04,8.45,578.108,0
"Ohio",2013-07-25,2013,206,8.5,0,"low",18,0,0.018,68.61,11.09,577.943,0
"Ohio",2013-07-26,2013,207,11,0,"low",8.5,0,0,75.56,1.4,577.821,0
"Ohio",2013-07-31,2013,212,10.4,0,"low",3.2,0.02,0.02,72.18,6.07,577.825,0
"Ohio",2013-08-01,2013,213,1.7,0,"low",10.4,0.167,0.187,74.23,1.15,577.864,0
"Ohio",2013-08-02,2013,214,113,0,"low",1.7,0.002,0.169,76.48,5.08,577.818,0
"Ohio",2013-08-07,2013,219,143.7,0,"moderate",3.5,0.016,0.042,81,8.42,577.758,0
"Ohio",2013-08-08,2013,220,12.8,0,"low",143.7,0.01,0.025,84.06,2.46,577.949,0
"Ohio",2013-08-09,2013,221,61.2,0,"low",12.8,0,0.01,73.92,10.45,577.943,0
"Ohio",2013-08-14,2013,226,44.4,0,"low",77.1,0,0.502,69.89,12.34,578.078,0
"Ohio",2013-08-15,2013,227,6.9,0,"low",44.4,0,0,66.9,6.02,577.859,0
"Ohio",2013-08-16,2013,228,3.5,0,"low",6.9,0,0,72.54,4.73,577.698,0
"Ohio",2013-08-21,2013,233,7.2,0,"low",6.3,0,0,85.61,7.28,577.648,0
"Ohio",2013-08-22,2013,234,6.3,0,"low",7.2,0.015,0.015,88.24,9.89,577.654,0
"Ohio",2013-08-23,2013,235,12.6,0,"low",6.3,0.212,0.227,77.8,2.82,577.695,0
"Ohio",2013-08-28,2013,240,6.7,0,"low",21.8,0,0,92.91,12.44,577.68,0
"Ohio",2013-08-29,2013,241,124.7,0,"low",6.7,0,0,84.64,6.76,577.875,0
"Ohio",2013-08-30,2013,242,2.4,0,"low",124.7,0,0,79.66,3.13,577.822,0
"Ohio",2013-09-11,2013,254,18,0,"low",22.8,0,0,93.82,12.66,577.666,0
"Ohio",2013-09-12,2013,255,47.5,0,"low",18,0.002,0.002,85.71,4.62,577.76,0
"Ohio",2014-05-22,2014,142,399.8,1,"exceed",434.6,0.189,0.502,77.96,1.33,578.717,0
"Ohio",2014-05-23,2014,143,297.5,1,"exceed",399.8,0,0.189,63.64,5.32,578.625,0
"Ohio",2014-05-24,2014,144,396,1,"exceed",297.5,0,0,59.09,5.71,578.604,0
"Ohio",2014-05-25,2014,145,406,1,"exceed",396,0,0,63.93,3.68,578.654,0
"Ohio",2014-05-26,2014,146,69.6,0,"low",406,0,0,76.52,3.5,578.657,0
"Ohio",2014-05-27,2014,147,15.2,0,"low",69.6,0.064,0.064,83.36,6.26,578.616,0
"Ohio",2014-05-28,2014,148,1160.8,1,"exceed",15.2,0.132,0.196,82.03,5.85,578.708,0
"Ohio",2014-05-29,2014,149,714.5,1,"exceed",1160.8,0.302,0.433,61.22,8.57,578.878,0
"Ohio",2014-05-30,2014,150,2420,1,"exceed",714.5,0,0.302,64.85,8.21,578.922,0
"Ohio",2014-05-31,2014,151,517.6,1,"exceed",2420,0,0,68.5,5.21,578.85,0
"Ohio",2014-06-01,2014,152,1420.9,1,"exceed",517.6,0,0,78.87,4.68,578.846,0
"Ohio",2014-06-02,2014,153,49.5,0,"low",1420.9,0,0,85.81,11.98,578.751,0
"Ohio",2014-06-03,2014,154,43.4,0,"low",49.5,0.167,0.167,81.96,14.84,578.604,0
"Ohio",2014-06-04,2014,155,444.4,1,"exceed",43.4,0,0.167,75.79,5.09,578.649,0
"Ohio",2014-06-05,2014,156,86.7,0,"low",444.4,0.12,0.12,67.87,7.04,578.836,0
"Ohio",2014-06-06,2014,157,214.4,0,"moderate",86.7,0,0.12,67.51,5.29,578.784,0
"Ohio",2014-06-07,2014,158,13.3,0,"low",214.4,0,0,72.44,4.38,578.779,0
"Ohio",2014-06-11,2014,162,10.8,0,"low",596.6,0.556,0.556,60.14,9.56,579.007,0
"Ohio",2014-06-12,2014,163,74.2,0,"low",10.8,0.471,1.027,62.44,5.35,579.091,0
"Ohio",2014-06-13,2014,164,6,0,"low",74.2,0.01,0.48,79.98,7.27,578.845,0
"Ohio",2014-06-18,2014,169,5.2,0,"low",12.2,0.002,0.002,85.7,10.83,578.796,0
"Ohio",2014-06-19,2014,170,3,0,"low",5.2,0.239,0.242,80.92,3.42,579.096,0
"Ohio",2014-06-20,2014,171,7.3,0,"low",3,0.368,0.607,71.78,5.82,579.167,0
"Ohio",2014-06-25,2014,176,249.6,1,"exceed",67.2,0.641,0.776,78.71,1.3,579.042,0
"Ohio",2014-06-26,2014,177,160.6,0,"moderate",249.6,0.015,0.655,69.25,7.18,579.183,0
"Ohio",2014-06-27,2014,178,727.3,1,"exceed",160.6,0,0.015,67.52,5.6,579.117,0
"Ohio",2014-06-28,2014,179,56,0,"low",727.3,0,0,84.56,5.85,579.126,0
"Ohio",2014-07-02,2014,183,5.7,0,"low",3.2,0.074,1.916,80.13,12.04,578.823,1
"Ohio",2014-07-03,2014,184,10.5,0,"low",5.7,0.112,0.186,72.17,6.27,578.957,0
"Ohio",2014-07-09,2014,190,12.4,0,"low",12.3,0.398,0.798,80.53,10.45,579.037,0
"Ohio",2014-07-10,2014,191,18,0,"low",12.4,0,0.398,73.32,3.5,579.036,0
"Ohio",2014-07-11,2014,192,90.2,0,"low",18,0,0,72.32,5.86,579.09,0
"Ohio",2014-07-16,2014,197,2.6,0,"low",12.8,0.054,0.371,67.9,10.4,579.219,0
"Ohio",2014-07-17,2014,198,18,0,"low",2.6,0.005,0.059,67.67,4.09,579.122,0
"Ohio",2014-07-18,2014,199,5.5,0,"low",18,0,0.005,72.57,4.14,579.121,0
"Ohio",2014-07-23,2014,204,14.1,0,"low",4,0.005,0.005,87.61,11.82,578.974,0
"Ohio",2014-07-24,2014,205,19.7,0,"low",14.1,0.013,0.018,74.65,17.59,579.474,0
"Ohio",2014-07-25,2014,206,248.9,1,"exceed",19.7,0,0.013,69.54,7.23,579.242,0
"Ohio",2014-07-26,2014,207,163.8,0,"moderate",248.9,0,0,73.86,9.51,579.039,0
"Ohio",2014-07-30,2014,211,3.5,0,"low",4.9,0.051,0.051,73.25,3.06,579.144,0
"Ohio",2014-07-31,2014,212,15.8,0,"low",3.5,0,0.051,71.71,2.42,579.143,0
"Ohio",2014-08-01,2014,213,15.9,0,"low",15.8,0.007,0.007,82.21,7.99,579.062,0
"Ohio",2014-08-06,2014,218,428.1,1,"exceed",46,0.248,1.56,74.54,3.06,579.265,0
"Ohio",2014-08-07,2014,219,26.7,0,"low",428.1,0,0.248,74.32,6.28,579.249,0
"Ohio",2014-08-08,2014,220,7.7,0,"low",26.7,0,0,75.81,7.76,579.216,0
"Ohio",2014-08-13,2014,225,12.8,0,"low",57.9,0.027,1.209,69.9,10.84,579.486,0
"Ohio",2014-08-14,2014,226,2,0,"low",12.8,0,0.027,78.13,3.61,579.225,0
"Ohio",2014-08-15,2014,227,1.7,0,"low",2,0,0,67.88,8.53,579.275,0
"Ohio",2014-08-20,2014,232,28.5,0,"low",7.7,0.212,0.212,84.19,11.01,579.32,0
"Ohio",2014-08-21,2014,233,8.5,0,"low",28.5,0,0.212,85.08,7.6,579.33,0
"Ohio",2014-08-22,2014,234,146.5,0,"moderate",8.5,1.034,1.034,77.37,5.39,579.35,0
"Ohio",2014-08-27,2014,239,14.3,0,"low",14.1,0.018,0.776,79.66,0.56,579.28,0
"Ohio",2014-08-28,2014,240,12.5,0,"low",14.3,0,0.018,75.69,6.8,579.262,0
"Ohio",2014-08-29,2014,241,10.5,0,"low",12.5,0.01,0.01,72.69,8.82,579.322,0
"Ohio",2015-05-21,2015,141,18.3,0,"low",187.7,0.037,0.037,45.86,8.62,579.495,0
"Ohio",2015-05-22,2015,142,563,1,"exceed",18.3,0,0.037,66.9,7.57,579.462,0
"Ohio",2015-05-23,2015,143,64.5,0,"low",563,0,0,60.51,4.8,579.542,0
"Ohio",2015-05-28,2015,148,22.2,0,"low",15.5,0.094,0.546,71.98,8.66,579.525,0
"Ohio",2015-05-29,2015,149,100.2,0,"low",22.2,0,0.094,76.48,6.11,579.607,0
"Ohio",2015-06-02,2015,153,45.3,0,"low",133.3,0,0.024,54.78,10.57,579.966,0
"Ohio",2015-06-03,2015,154,25.7,0,"low",45.3,0,0,63.49,4.47,579.794,0
"Ohio",2015-06-04,2015,155,51.7,0,"low",25.7,0,0,70.73,6.64,579.82,0
"Ohio",2015-06-05,2015,156,285.3,1,"exceed",51.7,0,0,77.74,7.8,579.79,0
"Ohio",2015-06-06,2015,157,26.5,0,"low",285.3,0,0,72.92,13.3,579.854,0
"Ohio",2015-06-10,2015,161,55,0,"low",9.4,0,0.11,83.2,6.96,579.718,0
"Ohio",2015-06-11,2015,162,111,0,"low",55,0.044,0.044,91.49,7.69,579.761,0
"Ohio",2015-06-12,2015,163,582.8,1,"exceed",111,0.132,0.176,67.97,5.69,579.944,0
"Ohio",2015-06-13,2015,164,67.9,0,"low",582.8,0.294,0.426,67.51,5.84,580.123,0
"Ohio",2015-06-17,2015,168,250.8,1,"exceed",87.7,0.01,1.073,70.99,9.4,580.016,1
"Ohio",2015-06-18,2015,169,13,0,"low",250.8,0.161,0.171,65.05,2.76,580.048,0
"Ohio",2015-06-19,2015,170,156.3,0,"moderate",13,0.135,0.296,80.15,5.84,580.048,0
"Ohio",2015-06-24,2015,175,317.8,1,"exceed",243.9,0,0.029,76.38,4.22,580.017,0
"Ohio",2015-06-25,2015,176,956,1,"exceed",317.8,0,0,76.59,4.76,579.875,0
"Ohio",2015-06-26,2015,177,274.2,1,"exceed",956,0.526,0.526,76.14,0.48,580.153,0
"Ohio",2015-06-27,2015,178,34.3,0,"low",274.2,0.465,0.991,64.77,9.23,580.217,0
"Ohio",2015-07-01,2015,182,30.7,0,"low",53.5,0.098,0.286,72.65,3.68,580.06,0
"Ohio",2015-07-02,2015,183,29.7,0,"low",30.7,0,0.098,61.78,8.01,580.091,0
"Ohio",2015-07-08,2015,189,25.6,0,"low",61.8,0.347,0.737,72.64,11.61,580.256,0
"Ohio",2015-07-09,2015,190,33.4,0,"low",25.6,0.026,0.373,63.5,6.94,580.11,0
"Ohio",2015-07-10,2015,191,6.9,0,"low",33.4,0.024,0.051,68.41,5.94,580.118,0
"Ohio",2015-07-15,2015,196,25.5,0,"low",8,0,0.7,76.9,9.44,580.248,0
"Ohio",2015-07-16,2015,197,13,0,"low",25.5,0,0,69.13,9.69,580.217,0
"Ohio",2015-07-17,2015,198,8.1,0,"low",13,0.517,0.517,74.06,6.45,580.058,0
"Ohio",2015-07-22,2015,203,40.5,0,"low",16.1,0,0,75.78,6.13,579.976,0
"Ohio",2015-07-23,2015,204,27,0,"low",40.5,0,0,77.13,1.78,579.948,0
"Ohio",2015-07-24,2015,205,16.5,0,"low",27,0,0,79.13,2.87,579.985,0
"Ohio",2015-07-29,2015,210,4.2,0,"low",8.7,0,0,84.94,4.98,580.004,0
"Ohio",2015-07-30,2015,211,36.5,0,"low",4.2,0.034,0.034,86.24,7.37,579.91,0
"Ohio",2015-07-31,2015,212,40,0,"low",36.5,0,0.034,86.69,11.03,579.79,0
"Ohio",2015-08-05,2015,217,3.9,0,"low",3.5,0,0.801,80.08,3.61,579.96,0
"Ohio",2015-08-06,2015,218,31.7,0,"low",3.9,0,0,77.86,4.52,580.036,0
"Ohio",2015-08-07,2015,219,14.5,0,"low",31.7,0,0,77.5,8.43,580.113,0
"Ohio",2015-08-12,2015,224,33.9,0,"low",30.4,0,0.318,76.2,6.08,580.042,0
"Ohio",2015-08-13,2015,225,34.3,0,"low",33.9,0,0,74.29,4.65,579.88,0
"Ohio",2015-08-14,2015,226,42.1,0,"low",34.3,0,0,83.19,9.91,579.753,0
"Ohio",2015-08-19,2015,231,20.4,0,"low",77.1,0.651,0.938,81.34,9.33,579.95,0
"Ohio",2015-08-20,2015,232,5.7,0,"low",20.4,0.014,0.665,75.54,14.1,579.717,0
"Ohio",2015-08-21,2015,233,5.2,0,"low",5.7,0,0.014,73.29,14.15,579.684,0
"Ohio",2015-08-26,2015,238,14.7,0,"low",24.1,0,0,67.28,5.19,579.697,0
"Ohio",2015-08-27,2015,239,12.2,0,"low",14.7,0,0,64.49,5.06,579.754,0
"Ohio",2015-08-28,2015,240,19,0,"low",12.2,0,0,70.18,1.36,579.792,0
"Ohio",2015-09-02,2015,245,284.2,1,"exceed",161.4,0,0,87.72,9.3,579.762,0
"Ohio",2015-09-03,2015,246,447.1,1,"exceed",284.2,0,0,88.98,6.83,579.77,0
"Ohio",2015-09-04,2015,247,25.5,0,"low",447.1,0,0,89.91,5.46,579.905,0
"Ohio",2016-06-02,2016,154,151.2,0,"moderate",86.8,0.274,0.824,75.32,1.46,580.465,0
"Ohio",2016-06-03,2016,155,255.2,1,"exceed",151.2,0,0.274,76.05,3.29,580.335,0
"Ohio",2016-06-04,2016,156,44.8,0,"low",255.2,0,0,77.67,4.02,580.347,0
"Ohio",2016-06-07,2016,159,111.5,0,"low",45.3,0.029,0.118,81.18,9.91,580.213,0
"Ohio",2016-06-08,2016,160,55.5,0,"low",111.5,0,0.029,63.2,7.65,580.418,0
"Ohio",2016-06-09,2016,161,25,0,"low",55.5,0,0,62.74,3.45,580.28,0
"Ohio",2016-06-10,2016,162,2192.3,1,"exceed",25,0.105,0.105,69.97,6.07,580.367,0
"Ohio",2016-06-11,2016,163,54.3,0,"low",2192.3,0.066,0.171,91.16,6.42,580.387,0
"Ohio",2016-06-14,2016,166,2.4,0,"low",8.9,0.006,0.006,80.86,4.17,580.574,0
"Ohio",2016-06-15,2016,167,1.7,0,"low",2.4,0,0.006,79.73,6.93,580.531,0
"Ohio",2016-06-16,2016,168,9,0,"low",1.7,0.242,0.242,85.25,6.48,580.513,0
"Ohio",2016-06-17,2016,169,74.2,0,"low",9,0,0.242,82.48,10.65,580.684,0
"Ohio",2016-06-21,2016,173,6.9,0,"low",8.5,0.002,0.002,91.85,10.86,580.242,0
"Ohio",2016-06-22,2016,174,10.8,0,"low",6.9,0,0.002,79.36,4.26,580.311,0
"Ohio",2016-06-23,2016,175,65,0,"low",10.8,0.762,0.762,75.02,4.05,580.435,0
"Ohio",2016-06-24,2016,176,53.5,0,"low",65,0,0.762,72.56,7.59,580.579,0
"Ohio",2016-06-28,2016,180,54.8,0,"low",4.9,0,0.112,89.27,6.18,580.343,0
"Ohio",2016-06-29,2016,181,11.8,0,"low",54.8,0,0,70.9,12.09,580.589,0
"Ohio",2016-06-30,2016,182,3.5,0,"low",11.8,0,0,73.76,2.8,580.371,0
"Ohio",2016-07-01,2016,183,87.3,0,"low",3.5,0,0,76.64,8.75,580.284,0
"Ohio",2016-07-07,2016,189,23.4,0,"low",8.4,1.243,1.243,85.37,6.84,580.282,0
"Ohio",2016-07-08,2016,190,53.2,0,"low",23.4,0.148,1.391,80.23,2.2,580.371,0
"Ohio",2016-07-12,2016,194,1.7,0,"low",10.2,0,0,88.15,12.77,580.358,0
"Ohio",2016-07-13,2016,195,134,0,"moderate",1.7,0,0,87.87,13.16,580.23,0
"Ohio",2016-07-14,2016,196,27.9,0,"low",134,0.242,0.242,83.61,9.75,580.112,0
"Ohio",2016-07-15,2016,197,9.7,0,"low",27.9,0,0.242,85.87,13.6,580.105,0
"Ohio",2016-07-19,2016,201,2.4,0,"low",3.5,0.2,0.521,80.67,0.55,580.249,0
"Ohio",2016-07-20,2016,202,3.5,0,"low",2.4,0,0.2,81.83,3.02,580.308,0
"Ohio",2016-07-21,2016,203,33.5,0,"low",3.5,0,0,85.47,5.66,580.289,0
"Ohio",2016-07-22,2016,204,92.9,0,"low",33.5,0.436,0.436,88.36,6.25,580.039,0
"Ohio",2016-07-26,2016,208,1,0,"low",10.4,0,0.44,82.45,0.7,580.19,0
"Ohio",2016-07-27,2016,209,6.9,0,"low",1,0,0,83.46,3.32,580.223,0
"Ohio",2016-07-28,2016,210,2.8,0,"low",6.9,0,0,84.9,2.65,580.259,0
"Ohio",2016-07-29,2016,211,35,0,"low",2.8,0.161,0.161,80.03,3.15,580.394,0
"Ohio",2016-08-02,2016,215,10.5,0,"low",11.4,0,0,79.15,6.32,580.413,0
"Ohio",2016-08-05,2016,218,11.5,0,"low",14,0,0,88.52,6.14,580.276,0
"Ohio",2016-08-09,2016,222,12,0,"low",51.8,0,0,80.67,10.36,580.318,0
"Ohio",2016-08-10,2016,223,13.4,0,"low",12,0,0,84.07,5.25,580.18,0
"Ohio",2016-08-11,2016,224,74.5,0,"low",13.4,0,0,84.6,3.8,580.164,0
"Ohio",2016-08-12,2016,225,15.9,0,"low",74.5,0,0,90.98,10.36,580.105,0
"Ohio",2016-08-16,2016,229,5.5,0,"low",6.9,0.051,0.051,76.11,7.35,580.335,0
"Ohio",2016-08-17,2016,230,2.4,0,"low",5.5,0.054,0.105,81.14,2.25,580.308,0
"Ohio",2016-08-18,2016,231,414.2,1,"exceed",2.4,0.014,0.068,85.47,5.19,580.249,0
"Ohio",2016-08-19,2016,232,83.7,0,"low",414.2,0.502,0.516,84.07,7.69,580.213,0
"Ohio",2016-08-23,2016,236,7.9,0,"low",1.4,0,0,77.13,4.68,580.135,0
"Ohio",2016-08-24,2016,237,317.7,1,"exceed",7.9,0,0,79.59,11.84,579.918,0
"Ohio",2016-08-30,2016,243,13.6,0,"low",28.1,0.141,0.146,82.23,5.13,580.226,0
"Ohio",2016-08-31,2016,244,265.4,1,"exceed",13.6,0.103,0.244,82,1.2,580.223,0
"Ohio",2016-09-01,2016,245,40.6,0,"low",265.4,0,0.103,74.61,12.27,580.489,0
"Ohio",2016-09-02,2016,246,7.7,0,"low",40.6,0,0,71.64,13.49,580.577,0
"Osterman",2006-05-25,2006,145,130.299731388825,0,"moderate",6.6407830863536,0.388,0.388,77.54,11.66,577.846,0
"Osterman",2006-05-26,2006,146,5.81291665173345,0,"low",130.299731388825,0.188,0.576,73.27,10.12,577.922,0
"Osterman",2006-06-01,2006,152,60.7664381052568,0,"low",4.61735855224608,0,0.425,72.99,6.83,578.078,0
"Osterman",2006-06-02,2006,153,11.9293755075444,0,"low",60.7664381052568,0,0,72.83,7.64,578.091,0
"Osterman",2006-06-07,2006,158,37.4256596468252,0,"low",29.1554454604967,0,0,81.81,10.48,577.94,0
"Osterman",2006-06-08,2006,159,1,0,"low",37.4256596468252,0,0,78.47,4.5,578.118,0
"Osterman",2006-06-09,2006,160,1,0,"low",1,0,0,79.78,5.61,578.066,0
"Osterman",2006-06-14,2006,165,28.0935935757603,0,"low",1,0,0,70.48,5.45,578.077,0
"Osterman",2006-06-15,2006,166,3.39116499156263,0,"low",28.0935935757603,0.007,0.007,77.53,7.1,578.113,0
"Osterman",2006-06-16,2006,167,17.9691402131543,0,"low",3.39116499156263,0,0.007,85.95,4.64,578.093,0
"Osterman",2006-06-21,2006,172,570.132651231273,1,"exceed",74.9409100558567,0,0,79.84,3.59,578.005,0
"Osterman",2006-06-22,2006,173,56.7745541594119,0,"low",570.132651231273,0.051,0.051,86.03,8.82,577.913,0
"Osterman",2006-06-23,2006,174,13.446560898609,0,"low",56.7745541594119,0.16,0.212,80.11,3.92,578.022,0
"Osterman",2006-06-28,2006,179,8.24863625092051,0,"low",120.172126551876,0.003,0.829,77.09,4.56,578.035,0
"Osterman",2006-06-29,2006,180,3.2310988842807,0,"low",8.24863625092051,0.399,0.403,75.54,6.12,578.013,0
"Osterman",2006-06-30,2006,181,56.4051416096086,0,"low",3.2310988842807,0,0.399,77.03,3.33,577.952,0
"Osterman",2006-07-12,2006,193,65.7872328039415,0,"low",38.1261065413189,0.186,0.237,74.19,5.27,578.091,0
"Osterman",2006-07-13,2006,194,33.3928135981381,0,"low",65.7872328039415,0.003,0.19,75.07,11.18,578.161,0
"Osterman",2006-07-14,2006,195,2.56904651573303,0,"low",33.3928135981381,0,0.003,80.84,6.22,578.034,0
"Osterman",2006-07-19,2006,200,34.1346603089597,0,"low",297.206964925117,0.037,0.211,80.45,12.51,578.065,0
"Osterman",2006-07-20,2006,201,13.2872118971589,0,"low",34.1346603089597,0.004,0.041,87.6,6.88,578.016,0
"Osterman",2006-07-21,2006,202,116.637043858287,0,"low",13.2872118971589,0.842,0.846,80.49,3.14,577.928,0
"Osterman",2006-07-26,2006,207,215.979906472801,0,"moderate",513.320484687685,0,0.004,89.3,11.05,577.764,0
"Osterman",2006-07-27,2006,208,189.56012238865,0,"moderate",215.979906472801,0.065,0.065,84.09,9.95,577.861,0
"Osterman",2006-07-28,2006,209,230.57413124633,0,"moderate",189.56012238865,0.007,0.071,85.54,4.31,577.947,0
"Osterman",2006-08-02,2006,214,169.085422198367,0,"moderate",18.5612499579096,0.044,0.044,96.97,11.06,577.792,0
"Osterman",2006-08-03,2006,215,1487.17768272658,1,"exceed",169.085422198367,0.265,0.309,95.88,12.17,577.893,0
"Osterman",2006-08-04,2006,216,9.68865315717309,0,"low",1487.17768272658,0.38,0.644,80.6,4.02,578.06,0
"Osterman",2006-08-09,2006,221,19.3976802736822,0,"low",31.288975694324,0,0,79.38,9.52,578.109,0
"Osterman",2006-08-10,2006,222,40.4225184767105,0,"low",19.3976802736822,0.037,0.037,82.35,5.38,577.977,0
"Osterman",2006-08-11,2006,223,174.941361604396,0,"moderate",40.4225184767105,0.152,0.189,76.89,5.99,578.171,0
"Osterman",2006-08-16,2006,228,71.02886737095,0,"low",19.216399246477,0,0,80.41,2.56,577.826,0
"Osterman",2006-08-17,2006,229,68.2414829850583,0,"low",71.02886737095,0,0,80.41,5.87,577.919,0
"Osterman",2006-08-18,2006,230,133.624324132996,0,"moderate",68.2414829850583,0.073,0.073,82.38,5.13,577.95,0
"Osterman",2006-08-23,2006,235,843.716083762779,1,"exceed",18.5499326144329,0,0,83.52,2.64,577.883,0
"Osterman",2006-08-24,2006,236,126.704538198125,0,"moderate",843.716083762779,0,0,86.66,4.27,577.925,0
"Osterman",2006-08-25,2006,237,50.2776292201611,0,"low",126.704538198125,0.671,0.671,82.54,7.19,577.945,0
"Osterman",2006-08-30,2006,242,88.5308420834231,0,"low",281.645042562442,0.065,0.563,68.66,8.81,578.246,0
"Osterman",2006-08-31,2006,243,63.006825027135,0,"low",88.5308420834231,0.01,0.075,72.14,10.53,578.4,0
"Osterman",2006-09-01,2006,244,164.130192225562,0,"moderate",63.006825027135,0,0.01,72.61,11.79,578.358,0
"Osterman",2007-05-30,2007,150,6.2497999967999,0,"low",31.8772646254348,0,0,83.49,7.18,577.877,0
"Osterman",2007-05-31,2007,151,25.646052327795,0,"low",6.2497999967999,0,0,85.76,10.06,577.828,0
"Osterman",2007-06-01,2007,152,227.582951909848,0,"moderate",25.646052327795,0.078,0.078,76.52,8.88,577.775,0
"Osterman",2007-06-06,2007,157,13.5099962990372,0,"low",124.603210231519,0.297,0.514,67.21,8.21,577.92,0
"Osterman",2007-06-07,2007,158,12.475175349469,0,"low",13.5099962990372,0.004,0.3,84.35,9.55,577.75,0
"Osterman",2007-06-08,2007,159,44.3491826305739,0,"low",12.475175349469,0,0.004,90.51,21.06,577.59,0
"Osterman",2007-06-13,2007,164,129.035111500707,0,"moderate",122.884457926949,0,0,78.14,7.56,577.911,0
"Osterman",2007-06-14,2007,165,1.81659021245849,0,"low",129.035111500707,0,0,81.03,6.34,577.919,0
"Osterman",2007-06-15,2007,166,19.7446195202642,0,"low",1.81659021245849,0,0,83.67,5.26,577.939,0
"Osterman",2007-06-20,2007,171,7.79230389551126,0,"low",70.3275906028352,0.517,0.768,79.27,10.69,577.746,0
"Osterman",2007-06-21,2007,172,11.6846052564903,0,"low",7.79230389551126,0,0.517,81.58,3.79,577.675,0
"Osterman",2007-06-22,2007,173,54.5497937667962,0,"low",11.6846052564903,0,0,75.16,2.75,577.785,0
"Osterman",2007-06-27,2007,178,51.2499756097503,0,"low",21.8485697472397,0.081,0.081,88.25,6.44,577.738,0
"Osterman",2007-06-28,2007,179,205.820407151478,0,"moderate",51.2499756097503,0.156,0.237,88.45,7.22,577.706,0
"Osterman",2007-06-29,2007,180,759.662201244738,1,"exceed",205.820407151478,0,0.156,73.95,11.74,578.045,0
"Osterman",2007-07-04,2007,185,24.576411454889,0,"low",25.6764483525273,0.017,0.017,81.08,7.39,577.696,0
"Osterman",2007-07-05,2007,186,13.9681781202847,0,"low",24.576411454889,0.346,0.363,81.47,4.27,577.806,0
"Osterman",2007-07-06,2007,187,44.8860780198048,0,"low",13.9681781202847,0,0.346,83.95,4.01,577.759,0
"Osterman",2007-07-11,2007,192,523.695264442977,1,"exceed",106.351962840373,0.252,0.351,87.13,7.92,577.716,0
"Osterman",2007-07-12,2007,193,37.044297806815,0,"low",523.695264442977,0,0.252,76.85,8.2,577.669,0
"Osterman",2007-07-13,2007,194,34.0524595293791,0,"low",37.044297806815,0,0,78.02,10.9,577.625,0
"Osterman",2007-07-18,2007,199,16.8626806884315,0,"low",128.433640452959,0.128,0.128,80.83,5.15,577.769,0
"Osterman",2007-07-19,2007,200,12.1954909700266,0,"low",16.8626806884315,0.365,0.493,83.72,8.55,577.683,0
"Osterman",2007-07-20,2007,201,443.85909926462,1,"exceed",12.1954909700266,0.175,0.54,77.08,6.56,577.95,0
"Osterman",2007-07-25,2007,206,84.1902607193967,0,"low",13.3,0,0,79.3,2.01,577.688,0
"Osterman",2007-07-26,2007,207,71.6356056720399,0,"low",84.1902607193967,0,0,82.14,6.01,577.674,0
"Osterman",2007-07-27,2007,208,21.4429475585797,0,"low",71.6356056720399,0.37,0.37,80.35,7.45,577.661,0
"Osterman",2007-08-01,2007,213,27.5853221840891,0,"low",28.2488937836511,0,0,86.96,2.47,577.675,0
"Osterman",2007-08-02,2007,214,4.68614980554399,0,"low",27.5853221840891,0,0,88.92,2.58,577.682,0
"Osterman",2007-08-03,2007,215,49.6685010846915,0,"low",4.68614980554399,0,0,89.06,6.17,577.563,0
"Osterman",2007-08-08,2007,220,12.6858188541379,0,"low",116.899315652402,0.766,0.885,91.27,5.36,577.645,0
"Osterman",2007-08-09,2007,221,59.695896006342,0,"low",12.6858188541379,0.183,0.949,82.95,4.11,577.665,0
"Osterman",2007-08-10,2007,222,49.9227403094021,0,"low",59.695896006342,0.074,0.257,83.27,1.65,577.71,0
"Osterman",2007-08-15,2007,227,9.29784921366227,0,"low",1773.3,0.32,0.32,83.16,7.19,577.495,0
"Osterman",2007-08-16,2007,228,36.7872260438321,0,"low",9.29784921366227,0.408,0.728,78.78,4.88,577.561,0
"Osterman",2007-08-17,2007,229,24.9739864659209,0,"low",36.7872260438321,0,0.408,74.57,4.75,577.507,0
"Osterman",2007-08-22,2007,234,26.9881455457762,0,"low",311.354893971494,0.007,0.637,81.45,4.52,577.727,0
"Osterman",2007-08-23,2007,235,14.7512711316686,0,"low",26.9881455457762,0.482,0.489,88.18,5.02,577.464,0
"Osterman",2007-08-24,2007,236,59.636901327953,0,"low",14.7512711316686,1.399,1.881,86.52,10.1,577.425,1
"Osterman",2007-08-25,2007,237,509.394365889534,1,"exceed",59.636901327953,0.225,1.624,78.69,6.27,577.509,1
"Osterman",2007-08-26,2007,238,49.2128032121723,0,"low",509.394365889534,0.298,0.523,74.5,2.91,577.618,0
"Osterman",2007-08-27,2007,239,186.882877760377,0,"moderate",49.2128032121723,0,0.298,74.33,1.75,577.588,0
"Osterman",2007-08-28,2007,240,21.2449994116263,0,"low",186.882877760377,0,0,85.35,6.73,577.524,0
"Osterman",2007-08-29,2007,241,52.8159066948585,0,"low",21.2449994116263,0,0,90.66,7.71,577.484,0
"Osterman",2007-08-30,2007,242,365.9,1,"exceed",52.8159066948585,0,0,80.32,3.63,577.699,0
"Osterman",2007-08-31,2007,243,83.7337446911339,0,"low",365.9,0,0,71.93,11.72,577.78,0
"Osterman",2008-05-29,2008,150,25.3317981991015,0,"low",58.1876275508806,0,0,61.37,7.82,577.973,0
"Osterman",2008-05-30,2008,151,60.4099329580823,0,"low",25.3317981991015,0.047,0.047,72.98,2.91,577.753,0
"Osterman",2008-06-04,2008,156,212.00459900672,0,"moderate",168.377254996036,0.294,0.294,67.11,6.89,577.949,0
"Osterman",2008-06-05,2008,157,23.331952340085,0,"low",212.00459900672,0,0.294,73.67,5.95,578.065,0
"Osterman",2008-06-06,2008,158,17.832554500127,0,"low",23.331952340085,0.303,0.303,85.45,13.19,577.936,0
"Osterman",2008-06-11,2008,163,11.1968745639129,0,"low",4.62601340248815,0.003,0.753,78.82,10.06,577.908,0
"Osterman",2008-06-12,2008,164,98.7615309723376,0,"low",11.1968745639129,0,0.003,82.82,12.6,578.155,0
"Osterman",2008-06-13,2008,165,58.2896217177638,0,"low",98.7615309723376,0,0,86.36,19.09,578.215,0
"Osterman",2008-06-18,2008,170,2.96647939483827,0,"low",4.85386443980464,0,0,73.88,10.33,578.079,0
"Osterman",2008-06-19,2008,171,34.3416656555852,0,"low",2.96647939483827,0,0,67.47,4.58,578.15,0
"Osterman",2008-06-20,2008,172,3.39116499156263,0,"low",34.3416656555852,0.003,0.003,74.75,3.95,578.13,0
"Osterman",2008-06-25,2008,177,4.01248052954778,0,"low",73.549847042669,0,0,75.92,4.76,578.148,0
"Osterman",2008-06-26,2008,178,5.79223618302983,0,"low",4.01248052954778,0.064,0.064,80.83,10.17,578.1,0
"Osterman",2008-06-27,2008,179,20.7759476318169,0,"low",5.79223618302983,0.003,0.068,84.81,7.13,578.16,0
"Osterman",2008-07-02,2008,184,23.2305832901372,0,"low",7.89176786277954,0.014,0.014,81.38,8.55,578.09,0
"Osterman",2008-07-03,2008,185,727.102551226442,1,"exceed",23.2305832901372,0.176,0.19,84.85,12.78,578.098,0
"Osterman",2008-07-04,2008,186,87.0723836816243,0,"low",727.102551226442,0,0.176,66.98,16.62,578.525,0
"Osterman",2008-07-09,2008,191,40.5447900475511,0,"low",58.3422659827333,0.209,0.294,82.68,9.29,578.235,0
"Osterman",2008-07-10,2008,192,10.0439036235918,0,"low",40.5447900475511,0.017,0.226,77.74,5.83,578.223,0
"Osterman",2008-07-11,2008,193,350.471739231568,1,"exceed",10.0439036235918,0.236,0.253,81.21,10.89,578.145,0
"Osterman",2008-07-12,2008,194,155.693159772676,0,"moderate",350.471739231568,0.143,0.379,81.08,6.29,578.464,0
"Osterman",2008-07-13,2008,195,105.8,0,"low",155.693159772676,0.381,0.524,79.37,9.01,578.244,0
"Osterman",2008-07-14,2008,196,33.2134009098737,0,"low",105.8,0,0.381,77.54,13.94,578.051,0
"Osterman",2008-07-15,2008,197,18.1700302696501,0,"low",33.2134009098737,0,0,79.58,2.47,578.169,0
"Osterman",2008-07-16,2008,198,8.13941029804985,0,"low",18.1700302696501,0,0,88.52,9.08,578.149,0
"Osterman",2008-07-17,2008,199,30.147802573322,0,"low",8.13941029804985,0,0,87.87,6.59,578.227,0
"Osterman",2008-07-18,2008,200,160.836314307435,0,"moderate",30.147802573322,0.079,0.079,87.38,9.84,578.239,0
"Osterman",2008-07-23,2008,205,135.345742452432,0,"moderate",85.6533712121128,0.02,0.092,71.93,9.84,578.575,0
"Osterman",2008-07-24,2008,206,20.2138566335076,0,"low",135.345742452432,0,0.02,75.25,9.9,578.516,0
"Osterman",2008-07-25,2008,207,18.4363770844491,0,"low",20.2138566335076,0,0,78.04,1.66,578.37,0
"Osterman",2008-07-30,2008,212,19.7636029104007,0,"low",48.721761051916,0.078,0.078,85.72,5.56,578.319,0
"Osterman",2008-07-31,2008,213,38.8200978875633,0,"low",19.7636029104007,0.014,0.091,83.72,5.85,578.298,0
"Osterman",2008-08-01,2008,214,70.899788434099,0,"low",38.8200978875633,0.253,0.267,81.61,4.86,578.233,0
"Osterman",2008-08-06,2008,219,109.441673963806,0,"low",2115.3742553033,0.03,1.007,81.57,3.2,578.461,0
"Osterman",2008-08-07,2008,220,181.426348692796,0,"moderate",109.441673963806,0.003,0.034,79.68,5.68,578.291,0
"Osterman",2008-08-08,2008,221,242.953390591694,1,"exceed",181.426348692796,0.003,0.007,76.19,8.72,578.517,0
"Osterman",2008-08-09,2008,222,28,0,"low",242.953390591694,0,0.003,73.81,7.35,578.385,0
"Osterman",2008-08-13,2008,226,126.478693857898,0,"moderate",18.0493767205408,0.003,0.003,73.3,4.26,578.41,0
"Osterman",2008-08-14,2008,227,58.5790918331788,0,"low",126.478693857898,0.138,0.141,73.59,2.54,578.427,0
"Osterman",2008-08-15,2008,228,74.1714230684568,0,"low",58.5790918331788,0,0.138,73.85,8.38,578.574,0
"Osterman",2008-08-20,2008,233,74.1158552537849,0,"low",1773.34545985829,0,0,76.47,6.76,578.565,0
"Osterman",2008-08-21,2008,234,34.0470263018667,0,"low",74.1158552537849,0,0,75.68,7.84,578.485,0
"Osterman",2008-08-22,2008,235,85.9367209055593,0,"low",34.0470263018667,0,0,78.58,8.15,578.367,0
"Osterman",2008-08-27,2008,240,35.6117957985834,0,"low",26.084478143141,0,0,72.63,10.34,578.403,0
"Osterman",2008-08-28,2008,241,20.6300751331642,0,"low",35.6117957985834,0,0,76.52,5.49,578.309,0
"Osterman",2008-08-29,2008,242,16.3168624434969,0,"low",20.6300751331642,0.017,0.017,78.52,6.6,578.204,0
"Osterman",2009-05-28,2009,148,9.53939201416946,0,"low",5.1,0.263,1.014,62.53,2.03,579.11,0
"Osterman",2009-05-29,2009,149,1.89736659610103,0,"low",9.53939201416946,0,0.263,61.46,6.03,578.911,0
"Osterman",2009-06-03,2009,154,44.7586863077995,0,"low",225.419564368313,0.05,0.633,58.05,9.95,579.017,0
"Osterman",2009-06-04,2009,155,6.43506021727847,0,"low",44.7586863077995,0,0.05,58.21,12.16,579.015,0
"Osterman",2009-06-05,2009,156,1.97737199332852,0,"low",6.43506021727847,0,0,72.9,6.37,578.901,0
"Osterman",2009-06-10,2009,161,41.7760697050357,0,"low",24.2212716429175,0.003,0.231,64.62,4.4,579.142,0
"Osterman",2009-06-11,2009,162,21.9061635162344,0,"low",41.7760697050357,0.017,0.02,63.62,8.1,579.027,0
"Osterman",2009-06-12,2009,163,50.4702882892499,0,"low",21.9061635162344,0.266,0.283,64.03,10.79,579.194,0
"Osterman",2009-06-17,2009,168,11.1534747948789,0,"low",387.692945512296,0.493,0.75,68.61,11.89,579.153,0
"Osterman",2009-06-18,2009,169,30.1521143537232,0,"low",11.1534747948789,0.006,0.5,75.47,2.78,579.141,0
"Osterman",2009-06-24,2009,175,69.1212702429578,0,"low",39.7499685534467,0,0.107,86.11,5.18,579.09,0
"Osterman",2009-06-25,2009,176,24.4008196583639,0,"low",69.1212702429578,0.038,0.038,88.72,1.25,579.048,0
"Osterman",2009-06-26,2009,177,587.504212750853,1,"exceed",24.4008196583639,0,0.038,85.14,1.4,579.084,0
"Osterman",2009-06-27,2009,178,179.4,0,"moderate",587.504212750853,0,0,78.91,5.88,579.098,0
"Osterman",2009-07-01,2009,182,66.7045725569095,0,"low",54.2112534442804,0,0,67.29,9.66,579.061,0
"Osterman",2009-07-02,2009,183,42.0989311028202,0,"low",66.7045725569095,0.006,0.006,68.95,7.01,579.068,0
"Osterman",2009-07-08,2009,189,76.0352549808311,0,"low",73.2749616171854,0.003,0.003,71.61,5.83,579.018,0
"Osterman",2009-07-09,2009,190,55.0519754413954,0,"low",76.0352549808311,0.088,0.091,69.56,7,579.049,0
"Osterman",2009-07-10,2009,191,222.934250396838,0,"moderate",55.0519754413954,0,0.088,77.89,5.41,579.128,0
"Osterman",2009-07-15,2009,196,41.2208685012822,0,"low",46.7647302996607,0,0,76.98,7.14,578.959,0
"Osterman",2009-07-16,2009,197,3.79473319220206,0,"low",41.2208685012822,0.426,0.426,84.48,9.96,578.83,0
"Osterman",2009-07-17,2009,198,217.996100882562,0,"moderate",3.79473319220206,0.057,0.483,79.94,9.2,578.827,0
"Osterman",2009-07-22,2009,203,24.8991967741933,0,"low",72.4071819642223,0.052,0.052,75.22,5.77,579.032,0
"Osterman",2009-07-23,2009,204,65.9968181051178,0,"low",24.8991967741933,0,0.052,72.61,2.81,579.107,0
"Osterman",2009-07-24,2009,205,3.80788655293195,0,"low",65.9968181051178,0.067,0.067,73.4,2.72,579.058,0
"Osterman",2009-07-29,2009,210,88.140115724907,0,"low",119.739717721398,0.024,0.024,81.86,4.76,578.877,0
"Osterman",2009-07-30,2009,211,51.6139516022558,0,"low",88.140115724907,0.044,0.068,74.52,5.07,578.896,0
"Osterman",2009-07-31,2009,212,29.5221950403421,0,"low",51.6139516022558,0.038,0.082,77.01,4.98,578.84,0
"Osterman",2009-08-05,2009,217,25.4872517153184,0,"low",35.4355753445602,0,0.069,78.35,1.12,578.907,0
"Osterman",2009-08-06,2009,218,29.8043620968475,0,"low",25.4872517153184,0,0,73.16,5,578.799,0
"Osterman",2009-08-07,2009,219,1314.47133099205,1,"exceed",29.8043620968475,0.013,0.013,75.56,1.82,578.84,0
"Osterman",2009-08-08,2009,220,57.1457784967534,0,"low",1314.47133099205,0.258,0.271,77.24,8.63,578.783,0
"Osterman",2009-08-12,2009,224,25.984225984239,0,"low",274.657331961118,0,0.003,75.09,6.44,579.043,0
"Osterman",2009-08-13,2009,225,50.4999009900019,0,"low",25.984225984239,0,0,78.13,5.15,578.94,0
"Osterman",2009-08-14,2009,226,18.6370598539577,0,"low",50.4999009900019,0,0,80.02,4.24,578.885,0
"Osterman",2009-08-19,2009,231,139.007985382136,0,"moderate",1.70293863659264,0.168,0.521,81.47,7.68,578.846,0
"Osterman",2009-08-20,2009,232,20.174241001832,0,"low",139.007985382136,0.179,0.347,77.75,4.61,578.865,0
"Osterman",2009-08-21,2009,233,30.1038203555628,0,"low",20.174241001832,0.079,0.258,76.38,14,578.875,0
"Osterman",2009-08-26,2009,238,128.224802592946,0,"moderate",13.592645070037,0,0,79.25,10.61,578.733,0
"Osterman",2009-08-27,2009,239,33.6110101008583,0,"low",128.224802592946,1.041,1.041,73.2,4.74,578.996,0
"Osterman",2009-09-02,2009,245,38.4213482324606,0,"low",23.7966384180623,0.003,0.003,66.97,5.65,578.965,0
"Osterman",2009-09-03,2009,246,21.9198540141124,0,"low",38.4213482324606,0,0.003,68.49,4.44,578.963,0
"Osterman",2010-05-27,2010,147,45.8,0,"low",33.3,0,0,77.2,3.82,578.118,0
"Osterman",2010-05-28,2010,148,46.2,0,"low",45.8,0,0,69.37,11.81,578.183,0
"Osterman",2010-06-03,2010,154,102.7,0,"low",161.9,0.769,0.769,74.65,2.34,578.187,0
"Osterman",2010-06-04,2010,155,30.1,0,"low",102.7,0,0.769,70.31,7.97,578.22,0
"Osterman",2010-06-09,2010,160,51.1,0,"low",29.5,0.277,0.28,71.46,9.92,578.131,0
"Osterman",2010-06-10,2010,161,8.8,0,"low",51.1,0,0.277,81.65,10.28,578.265,0
"Osterman",2010-06-11,2010,162,24.3,0,"low",8.8,0,0,76.78,4.19,578.175,0
"Osterman",2010-06-16,2010,167,18.4,0,"low",68.6,0.323,0.377,75.32,1.55,578.43,0
"Osterman",2010-06-17,2010,168,18.7,0,"low",18.4,0,0.323,79.16,6.35,578.48,0
"Osterman",2010-06-18,2010,169,125.7,0,"low",18.7,0,0,76.32,6.55,578.355,0
"Osterman",2010-06-23,2010,174,800.9,1,"exceed",9.1,0.366,0.55,85.14,7.59,578.446,0
"Osterman",2010-06-24,2010,175,249.7,1,"exceed",800.9,0.446,0.812,86,11.67,578.17,0
"Osterman",2010-06-25,2010,176,17.4,0,"low",249.7,0,0.446,76.33,3.55,578.34,0
"Osterman",2010-06-30,2010,181,1.8,0,"low",81.3,0,0.435,69.62,8.02,578.385,0
"Osterman",2010-07-01,2010,182,27.2,0,"low",1.8,0,0,70.07,4.72,578.399,0
"Osterman",2010-07-02,2010,183,15.4,0,"low",27.2,0,0,75.98,6.32,578.397,0
"Osterman",2010-07-08,2010,189,115.5,0,"low",17.2,0.121,0.159,88.91,4.48,578.271,0
"Osterman",2010-07-09,2010,190,1732.9,1,"exceed",115.5,0.133,0.254,81.76,0.25,578.34,0
"Osterman",2010-07-10,2010,191,2,0,"low",1732.9,0.003,0.136,80.77,6.15,578.354,0
"Osterman",2010-07-14,2010,195,48.8,0,"low",14,0.066,0.069,82.35,5.63,578.445,0
"Osterman",2010-07-15,2010,196,132.9,0,"moderate",48.8,0,0.066,87.9,8.67,578.348,0
"Osterman",2010-07-16,2010,197,6.2,0,"low",132.9,0.004,0.004,88.96,6.44,578.358,0
"Osterman",2010-07-21,2010,202,8.3,0,"low",249.5,0,0.004,82.99,6.46,578.354,0
"Osterman",2010-07-22,2010,203,668,1,"exceed",8.3,0,0,84.14,2.32,578.33,0
"Osterman",2010-07-23,2010,204,26.6,0,"low",668,0.543,0.543,87.75,10.32,578.234,0
"Osterman",2010-07-28,2010,209,23.1,0,"low",134.9,0,0,87.03,6.54,578.336,0
"Osterman",2010-07-29,2010,210,460.5,1,"exceed",23.1,0,0,87.29,6.02,578.268,0
"Osterman",2010-07-30,2010,211,190.3,0,"moderate",460.5,0,0,77.78,5.61,578.413,0
"Osterman",2010-08-04,2010,216,272.9,1,"exceed",138.6,0.444,0.464,82.02,4.1,578.278,0
"Osterman",2010-08-05,2010,217,2.9,0,"low",272.9,0.486,0.93,79.6,2.92,578.327,0
"Osterman",2010-08-06,2010,218,139.8,0,"moderate",2.9,0,0.486,81.96,10.65,578.252,0
"Osterman",2010-08-11,2010,223,77.4,0,"low",344.9,0,0.2,81.57,3.79,578.372,0
"Osterman",2010-08-12,2010,224,12.2,0,"low",77.4,0,0,88.16,2.18,578.417,0
"Osterman",2010-08-13,2010,225,65.9,0,"low",12.2,0,0,84.86,2.05,578.441,0
"Osterman",2010-08-25,2010,237,23.2,0,"low",164,0.003,0.003,79.8,3.15,578.324,0
"Osterman",2010-08-26,2010,238,38.1,0,"low",23.2,0,0.003,77.16,8.78,578.394,0
"Osterman",2010-08-27,2010,239,22.8,0,"low",38.1,0,0,79.96,2.11,578.22,0
"Osterman",2010-09-01,2010,244,1159.8,1,"exceed",205.9,0,0,90.21,13.73,577.888,0
"Osterman",2010-09-02,2010,245,1218,1,"exceed",1159.8,0.141,0.141,81,6.95,578.083,0
"Osterman",2010-09-03,2010,246,59.8,0,"low",1218,0.773,0.914,81.82,8.23,578.112,0
"Osterman",2011-06-02,2011,153,23.5,0,"low",1,0,0.056,80.49,13.03,577.848,0
"Osterman",2011-06-03,2011,154,29,0,"low",23.5,0,0,70.19,7.31,578.122,0
"Osterman",2011-06-08,2011,159,2,0,"low",1,0,0,94.66,11.8,578.207,0
"Osterman",2011-06-09,2011,160,962.6,1,"exceed",2,0,0,93.83,13.76,578.026,0
"Osterman",2011-06-10,2011,161,422.2,1,"exceed",962.6,1.109,1.109,68.59,7.12,578.433,0
"Osterman",2011-06-11,2011,162,91.9,0,"low",422.2,0.539,1.648,62.12,9,578.504,0
"Osterman",2011-06-12,2011,163,1,0,"low",91.9,0.021,0.559,57.85,6.63,578.396,0
"Osterman",2011-06-13,2011,164,10.9,0,"low",1,0,0.021,61.33,8.84,578.248,0
"Osterman",2011-06-14,2011,165,2.4,0,"low",10.9,0,0,65.19,6.84,578.269,0
"Osterman",2011-06-15,2011,166,66.7,0,"low",2.4,0.048,0.048,69.12,7.3,578.393,0
"Osterman",2011-06-16,2011,167,4,0,"low",66.7,0.467,0.515,71.7,10.8,578.392,0
"Osterman",2011-06-17,2011,168,3.6,0,"low",4,0.024,0.491,76.03,4.4,578.404,0
"Osterman",2011-06-22,2011,173,84.2,0,"low",2.9,0.335,0.578,85.85,13.91,578.507,0
"Osterman",2011-06-23,2011,174,5,0,"low",84.2,0.067,0.402,72.34,14.36,578.479,0
"Osterman",2011-06-24,2011,175,2,0,"low",5,0.02,0.087,70.17,12.7,578.452,0
"Osterman",2011-06-29,2011,180,3.2,0,"low",2.5,0,0.041,76.55,6.63,578.418,0
"Osterman",2011-06-30,2011,181,21.1,0,"low",3.2,0,0,74.03,2.89,578.346,0
"Osterman",2011-07-01,2011,182,68.2,0,"low",21.1,0,0,83.4,8.96,578.499,0
"Osterman",2011-07-07,2011,188,22.5,0,"low",15,0,0,80.6,6.26,578.427,0
"Osterman",2011-07-08,2011,189,13.3,0,"low",22.5,0.024,0.024,76.04,5.58,578.479,0
"Osterman",2011-07-13,2011,194,79.3,0,"low",25.6,0.007,0.403,80.63,5.59,578.425,0
"Osterman",2011-07-14,2011,195,12.1,0,"low",79.3,0,0.007,70.8,12.26,578.567,0
"Osterman",2011-07-15,2011,196,9.6,0,"low",12.1,0,0,75.76,7.44,578.524,0
"Osterman",2011-07-20,2011,201,11.4,0,"low",31.2,0,0.004,84.76,2.77,578.506,0
"Osterman",2011-07-21,2011,202,55.2,0,"low",11.4,0.083,0.083,97.21,7.1,578.262,0
"Osterman",2011-07-22,2011,203,84.2,0,"low",55.2,0.003,0.086,95.49,5.7,578.262,0
"Osterman",2011-07-23,2011,204,524,1,"exceed",84.2,0.557,0.56,85.35,3.58,578.352,0
"Osterman",2011-07-24,2011,205,473.7,1,"exceed",524,2.77,3.328,81.67,0.76,578.388,0
"Osterman",2011-07-25,2011,206,115,0,"low",473.7,0.078,2.848,82.71,1.47,578.48,0
"Osterman",2011-07-26,2011,207,13.8,0,"low",115,0.007,0.085,80.85,3.28,578.434,1
"Osterman",2011-07-27,2011,208,8,0,"low",13.8,0.003,0.01,79.73,4.95,578.367,0
"Osterman",2011-07-28,2011,209,1640.5,1,"exceed",8,0.475,0.478,87.03,7.18,578.342,0
"Osterman",2011-07-29,2011,210,120.2,0,"low",1640.5,0.397,0.872,81.88,3.26,578.504,0
"Osterman",2011-08-03,2011,215,47.1,0,"low",8.4,0.275,0.275,91.09,9.43,578.36,0
"Osterman",2011-08-04,2011,216,19.9,0,"low",47.1,0,0.275,80.72,8.66,578.64,0
"Osterman",2011-08-05,2011,217,56.5,0,"low",19.9,0,0,78.16,6.35,578.494,0
"Osterman",2011-08-10,2011,222,22.6,0,"low",473.3,0.031,0.258,79.62,11.56,578.409,0
"Osterman",2011-08-11,2011,223,5.5,0,"low",22.6,0,0.031,74.52,6.38,578.37,0
"Osterman",2011-08-12,2011,224,8.9,0,"low",5.5,0,0,77.31,2.06,578.252,0
"Osterman",2011-08-17,2011,229,12.5,0,"low",25.9,0,0,79.51,3.1,578.422,0
"Osterman",2011-08-18,2011,230,24.1,0,"low",12.5,0,0,81.83,7.27,578.338,0
"Osterman",2011-08-19,2011,231,24,0,"low",24.1,0,0,79.09,3.36,578.409,0
"Osterman",2011-08-24,2011,236,106.4,0,"low",82.1,0.21,0.21,79.04,11.83,577.898,0
"Osterman",2011-08-25,2011,237,171.6,0,"moderate",106.4,0,0.21,90.69,10.18,578.087,0
"Osterman",2011-08-26,2011,238,101.4,0,"low",171.6,0,0,75.61,6.58,578.259,0
"Osterman",2011-08-31,2011,243,37.8,0,"low",49.6,0.007,0.007,79.93,7.62,578.113,0
"Osterman",2011-09-01,2011,244,106.1,0,"low",37.8,0.034,0.041,87.46,7.14,578.181,0
"Osterman",2011-09-02,2011,245,45.7,0,"low",106.1,0,0.034,91.99,5.57,578.263,0
"Osterman",2012-05-24,2012,145,2.3,0,"low",2,0,0,73.44,5.76,577.847,0
"Osterman",2012-05-25,2012,146,5.1,0,"low",2.3,0,0,84.61,18.01,577.695,0
"Osterman",2012-05-31,2012,152,62.6,0,"low",1448,0,0.003,66.6,7.12,577.868,0
"Osterman",2012-06-01,2012,153,166.7,0,"moderate",62.6,0.77,0.77,53.81,12.72,577.991,0
"Osterman",2012-06-06,2012,158,3.5,0,"low",8.4,0,0,63.56,9.46,578.029,0
"Osterman",2012-06-07,2012,159,1,0,"low",3.5,0,0,68.44,6.67,577.873,0
"Osterman",2012-06-08,2012,160,5.7,0,"low",1,0,0,72.34,2.38,577.767,0
"Osterman",2012-06-13,2012,165,2,0,"low",7.3,0,0,77.16,8.13,577.847,0
"Osterman",2012-06-14,2012,166,10.7,0,"low",2,0,0,66.28,8.22,577.781,0
"Osterman",2012-06-15,2012,167,7.8,0,"low",10.7,0,0,77.28,8.63,577.847,0
"Osterman",2012-06-20,2012,172,2.3,0,"low",1.8,0,0,89.96,17.08,577.656,0
"Osterman",2012-06-21,2012,173,21.7,0,"low",2.3,0,0,89.96,17.14,577.635,0
"Osterman",2012-06-22,2012,174,2,0,"low",21.7,0.014,0.014,82.39,7.45,577.678,0
"Osterman",2012-06-27,2012,179,31.5,0,"low",69.4,0,0,74.8,7.01,577.866,0
"Osterman",2012-06-28,2012,180,14.8,0,"low",31.5,0,0,87.78,13.1,577.697,0
"Osterman",2012-06-29,2012,181,562.7,1,"exceed",14.8,0.024,0.024,96.07,7.97,577.777,0
"Osterman",2012-06-30,2012,182,17.5,0,"low",562.7,0.089,0.112,83.41,3.61,577.622,0
"Osterman",2012-07-11,2012,193,41.2,0,"low",82.7,0,0,77.39,11.27,577.973,0
"Osterman",2012-07-12,2012,194,5,0,"low",41.2,0,0,80.11,7.94,577.899,0
"Osterman",2012-07-13,2012,195,6.2,0,"low",5,0,0,86.6,7.73,577.818,0
"Osterman",2012-07-18,2012,200,53.7,0,"low",57.7,0,0,97.03,10.07,577.557,0
"Osterman",2012-07-19,2012,201,64.2,0,"low",53.7,0.326,0.326,83.79,6.57,577.851,0
"Osterman",2012-07-20,2012,202,199.1,0,"moderate",64.2,0.623,0.948,78.96,4.01,578.002,0
"Osterman",2012-07-25,2012,207,30.5,0,"low",460.5,0.552,0.559,86.93,6.21,577.691,0
"Osterman",2012-07-26,2012,208,82.7,0,"low",30.5,0.004,0.555,97.68,9.94,577.568,0
"Osterman",2012-07-27,2012,209,22.5,0,"low",82.7,0.287,0.291,89.83,7.11,577.626,0
"Osterman",2012-08-01,2012,214,18.3,0,"low",106.1,0.235,0.254,82.31,3.38,577.69,0
"Osterman",2012-08-02,2012,215,26.9,0,"low",18.3,0,0.235,82.78,5.39,577.611,0
"Osterman",2012-08-03,2012,216,22.3,0,"low",26.9,0,0,87.08,4.18,577.487,0
"Osterman",2012-08-08,2012,221,81,0,"low",37.1,0,0,90.87,6.95,577.429,0
"Osterman",2012-08-09,2012,222,21.9,0,"low",81,0.003,0.003,80.64,9.3,577.633,0
"Osterman",2012-08-10,2012,223,240.3,1,"exceed",21.9,0.283,0.286,74.22,9.24,577.712,0
"Osterman",2012-08-11,2012,224,195.6,0,"moderate",240.3,0.192,0.474,72.08,16.96,578.254,0
"Osterman",2012-08-15,2012,228,546.4,1,"exceed",32.9,0.003,0.29,76.71,1.03,577.66,0
"Osterman",2012-08-16,2012,229,72,0,"low",546.4,0,0.003,84.38,5.29,577.546,0
"Osterman",2012-08-17,2012,230,98.6,0,"low",72,0.281,0.281,75.08,8.68,577.427,0
"Osterman",2012-08-22,2012,235,13.7,0,"low",2.3,0,0.263,74.5,1.8,577.366,0
"Osterman",2012-08-23,2012,236,7.9,0,"low",13.7,0,0,79.9,7,577.252,0
"Osterman",2012-08-24,2012,237,20.4,0,"low",7.9,0.017,0.017,86.93,9.38,577.205,0
"Osterman",2012-08-29,2012,242,34.1,0,"low",93.5,0,0.006,78.61,4.07,577.305,0
"Osterman",2012-08-30,2012,243,18,0,"low",34.1,0,0,78.55,6.27,577.268,0
"Osterman",2012-08-31,2012,244,67.7,0,"low",18,0,0,88.07,12.01,576.952,0
"Osterman",2013-05-23,2013,143,1299.7,1,"exceed",11.5,0.837,1.048,71.36,4.62,577.623,0
"Osterman",2013-05-24,2013,144,87.8,0,"low",1299.7,0.051,0.888,53.62,20.18,578.166,0
"Osterman",2013-05-30,2013,150,4.6,0,"low",80.2,0.013,0.372,79.98,7.66,577.632,0
"Osterman",2013-05-31,2013,151,18.3,0,"low",4.6,0.328,0.342,79.69,16.4,577.582,0
"Osterman",2013-06-05,2013,156,9.5,0,"low",3.9,0,0,64.45,5.32,577.762,0
"Osterman",2013-06-06,2013,157,59.2,0,"low",9.5,0.007,0.007,65.44,6.98,577.928,0
"Osterman",2013-06-07,2013,158,20,0,"low",59.2,0.168,0.174,58.69,9.47,577.971,0
"Osterman",2013-06-12,2013,163,218.8,0,"moderate",1,0.148,0.298,78.18,3.15,577.747,0
"Osterman",2013-06-13,2013,164,171,0,"moderate",218.8,0.387,0.536,75.58,2.36,577.887,0
"Osterman",2013-06-14,2013,165,49.3,0,"low",171,0.034,0.421,65.8,12.75,578.018,0
"Osterman",2013-06-19,2013,170,12.8,0,"low",90.9,0,0.044,63.71,13.86,578.197,0
"Osterman",2013-06-20,2013,171,3.2,0,"low",12.8,0,0,68.11,6.08,577.927,0
"Osterman",2013-06-21,2013,172,3.2,0,"low",3.2,0,0,78.53,7.45,577.877,0
"Osterman",2013-06-26,2013,177,501.9,1,"exceed",488.2,0.042,0.323,83.81,5.66,577.835,0
"Osterman",2013-06-27,2013,178,31.2,0,"low",501.9,1.151,1.193,77.95,4.42,577.893,0
"Osterman",2013-06-28,2013,179,7.3,0,"low",31.2,0.595,1.746,85.86,4.26,577.911,0
"Osterman",2013-07-03,2013,184,23.6,0,"low",35.5,0,0,64.16,12.25,578.215,0
"Osterman",2013-07-10,2013,191,24.7,0,"low",185.7,0.01,0.254,83.69,7.14,577.957,0
"Osterman",2013-07-11,2013,192,33.7,0,"low",24.7,0,0.01,80.66,4.25,577.85,0
"Osterman",2013-07-12,2013,193,56,0,"low",33.7,0,0,75.56,5.24,577.914,0
"Osterman",2013-07-17,2013,198,1.4,0,"low",2.4,0.003,0.045,88.23,5.95,577.91,0
"Osterman",2013-07-18,2013,199,6.3,0,"low",1.4,0,0.003,88.9,4.42,577.791,0
"Osterman",2013-07-19,2013,200,1,0,"low",6.3,0,0,93.24,7.76,577.741,0
"Osterman",2013-07-24,2013,205,310.6,1,"exceed",2.8,0.023,0.026,80.02,8.72,578.108,0
"Osterman",2013-07-25,2013,206,32.5,0,"low",310.6,0,0.023,68.43,11.13,577.943,0
"Osterman",2013-07-26,2013,207,35.5,0,"low",32.5,0,0,75.57,1.67,577.821,0
"Osterman",2013-07-31,2013,212,24.9,0,"low",2.8,0.026,0.026,72.03,6.23,577.825,0
"Osterman",2013-08-01,2013,213,31,0,"low",24.9,0.16,0.186,74.32,1.09,577.864,0
"Osterman",2013-08-02,2013,214,17.5,0,"low",31,0.003,0.163,75.98,5.44,577.818,0
"Osterman",2013-08-07,2013,219,4.6,0,"low",62.2,0.02,0.048,81.04,8.51,577.758,0
"Osterman",2013-08-08,2013,220,161.4,0,"moderate",4.6,0.01,0.03,84.03,2.46,577.949,0
"Osterman",2013-08-09,2013,221,35.8,0,"low",161.4,0,0.01,73.7,10.58,577.943,0
"Osterman",2013-08-14,2013,226,167.2,0,"moderate",1206.6,0,0.519,69.81,12.53,578.078,0
"Osterman",2013-08-15,2013,227,38.8,0,"low",167.2,0,0,66.99,6.16,577.859,0
"Osterman",2013-08-16,2013,228,221.3,0,"moderate",38.8,0,0,72.59,4.97,577.698,0
"Osterman",2013-08-21,2013,233,40,0,"low",98.6,0,0,85.43,7.63,577.648,0
"Osterman",2013-08-22,2013,234,208.9,0,"moderate",40,0.01,0.01,88.24,10.3,577.654,0
"Osterman",2013-08-23,2013,235,112.1,0,"low",208.9,0.212,0.222,78.15,2.94,577.695,0
"Osterman",2013-08-28,2013,240,276.3,1,"exceed",137.6,0,0,92.93,12.95,577.68,0
"Osterman",2013-08-29,2013,241,55.7,0,"low",276.3,0,0,84.68,7.06,577.875,0
"Osterman",2013-08-30,2013,242,30.5,0,"low",55.7,0,0,79.65,3.05,577.822,0
"Osterman",2013-09-12,2013,255,118,0,"low",114.7,0.003,0.003,84.51,4.77,577.76,0
"Osterman",2014-05-22,2014,142,4.2,0,"low",6,0.25,0.513,77.29,1.24,578.717,0
"Osterman",2014-05-23,2014,143,1,0,"low",4.2,0,0.25,63.18,5.26,578.625,0
"Osterman",2014-05-29,2014,149,127.2,0,"moderate",546.7,0.213,0.339,60.97,8.83,578.878,0
"Osterman",2014-05-30,2014,150,4.9,0,"low",127.2,0,0.213,64.34,8.28,578.922,0
"Osterman",2014-06-04,2014,155,299.3,1,"exceed",13.9,0,0.137,75.84,5.67,578.649,0
"Osterman",2014-06-05,2014,156,19.7,0,"low",299.3,0.123,0.123,67.45,7.11,578.836,0
"Osterman",2014-06-06,2014,157,9.9,0,"low",19.7,0,0.123,67.34,5.26,578.784,0
"Osterman",2014-06-11,2014,162,41.5,0,"low",33,0.61,0.61,59.74,9.93,579.007,0
"Osterman",2014-06-18,2014,169,103.9,0,"low",22.4,0.003,0.003,85.13,11.19,578.796,0
"Osterman",2014-06-19,2014,170,117.1,0,"low",103.9,0.212,0.215,80.87,3.33,579.096,0
"Osterman",2014-06-20,2014,171,48,0,"low",117.1,0.3,0.512,71.03,6.06,579.167,0
"Osterman",2014-06-25,2014,176,30.4,0,"low",11,0.67,0.801,78.4,1.44,579.042,0
"Osterman",2014-06-26,2014,177,32,0,"low",30.4,0.01,0.68,68.83,7.52,579.183,0
"Osterman",2014-06-27,2014,178,19.4,0,"low",32,0,0.01,67.43,5.78,579.117,0
"Osterman",2014-07-02,2014,183,53.5,0,"low",114,0.057,2.064,79.68,12.47,578.823,1
"Osterman",2014-07-03,2014,184,50.4,0,"low",53.5,0.103,0.161,72.07,6.68,578.957,0
"Osterman",2014-07-09,2014,190,17.7,0,"low",48.8,0.32,0.725,80.2,10.79,579.037,0
"Osterman",2014-07-10,2014,191,18.5,0,"low",17.7,0,0.32,73.27,3.7,579.036,0
"Osterman",2014-07-11,2014,192,11.5,0,"low",18.5,0,0,72.23,6,579.09,0
"Osterman",2014-07-16,2014,197,43.8,0,"low",94.3,0.059,0.36,67.91,11.03,579.219,0
"Osterman",2014-07-17,2014,198,13,0,"low",43.8,0.003,0.063,67.52,4.17,579.122,0
"Osterman",2014-07-18,2014,199,7.9,0,"low",13,0,0.003,72.35,4.57,579.121,0
"Osterman",2014-07-23,2014,204,1206.6,1,"exceed",7.5,0.007,0.007,87.43,12.06,578.974,0
"Osterman",2014-07-24,2014,205,102.3,0,"low",1206.6,0.01,0.017,74.77,18.19,579.474,0
"Osterman",2014-07-25,2014,206,49.4,0,"low",102.3,0,0.01,69.37,7.37,579.242,0
"Osterman",2014-07-30,2014,211,65.6,0,"low",102.5,0.07,0.07,73.4,3.33,579.144,0
"Osterman",2014-07-31,2014,212,9.5,0,"low",65.6,0,0.07,71.65,2.55,579.143,0
"Osterman",2014-08-01,2014,213,29,0,"low",9.5,0.01,0.01,82.07,8.41,579.062,0
"Osterman",2014-08-06,2014,218,183,0,"moderate",77.4,0.232,1.7,74.37,3.02,579.265,0
"Osterman",2014-08-07,2014,219,141.7,0,"moderate",183,0,0.232,74.27,6.39,579.249,0
"Osterman",2014-08-08,2014,220,325.7,1,"exceed",141.7,0,0,75.7,7.88,579.216,0
"Osterman",2014-08-13,2014,225,81.7,0,"low",387.3,0.027,0.938,69.83,11.61,579.486,0
"Osterman",2014-08-14,2014,226,36.9,0,"low",81.7,0,0.027,77.94,3.97,579.225,0
"Osterman",2014-08-15,2014,227,52.4,0,"low",36.9,0,0,67.51,8.69,579.275,0
"Osterman",2014-08-20,2014,232,101.1,0,"low",34.5,0.227,0.227,84.43,11.33,579.32,0
"Osterman",2014-08-21,2014,233,55.5,0,"low",101.1,0,0.227,84.86,7.87,579.33,0
"Osterman",2014-08-22,2014,234,175.9,0,"moderate",55.5,1.005,1.005,76.94,5.66,579.35,0
"Osterman",2014-08-27,2014,239,75.5,0,"low",86.5,0.025,0.568,79.4,0.71,579.28,0
"Osterman",2014-08-28,2014,240,29,0,"low",75.5,0,0.025,75.58,6.86,579.262,0
"Osterman",2014-08-29,2014,241,20.5,0,"low",29,0.007,0.007,72.54,9.08,579.322,0
"Osterman",2014-09-04,2014,247,30.8,0,"low",60.2,0,0.01,80.72,5.25,579.106,0
"Osterman",2014-09-05,2014,248,136.3,0,"moderate",30.8,0.177,0.177,83.86,13.2,578.948,0
"Osterman",2015-05-21,2015,141,8.9,0,"low",20.9,0.043,0.043,45.69,8.6,579.495,0
"Osterman",2015-05-22,2015,142,5,0,"low",8.9,0,0.043,66.51,7.91,579.462,0
"Osterman",2015-05-28,2015,148,2.8,0,"low",1,0.108,0.59,71.06,8.79,579.525,0
"Osterman",2015-05-29,2015,149,5,0,"low",2.8,0,0.108,76,6.44,579.607,0
"Osterman",2015-06-03,2015,154,5.5,0,"low",31.9,0,0,63.09,4.41,579.794,0
"Osterman",2015-06-04,2015,155,2,0,"low",5.5,0,0,70.52,7.13,579.82,0
"Osterman",2015-06-05,2015,156,92.1,0,"low",2,0,0,77.27,8.11,579.79,0
"Osterman",2015-06-10,2015,161,9.5,0,"low",2.8,0,0.113,82.89,7.24,579.718,0
"Osterman",2015-06-11,2015,162,748.2,1,"exceed",9.5,0.03,0.03,91.26,7.88,579.761,0
"Osterman",2015-06-12,2015,163,39.5,0,"low",748.2,0.128,0.159,67.85,6.02,579.944,0
"Osterman",2015-06-17,2015,168,27.7,0,"low",25.9,0.007,1.079,70.69,9.54,580.016,1
"Osterman",2015-06-18,2015,169,12.2,0,"low",27.7,0.149,0.156,64.94,2.86,580.048,0
"Osterman",2015-06-19,2015,170,50.7,0,"low",12.2,0.167,0.316,79.82,5.96,580.048,0
"Osterman",2015-06-24,2015,175,22.8,0,"low",85.1,0,0.026,76.32,4.54,580.017,0
"Osterman",2015-06-25,2015,176,395.2,1,"exceed",22.8,0,0,76.4,5.14,579.875,0
"Osterman",2015-06-26,2015,177,150.6,0,"moderate",395.2,0.539,0.539,75.92,0.54,580.153,0
"Osterman",2015-07-01,2015,182,124.4,0,"low",46.7,0.121,0.352,71.98,3.8,580.06,0
"Osterman",2015-07-02,2015,183,106.4,0,"low",124.4,0,0.121,61.69,8.05,580.091,0
"Osterman",2015-07-08,2015,189,291,1,"exceed",410.3,0.346,0.718,72.25,11.96,580.256,0
"Osterman",2015-07-09,2015,190,313.6,1,"exceed",291,0.035,0.382,63.14,7.06,580.11,0
"Osterman",2015-07-10,2015,191,46.6,0,"low",313.6,0.017,0.052,68.46,6.05,580.118,0
"Osterman",2015-07-15,2015,196,335.3,1,"exceed",62.2,0,0.532,76.52,9.87,580.248,0
"Osterman",2015-07-16,2015,197,53,0,"low",335.3,0,0,68.72,9.79,580.217,0
"Osterman",2015-07-17,2015,198,16.9,0,"low",53,0.589,0.589,73.19,6.62,580.058,0
"Osterman",2015-07-22,2015,203,69,0,"low",41,0,0,75.67,6.41,579.976,0
"Osterman",2015-07-23,2015,204,27.9,0,"low",69,0,0,76.72,1.56,579.948,0
"Osterman",2015-07-24,2015,205,14,0,"low",27.9,0,0,78.88,2.99,579.985,0
"Osterman",2015-07-29,2015,210,36.8,0,"low",46.9,0,0,84.49,5.34,580.004,0
"Osterman",2015-07-30,2015,211,38.9,0,"low",36.8,0.024,0.024,85.67,7.62,579.91,0
"Osterman",2015-07-31,2015,212,15.2,0,"low",38.9,0,0.024,86.38,11.48,579.79,0
"Osterman",2015-08-05,2015,217,34.5,0,"low",11,0,0.7,79.73,3.91,579.96,0
"Osterman",2015-08-06,2015,218,65,0,"low",34.5,0,0,77.67,4.44,580.036,0
"Osterman",2015-08-07,2015,219,7.7,0,"low",65,0,0,77.08,8.59,580.113,0
"Osterman",2015-08-12,2015,224,52,0,"low",847.7,0,0.285,76.07,6.15,580.042,0
"Osterman",2015-08-13,2015,225,14.4,0,"low",52,0,0,74.58,4.68,579.88,0
"Osterman",2015-08-14,2015,226,84.8,0,"low",14.4,0,0,83.03,10.33,579.753,0
"Osterman",2015-08-19,2015,231,49.6,0,"low",326.9,0.547,0.802,81.08,9.78,579.95,0
"Osterman",2015-08-20,2015,232,64.9,0,"low",49.6,0.019,0.566,75.18,14.55,579.717,0
"Osterman",2015-08-21,2015,233,38.9,0,"low",64.9,0,0.019,73,14.76,579.684,0
"Osterman",2015-08-26,2015,238,88.8,0,"low",387.1,0,0,67.04,5.48,579.697,0
"Osterman",2015-08-27,2015,239,72.1,0,"low",88.8,0,0,64.38,5.22,579.754,0
"Osterman",2015-08-28,2015,240,23.7,0,"low",72.1,0,0,70.05,1.28,579.792,0
"Osterman",2015-09-02,2015,245,2.4,0,"low",4.5,0,0,87.82,9.71,579.762,0
"Osterman",2015-09-03,2015,246,2,0,"low",2.4,0,0,88.89,6.96,579.77,0
"Osterman",2015-09-04,2015,247,630.7,1,"exceed",2,0,0,89.53,5.57,579.905,0
"Osterman",2015-09-05,2015,248,188.4,0,"moderate",630.7,0,0,77,5.56,579.992,0
"Osterman",2016-06-03,2016,155,3.2,0,"low",5.2,0,0.304,75.81,3.18,580.335,0
"Osterman",2016-06-08,2016,160,7.5,0,"low",15.5,0,0.02,63.01,8.11,580.418,0
"Osterman",2016-06-09,2016,161,1,0,"low",7.5,0,0,62.61,3.34,580.28,0
"Osterman",2016-06-10,2016,162,1,0,"low",1,0.119,0.119,69.82,6.42,580.367,0
"Osterman",2016-06-15,2016,167,24.7,0,"low",2.8,0,0.007,79.12,7.2,580.531,0
"Osterman",2016-06-16,2016,168,77.1,0,"low",24.7,0.288,0.288,84.85,6.42,580.513,0
"Osterman",2016-06-17,2016,169,72,0,"low",77.1,0,0.288,82.28,10.97,580.684,0
"Osterman",2016-06-22,2016,174,53.2,0,"low",16.3,0,0.003,78.78,4.16,580.311,0
"Osterman",2016-06-23,2016,175,84.9,0,"low",53.2,0.794,0.794,75,3.93,580.435,0
"Osterman",2016-06-24,2016,176,18,0,"low",84.9,0,0.794,72.04,7.76,580.579,0
"Osterman",2016-06-29,2016,181,26.3,0,"low",214.6,0,0,70.74,12.23,580.589,0
"Osterman",2016-06-30,2016,182,7,0,"low",26.3,0,0,73.78,2.6,580.371,0
"Osterman",2016-07-01,2016,183,165.4,0,"moderate",7,0,0,76.74,8.88,580.284,0
"Osterman",2016-07-07,2016,189,7.9,0,"low",37.5,1.022,1.022,84.83,7.01,580.282,0
"Osterman",2016-07-08,2016,190,23.7,0,"low",7.9,0.173,1.194,79.7,2.02,580.371,0
"Osterman",2016-07-13,2016,195,3.9,0,"low",1,0,0,87.7,13.54,580.23,0
"Osterman",2016-07-14,2016,196,13.7,0,"low",3.9,0.175,0.175,83.54,10.09,580.112,0
"Osterman",2016-07-15,2016,197,485.3,1,"exceed",13.7,0,0.175,85.89,14.16,580.105,0
"Osterman",2016-07-16,2016,198,38.4,0,"low",485.3,0.058,0.058,74.8,7.07,580.328,0
"Osterman",2016-07-20,2016,202,26.5,0,"low",17.4,0,0.149,81.79,3.02,580.308,0
"Osterman",2016-07-21,2016,203,1.4,0,"low",26.5,0,0,85.4,5.93,580.289,0
"Osterman",2016-07-22,2016,204,46.8,0,"low",1.4,0.491,0.491,88.36,6.48,580.039,0
"Osterman",2016-07-26,2016,208,57,0,"low",75.2,0,0.462,82.29,1.05,580.19,0
"Osterman",2016-07-27,2016,209,11.5,0,"low",57,0,0,83.13,3.14,580.223,0
"Osterman",2016-07-28,2016,210,135.8,0,"moderate",11.5,0,0,84.51,2.81,580.259,0
"Osterman",2016-07-29,2016,211,65.4,0,"low",135.8,0.181,0.181,79.79,3.4,580.394,0
"Osterman",2016-08-03,2016,216,37.9,0,"low",2.8,0,0,81.85,5.72,580.397,0
"Osterman",2016-08-04,2016,217,49.5,0,"low",37.9,0,0,85.3,5.18,580.364,0
"Osterman",2016-08-05,2016,218,41.5,0,"low",49.5,0,0,88.23,6.31,580.276,0
"Osterman",2016-08-10,2016,223,26.5,0,"low",6.9,0,0,83.86,5.74,580.18,0
"Osterman",2016-08-11,2016,224,27,0,"low",26.5,0,0,84.58,3.82,580.164,0
"Osterman",2016-08-12,2016,225,12,0,"low",27,0,0,90.89,10.65,580.105,0
"Osterman",2016-08-13,2016,226,32.9,0,"low",12,1.049,1.049,84.16,4.5,580.184,0
"Osterman",2016-08-17,2016,230,18.3,0,"low",23.7,0.047,0.084,81.42,2.44,580.308,0
"Osterman",2016-08-18,2016,231,31.3,0,"low",18.3,0.017,0.064,85.36,5.19,580.249,0
"Osterman",2016-08-19,2016,232,30.4,0,"low",31.3,0.577,0.594,84.4,7.85,580.213,0
"Osterman",2016-08-24,2016,237,1.7,0,"low",11.8,0,0,79.39,12.27,579.918,0
"Osterman",2016-08-31,2016,244,2047.9,1,"exceed",99,0.105,0.283,81.67,1.25,580.223,0
"Osterman",2016-09-01,2016,245,345.2,1,"exceed",2047.9,0,0.105,74.41,12.67,580.489,0
"Osterman",2016-09-02,2016,246,74.2,0,"low",345.2,0,0,71.54,13.9,580.577,0
"Rainbow",2006-05-25,2006,145,38.4,0,"low",11.6,0.849,0.849,77,15.43,577.846,0
"Rainbow",2006-05-26,2006,146,16.2,0,"low",38.4,0.178,1.027,74.89,13.19,577.922,0
"Rainbow",2006-06-01,2006,152,17.9,0,"low",5.5,0,0.32,73.3,9.9,578.078,0
"Rainbow",2006-06-02,2006,153,1,0,"low",17.9,0,0,66.81,11.38,578.091,0
"Rainbow",2006-06-07,2006,158,365.4,1,"exceed",33.3,0,0,81.55,14.49,577.94,0
"Rainbow",2006-06-08,2006,159,15.4,0,"low",365.4,0,0,73.1,5.89,578.118,0
"Rainbow",2006-06-09,2006,160,1,0,"low",15.4,0,0,75.68,8,578.066,0
"Rainbow",2006-06-14,2006,165,25.5,0,"low",1,0,0,64.75,8.66,578.077,0
"Rainbow",2006-06-15,2006,166,2.5,0,"low",25.5,0,0,69.33,7.92,578.113,0
"Rainbow",2006-06-16,2006,167,31.3,0,"low",2.5,0,0,82.65,5.65,578.093,0
"Rainbow",2006-06-21,2006,172,179.7,0,"moderate",6.6,0,0,74.8,5.01,578.005,0
"Rainbow",2006-06-22,2006,173,294.8,1,"exceed",179.7,0.06,0.06,88.21,10.72,577.913,0
"Rainbow",2006-06-23,2006,174,24.3,0,"low",294.8,0.3,0.36,77.55,2.45,578.022,0
"Rainbow",2006-06-28,2006,179,4.6,0,"low",122.2,0,0.31,76.02,3.02,578.035,0
"Rainbow",2006-06-29,2006,180,3.5,0,"low",4.6,0.04,0.04,77.49,7.1,578.013,0
"Rainbow",2006-06-30,2006,181,30.2,0,"low",3.5,0,0.04,74.78,3.88,577.952,0
"Rainbow",2006-07-12,2006,193,17.7,0,"low",54.5,0.551,0.551,75.73,1.41,578.091,0
"Rainbow",2006-07-13,2006,194,153.1,0,"moderate",17.7,0.104,0.656,73.08,10.92,578.161,0
"Rainbow",2006-07-14,2006,195,72.2,0,"low",153.1,0,0.104,77.83,6.8,578.034,0
"Rainbow",2006-07-19,2006,200,203.1,0,"moderate",541,0.09,0.09,78.77,10.7,578.065,0
"Rainbow",2006-07-20,2006,201,1043.4,1,"exceed",203.1,0,0.09,87.78,6.22,578.016,0
"Rainbow",2006-07-21,2006,202,90.9,0,"low",1043.4,0.737,0.737,80.94,4.87,577.928,0
"Rainbow",2006-07-22,2006,203,1,0,"low",90.9,0.03,0.767,75.7,15.63,578.108,0
"Rainbow",2006-07-26,2006,207,748.7,1,"exceed",200.2,0,0,88.76,15.2,577.764,0
"Rainbow",2006-07-27,2006,208,110.5,0,"low",748.7,0.13,0.13,82.29,14.54,577.861,0
"Rainbow",2006-07-28,2006,209,388,1,"exceed",110.5,0.02,0.15,85.53,6.03,577.947,0
"Rainbow",2006-08-02,2006,214,56.9,0,"low",101.4,0,0,93.93,15.31,577.792,0
"Rainbow",2006-08-03,2006,215,2419.6,1,"exceed",56.9,0.368,0.368,93.72,18.2,577.893,0
"Rainbow",2006-08-04,2006,216,48.8,0,"low",2419.6,0.689,1.057,76.13,5.54,578.06,0
"Rainbow",2006-08-09,2006,221,29.7,0,"low",142.5,0,0,75,13.26,578.109,0
"Rainbow",2006-08-10,2006,222,68.9,0,"low",29.7,0.11,0.11,80.45,8.3,577.977,0
"Rainbow",2006-08-11,2006,223,316.5,1,"exceed",68.9,0.524,0.634,76.18,4.51,578.171,0
"Rainbow",2006-08-16,2006,228,123,0,"low",217.1,0,0,75.47,3.43,577.826,0
"Rainbow",2006-08-17,2006,229,85.8,0,"low",123,0,0,76.82,7.73,577.919,0
"Rainbow",2006-08-18,2006,230,33.5,0,"low",85.8,0,0,78.53,6.65,577.95,0
"Rainbow",2006-08-23,2006,235,172.1,0,"moderate",502.2,0,0,81.2,1.13,577.883,0
"Rainbow",2006-08-24,2006,236,2192.3,1,"exceed",172.1,0,0,85.46,4.54,577.925,0
"Rainbow",2006-08-25,2006,237,179.1,0,"moderate",2192.3,0.579,0.579,82.57,6.24,577.945,0
"Rainbow",2006-08-30,2006,242,77.7,0,"low",278.5,0.097,1.585,67.79,12.05,578.246,0
"Rainbow",2006-08-31,2006,243,43.1,0,"low",77.7,0.1,0.197,73.3,12.18,578.4,0
"Rainbow",2006-09-01,2006,244,126,0,"low",43.1,0,0.1,72.55,13.69,578.358,0
"Rainbow",2007-05-30,2007,150,56.9,0,"low",71.4,0,0,85.64,6.13,577.877,0
"Rainbow",2007-05-31,2007,151,5.1,0,"low",56.9,0,0,87.1,8.67,577.828,0
"Rainbow",2007-06-01,2007,152,30.4,0,"low",5.1,0.22,0.22,78.19,7.07,577.775,0
"Rainbow",2007-06-06,2007,157,96.3,0,"low",2419.6,0.27,0.52,59.38,9.59,577.92,0
"Rainbow",2007-06-07,2007,158,97.6,0,"low",96.3,0,0.27,76.76,7.43,577.75,0
"Rainbow",2007-06-08,2007,159,170.6,0,"moderate",97.6,0,0,91.24,17.99,577.59,0
"Rainbow",2007-06-13,2007,164,126.5,0,"moderate",127.6,0,0,73.35,7.24,577.911,0
"Rainbow",2007-06-14,2007,165,117,0,"low",126.5,0,0,75.42,6.94,577.919,0
"Rainbow",2007-06-15,2007,166,44.9,0,"low",117,0,0,75.93,5.35,577.939,0
"Rainbow",2007-06-20,2007,171,167,0,"moderate",2419.7,0.54,0.54,79.91,7.23,577.746,0
"Rainbow",2007-06-21,2007,172,122.1,0,"low",167,0,0.54,80.32,0.45,577.675,0
"Rainbow",2007-06-22,2007,173,547.2,1,"exceed",122.1,0,0,78.87,3.88,577.785,0
"Rainbow",2007-06-27,2007,178,7.4,0,"low",115.4,0,0,85.47,6.5,577.738,0
"Rainbow",2007-06-28,2007,179,1773.3,1,"exceed",7.4,0.35,0.35,87.4,6.91,577.706,0
"Rainbow",2007-06-29,2007,180,355,1,"exceed",1773.3,0,0.35,74.63,10.25,578.045,0
"Rainbow",2007-07-04,2007,185,670.6,1,"exceed",20.8,0.01,0.01,80.69,6.05,577.696,0
"Rainbow",2007-07-05,2007,186,605.4,1,"exceed",670.6,0.55,0.56,78.36,2.08,577.806,0
"Rainbow",2007-07-06,2007,187,502.4,1,"exceed",605.4,0,0.55,78.21,2.36,577.759,0
"Rainbow",2007-07-11,2007,192,1166.1,1,"exceed",221.6,0.15,0.28,85.88,7.3,577.716,0
"Rainbow",2007-07-12,2007,193,58,0,"low",1166.1,0,0.15,75.76,5.11,577.669,0
"Rainbow",2007-07-13,2007,194,82.9,0,"low",58,0,0,79.51,7.79,577.625,0
"Rainbow",2007-07-18,2007,199,57.4,0,"low",239,0.11,0.11,81.8,4.89,577.769,0
"Rainbow",2007-07-19,2007,200,187.4,0,"moderate",57.4,0.691,0.801,84.35,7.56,577.683,0
"Rainbow",2007-07-20,2007,201,164.3,0,"moderate",187.4,0.116,0.807,78.51,6.56,577.95,0
"Rainbow",2007-07-25,2007,206,516.2,1,"exceed",66.8,0,0,76.42,1.4,577.688,0
"Rainbow",2007-07-26,2007,207,2419.6,1,"exceed",516.2,0,0,81.09,5.91,577.674,0
"Rainbow",2007-07-27,2007,208,142.5,0,"moderate",2419.6,0.685,0.685,83.07,6.63,577.661,0
"Rainbow",2007-08-01,2007,213,2192.3,1,"exceed",156.6,0,0,83.48,2.6,577.675,0
"Rainbow",2007-08-02,2007,214,123.7,0,"low",2192.3,0,0,84.24,2.59,577.682,0
"Rainbow",2007-08-03,2007,215,770.1,1,"exceed",123.7,0,0,89.26,5.69,577.563,0
"Rainbow",2007-08-04,2007,216,365.6,1,"exceed",770.1,0,0,81.19,4.09,577.671,0
"Rainbow",2007-08-05,2007,217,284.2,1,"exceed",365.6,0.029,0.029,77.03,4.41,577.646,0
"Rainbow",2007-08-06,2007,218,152,0,"moderate",284.2,0.88,0.909,85.34,6,577.639,0
"Rainbow",2007-08-07,2007,219,230.7,0,"moderate",152,0.02,0.9,79.96,1.96,577.629,0
"Rainbow",2007-08-08,2007,220,249.5,1,"exceed",230.7,0.14,0.16,91.35,5.45,577.645,0
"Rainbow",2007-08-09,2007,221,1646.1,1,"exceed",249.5,0.344,0.484,83.6,2.95,577.665,0
"Rainbow",2007-08-10,2007,222,134.7,0,"moderate",1646.1,0.2,0.544,85.54,1.84,577.71,0
"Rainbow",2007-08-15,2007,227,448,1,"exceed",252.1,0.42,0.42,83.74,6.78,577.495,0
"Rainbow",2007-08-16,2007,228,221.2,0,"moderate",448,1.18,1.6,79.1,4.59,577.561,0
"Rainbow",2007-08-17,2007,229,111.6,0,"low",221.2,0,1.18,75.04,4.12,577.507,0
"Rainbow",2007-08-22,2007,234,293.6,1,"exceed",246.1,0.024,0.889,83.37,2.61,577.727,0
"Rainbow",2007-08-23,2007,235,191.4,0,"moderate",293.6,1.087,1.111,89.48,5.08,577.464,0
"Rainbow",2007-08-24,2007,236,110.4,0,"low",191.4,1.236,2.322,87.67,7.78,577.425,1
"Rainbow",2007-08-25,2007,237,1086.1,1,"exceed",110.4,0.29,1.526,80.99,5.77,577.509,1
"Rainbow",2007-08-26,2007,238,1553.1,1,"exceed",1086.1,0.236,0.526,72.87,2.78,577.618,0
"Rainbow",2007-08-27,2007,239,6.7,0,"low",1553.1,0,0.236,74.11,2.08,577.588,0
"Rainbow",2007-08-28,2007,240,55.2,0,"low",6.7,0,0,80.84,5.08,577.524,0
"Rainbow",2007-08-29,2007,241,63.7,0,"low",55.2,0,0,91.71,7.28,577.484,0
"Rainbow",2007-08-30,2007,242,795.2,1,"exceed",63.7,0,0,83.35,3.56,577.699,0
"Rainbow",2007-08-31,2007,243,429.9,1,"exceed",795.2,0,0,71.01,11.61,577.78,0
"Rainbow",2007-09-01,2007,244,167.1,0,"moderate",429.9,0,0,72.84,6.68,577.626,0
"Rainbow",2008-05-29,2008,150,62.3,0,"low",46.6,0,0,54.38,9.62,577.973,0
"Rainbow",2008-05-30,2008,151,1481.7,1,"exceed",62.3,0.13,0.13,61.79,3.48,577.753,0
"Rainbow",2008-05-31,2008,152,33.6,0,"low",1481.7,0.25,0.38,74.24,8.54,577.785,0
"Rainbow",2008-06-04,2008,156,169.1,0,"moderate",387.3,0.56,0.56,69.19,4.15,577.949,0
"Rainbow",2008-06-05,2008,157,12,0,"low",169.1,0.144,0.704,67.81,4.69,578.065,0
"Rainbow",2008-06-06,2008,158,4.4,0,"low",12,0.529,0.673,86.86,12.38,577.936,0
"Rainbow",2008-06-11,2008,163,17,0,"low",15.3,0.01,0.38,80.39,7.2,577.908,0
"Rainbow",2008-06-12,2008,164,68.8,0,"low",17,0,0.01,84.05,12.72,578.155,0
"Rainbow",2008-06-13,2008,165,23.5,0,"low",68.8,0,0,89.56,20.9,578.215,0
"Rainbow",2008-06-18,2008,170,16.5,0,"low",66.7,0,0,75.62,8.62,578.079,0
"Rainbow",2008-06-19,2008,171,31.7,0,"low",16.5,0,0,67.8,7.02,578.15,0
"Rainbow",2008-06-20,2008,172,10.5,0,"low",31.7,0.01,0.01,73.69,3.69,578.13,0
"Rainbow",2008-06-25,2008,177,189,0,"moderate",75.5,0,0,75.12,5.36,578.148,0
"Rainbow",2008-06-26,2008,178,31.8,0,"low",189,0.233,0.233,80.36,11.28,578.1,0
"Rainbow",2008-06-27,2008,179,62.5,0,"low",31.8,0,0.233,85.5,7.54,578.16,0
"Rainbow",2008-07-02,2008,184,4.4,0,"low",1.4,0,0,82.06,8.18,578.09,0
"Rainbow",2008-07-03,2008,185,751.4,1,"exceed",4.4,0.01,0.01,86.27,14.16,578.098,0
"Rainbow",2008-07-04,2008,186,37.1,0,"low",751.4,0,0.01,65.36,20.9,578.525,0
"Rainbow",2008-07-09,2008,191,1052.6,1,"exceed",198.5,0.637,0.853,83.78,9.22,578.235,0
"Rainbow",2008-07-10,2008,192,92.1,0,"low",1052.6,0.147,0.784,76.28,2.74,578.223,0
"Rainbow",2008-07-11,2008,193,924.2,1,"exceed",92.1,0.345,0.492,82.42,11.97,578.145,0
"Rainbow",2008-07-12,2008,194,355.1,1,"exceed",924.2,0.045,0.389,82.2,5.69,578.464,0
"Rainbow",2008-07-13,2008,195,11,0,"low",355.1,0.342,0.386,80.15,7.28,578.244,0
"Rainbow",2008-07-14,2008,196,4.4,0,"low",11,0,0.342,78.2,10.37,578.051,0
"Rainbow",2008-07-15,2008,197,10.7,0,"low",4.4,0,0,76.37,0.67,578.169,0
"Rainbow",2008-07-16,2008,198,148.4,0,"moderate",10.7,0,0,89.16,8.26,578.149,0
"Rainbow",2008-07-17,2008,199,169.8,0,"moderate",148.4,0,0,87.89,5.93,578.227,0
"Rainbow",2008-07-18,2008,200,20.8,0,"low",169.8,0,0,88.17,8.67,578.239,0
"Rainbow",2008-07-23,2008,205,138.1,0,"moderate",1015.5,0.06,0.141,71.12,9.68,578.575,0
"Rainbow",2008-07-24,2008,206,45.5,0,"low",138.1,0,0.06,74.22,9.52,578.516,0
"Rainbow",2008-07-25,2008,207,41.4,0,"low",45.5,0,0,78.96,0.54,578.37,0
"Rainbow",2008-07-30,2008,212,29.5,0,"low",310.3,0.19,0.19,86.59,3.99,578.319,0
"Rainbow",2008-07-31,2008,213,12.6,0,"low",29.5,0.04,0.23,83.67,4.45,578.298,0
"Rainbow",2008-08-01,2008,214,87.1,0,"low",12.6,0.7,0.74,80.88,3.03,578.233,0
"Rainbow",2008-08-06,2008,219,297.3,1,"exceed",1355.5,0.09,0.645,78.9,1.29,578.461,0
"Rainbow",2008-08-07,2008,220,429.9,1,"exceed",297.3,0.01,0.1,80.02,3.03,578.291,0
"Rainbow",2008-08-08,2008,221,48.8,0,"low",429.9,0.01,0.02,76.24,6.93,578.517,0
"Rainbow",2008-08-13,2008,226,78.3,0,"low",23.1,0,0,72.99,3.31,578.41,0
"Rainbow",2008-08-14,2008,227,77.1,0,"low",78.3,0,0,72.9,2.87,578.427,0
"Rainbow",2008-08-15,2008,228,85.9,0,"low",77.1,0,0,73.08,8.18,578.574,0
"Rainbow",2008-08-20,2008,233,45.6,0,"low",841,0,0,76.28,5.8,578.565,0
"Rainbow",2008-08-21,2008,234,40,0,"low",45.6,0,0,75.59,6.35,578.485,0
"Rainbow",2008-08-22,2008,235,17.2,0,"low",40,0,0,79.19,6.21,578.367,0
"Rainbow",2008-08-27,2008,240,35,0,"low",19.7,0,0,71.79,9.54,578.403,0
"Rainbow",2008-08-28,2008,241,12.5,0,"low",35,0,0,73.99,4.69,578.309,0
"Rainbow",2008-08-29,2008,242,9.2,0,"low",12.5,0.02,0.02,79.75,6.2,578.204,0
"Rainbow",2009-05-28,2009,148,83.3,0,"low",35.2,0.047,1.054,72.78,1.34,579.11,0
"Rainbow",2009-05-29,2009,149,9,0,"low",83.3,0,0.047,60.92,4.46,578.911,0
"Rainbow",2009-06-03,2009,154,20.3,0,"low",55.6,0.01,1.1,54.22,9.81,579.017,0
"Rainbow",2009-06-04,2009,155,32.5,0,"low",20.3,0,0.01,55.57,11.69,579.015,0
"Rainbow",2009-06-05,2009,156,2.9,0,"low",32.5,0,0,62.31,6.89,578.901,0
"Rainbow",2009-06-10,2009,161,33.8,0,"low",148.9,0,0.08,62.46,5.59,579.142,0
"Rainbow",2009-06-11,2009,162,1500.7,1,"exceed",33.8,0.089,0.089,59.32,7.95,579.027,0
"Rainbow",2009-06-12,2009,163,8.9,0,"low",1500.7,0.875,0.964,57.51,9.67,579.194,0
"Rainbow",2009-06-17,2009,168,53.6,0,"low",146,0.898,1.178,67.59,8.76,579.153,0
"Rainbow",2009-06-18,2009,169,28.5,0,"low",53.6,0,0.898,67.19,2.28,579.141,0
"Rainbow",2009-06-19,2009,170,119,0,"low",28.5,0.139,0.139,79.93,3.78,579.036,0
"Rainbow",2009-06-20,2009,171,19.9,0,"low",119,0.981,1.12,87.24,6.52,578.927,0
"Rainbow",2009-06-24,2009,175,29.3,0,"low",56.5,0,0.08,84.5,3.34,579.09,0
"Rainbow",2009-06-25,2009,176,154.5,0,"moderate",29.3,0.07,0.07,88.29,0.75,579.048,0
"Rainbow",2009-06-26,2009,177,2419.6,1,"exceed",154.5,0,0.07,81.42,1.8,579.084,0
"Rainbow",2009-06-27,2009,178,376.6,1,"exceed",2419.6,0,0,75.97,5.68,579.098,0
"Rainbow",2009-07-01,2009,182,106.3,0,"low",500.9,0,0,68.62,6.58,579.061,0
"Rainbow",2009-07-02,2009,183,69.5,0,"low",106.3,0,0,63.7,4.64,579.068,0
"Rainbow",2009-07-08,2009,189,169.2,0,"moderate",1043.4,0,0,71.39,5.54,579.018,0
"Rainbow",2009-07-09,2009,190,398.8,1,"exceed",169.2,0.17,0.17,67.45,6.26,579.049,0
"Rainbow",2009-07-10,2009,191,101.5,0,"low",398.8,0,0.17,73.55,5.23,579.128,0
"Rainbow",2009-07-15,2009,196,38.4,0,"low",83.4,0,0,78.28,6.08,578.959,0
"Rainbow",2009-07-16,2009,197,56.7,0,"low",38.4,0.7,0.7,85.2,7.28,578.83,0
"Rainbow",2009-07-17,2009,198,2419.6,1,"exceed",56.7,0.17,0.87,81.07,6.63,578.827,0
"Rainbow",2009-07-18,2009,199,531.4,1,"exceed",2419.6,0,0.17,68.68,6.72,578.958,0
"Rainbow",2009-07-22,2009,203,43.3,0,"low",59.1,0,0,76.33,4.01,579.032,0
"Rainbow",2009-07-23,2009,204,1087.1,1,"exceed",43.3,0,0,73.34,2.33,579.107,0
"Rainbow",2009-07-24,2009,205,131.1,0,"moderate",1087.1,0.17,0.17,73.37,2.28,579.058,0
"Rainbow",2009-07-29,2009,210,841,1,"exceed",69,0.04,0.04,83.79,4.59,578.877,0
"Rainbow",2009-07-30,2009,211,106.3,0,"low",841,0,0.04,72.73,4.96,578.896,0
"Rainbow",2009-07-31,2009,212,64.2,0,"low",106.3,0,0,77.59,5.56,578.84,0
"Rainbow",2009-08-05,2009,217,1274.7,1,"exceed",163.4,0,0.06,77.12,1.36,578.907,0
"Rainbow",2009-08-06,2009,218,247.3,1,"exceed",1274.7,0,0,72.43,5.4,578.799,0
"Rainbow",2009-08-07,2009,219,348,1,"exceed",247.3,0,0,74.12,2.41,578.84,0
"Rainbow",2009-08-12,2009,224,341.1,1,"exceed",30.6,0,0,75.39,5.52,579.043,0
"Rainbow",2009-08-13,2009,225,47.9,0,"low",341.1,0,0,73.92,5.26,578.94,0
"Rainbow",2009-08-14,2009,226,43.7,0,"low",47.9,0,0,79.5,3.08,578.885,0
"Rainbow",2009-08-19,2009,231,134.5,0,"moderate",106,0.06,0.584,83.59,5.78,578.846,0
"Rainbow",2009-08-20,2009,232,306.1,1,"exceed",134.5,0.296,0.356,78.58,3.86,578.865,0
"Rainbow",2009-08-21,2009,233,124.8,0,"low",306.1,0.086,0.381,76.59,12.17,578.875,0
"Rainbow",2009-08-26,2009,238,631.5,1,"exceed",434.7,0,0,79.85,8.92,578.733,0
"Rainbow",2009-08-27,2009,239,395.7,1,"exceed",631.5,0.527,0.527,71.54,3.34,578.996,0
"Rainbow",2009-09-02,2009,245,18.8,0,"low",79.3,0,0,67.15,4.54,578.965,0
"Rainbow",2009-09-03,2009,246,23.9,0,"low",18.8,0,0,68.38,4.29,578.963,0
"Rainbow",2010-05-27,2010,147,727.2,1,"exceed",28.4,0,0,77.02,3.25,578.118,0
"Rainbow",2010-05-28,2010,148,54.3,0,"low",727.2,0,0,66.96,11.3,578.183,0
"Rainbow",2010-06-03,2010,154,58.6,0,"low",202.9,1.28,1.28,75.7,2.46,578.187,0
"Rainbow",2010-06-04,2010,155,28.6,0,"low",58.6,0,1.28,66.32,7.97,578.22,0
"Rainbow",2010-06-09,2010,160,19.1,0,"low",182.5,0.306,0.306,68.72,8.07,578.131,0
"Rainbow",2010-06-10,2010,161,42.6,0,"low",19.1,0,0.306,82.69,7.01,578.265,0
"Rainbow",2010-06-11,2010,162,23.5,0,"low",42.6,0,0,79.96,3.83,578.175,0
"Rainbow",2010-06-16,2010,167,392.8,1,"exceed",106.9,0.572,0.712,77.6,0.73,578.43,0
"Rainbow",2010-06-17,2010,168,20.1,0,"low",392.8,0,0.572,80.27,4.71,578.48,0
"Rainbow",2010-06-18,2010,169,2.5,0,"low",20.1,0,0,76.04,4.95,578.355,0
"Rainbow",2010-06-23,2010,174,2419.6,1,"exceed",22.2,0.912,1.289,85.99,6.62,578.446,0
"Rainbow",2010-06-24,2010,175,422.4,1,"exceed",2419.6,1.276,2.188,86.76,8.43,578.17,0
"Rainbow",2010-06-25,2010,176,15.2,0,"low",422.4,0.127,1.403,75.31,1.59,578.34,0
"Rainbow",2010-06-30,2010,181,86.5,0,"low",207.2,0,1.28,69.58,7.89,578.385,0
"Rainbow",2010-07-01,2010,182,24.4,0,"low",86.5,0,0,69.84,4.45,578.399,0
"Rainbow",2010-07-02,2010,183,8.7,0,"low",24.4,0,0,73.15,5.89,578.397,0
"Rainbow",2010-07-08,2010,189,126.5,0,"moderate",165.4,0.116,0.146,90.19,3.27,578.271,0
"Rainbow",2010-07-09,2010,190,344.4,1,"exceed",126.5,0.263,0.378,78.78,1,578.34,0
"Rainbow",2010-07-14,2010,195,29.3,0,"low",36.2,0.073,0.088,79.49,4.86,578.445,0
"Rainbow",2010-07-15,2010,196,2419.6,1,"exceed",29.3,0,0.073,88.79,7.67,578.348,0
"Rainbow",2010-07-16,2010,197,210.5,0,"moderate",2419.6,0,0,90.87,6.23,578.358,0
"Rainbow",2010-07-21,2010,202,4.7,0,"low",82.3,0,0,81.92,5.69,578.354,0
"Rainbow",2010-07-22,2010,203,8.9,0,"low",4.7,0,0,81.96,0.32,578.33,0
"Rainbow",2010-07-23,2010,204,32.9,0,"low",8.9,1.56,1.56,87.64,7.73,578.234,0
"Rainbow",2010-07-28,2010,209,17.1,0,"low",464.7,0,0,86.65,5.26,578.336,0
"Rainbow",2010-07-29,2010,210,179.8,0,"moderate",17.1,0,0,89.05,4.65,578.268,0
"Rainbow",2010-07-30,2010,211,202.6,0,"moderate",179.8,0,0,77.66,5.42,578.413,0
"Rainbow",2010-08-04,2010,216,154.8,0,"moderate",1546,1.292,1.364,82.14,2.73,578.278,0
"Rainbow",2010-08-05,2010,217,122.6,0,"low",154.8,0.57,1.862,79.27,2.73,578.327,0
"Rainbow",2010-08-06,2010,218,2419.6,1,"exceed",122.6,0,0.57,84.68,7.04,578.252,0
"Rainbow",2010-08-07,2010,219,127.3,0,"moderate",2419.6,0,0,77.46,1.55,578.307,0
"Rainbow",2010-08-11,2010,223,46,0,"low",212,0,0,81.65,3.84,578.372,0
"Rainbow",2010-08-12,2010,224,34.8,0,"low",46,0,0,90.1,3.43,578.417,0
"Rainbow",2010-08-13,2010,225,49.5,0,"low",34.8,0,0,83.62,2.96,578.441,0
"Rainbow",2010-08-18,2010,230,5.5,0,"low",2192.3,0.016,0.016,75.53,2.35,578.056,0
"Rainbow",2010-08-19,2010,231,354.3,1,"exceed",5.5,0.07,0.086,79.12,2.33,578.04,0
"Rainbow",2010-08-20,2010,232,902.3,1,"exceed",354.3,0,0.07,86.41,4.02,578.133,0
"Rainbow",2010-08-25,2010,237,170,0,"moderate",62.8,0,0,76.91,4.54,578.324,0
"Rainbow",2010-08-26,2010,238,25.9,0,"low",170,0,0,75.63,8.41,578.394,0
"Rainbow",2010-08-27,2010,239,9.4,0,"low",25.9,0,0,73.72,4.03,578.22,0
"Rainbow",2010-09-01,2010,244,131.8,0,"moderate",48.4,0,0,90.27,11.35,577.888,0
"Rainbow",2010-09-02,2010,245,946.7,1,"exceed",131.8,0.173,0.173,80.74,4.96,578.083,0
"Rainbow",2010-09-03,2010,246,163.8,0,"moderate",946.7,0.636,0.809,81.89,6.91,578.112,0
"Rainbow",2011-06-02,2011,153,398.8,1,"exceed",11.3,0,0,81.71,9.51,577.848,0
"Rainbow",2011-06-03,2011,154,79.2,0,"low",398.8,0,0,71.05,6.3,578.122,0
"Rainbow",2011-06-08,2011,159,28.2,0,"low",12.8,0,0,95.57,9.01,578.207,0
"Rainbow",2011-06-09,2011,160,158.3,0,"moderate",28.2,0,0,94.07,10.59,578.026,0
"Rainbow",2011-06-10,2011,161,58.1,0,"low",158.3,2.781,2.781,74.57,5.8,578.433,0
"Rainbow",2011-06-14,2011,165,95.3,0,"low",7,0,0,63.47,6.38,578.269,0
"Rainbow",2011-06-15,2011,166,94.2,0,"low",95.3,0.055,0.055,69.39,6.15,578.393,0
"Rainbow",2011-06-16,2011,167,25.8,0,"low",94.2,0.535,0.59,69.37,9.17,578.392,0
"Rainbow",2011-06-17,2011,168,18.1,0,"low",25.8,0.1,0.635,79.31,3.93,578.404,0
"Rainbow",2011-06-22,2011,173,35.7,0,"low",20.3,0.08,0.525,87.74,11.78,578.507,0
"Rainbow",2011-06-23,2011,174,48.8,0,"low",35.7,0.02,0.1,73.29,11.83,578.479,0
"Rainbow",2011-06-24,2011,175,28.1,0,"low",48.8,0.05,0.07,71.14,10.18,578.452,0
"Rainbow",2011-06-29,2011,180,70.8,0,"low",972.1,0,0.1,76.72,3.37,578.418,0
"Rainbow",2011-06-30,2011,181,120.7,0,"low",70.8,0,0,74.38,2.77,578.346,0
"Rainbow",2011-07-01,2011,182,707.5,1,"exceed",120.7,0.304,0.304,85.51,6.14,578.499,0
"Rainbow",2011-07-02,2011,183,4.4,0,"low",707.5,0.254,0.558,82.27,10.11,578.269,0
"Rainbow",2011-07-07,2011,188,723.7,1,"exceed",138.8,0,0,81.42,5.43,578.427,0
"Rainbow",2011-07-08,2011,189,34.7,0,"low",723.7,0.07,0.07,72.89,4.65,578.479,0
"Rainbow",2011-07-13,2011,194,406.4,1,"exceed",97.4,0.01,0.13,81.8,4.52,578.425,0
"Rainbow",2011-07-14,2011,195,65.3,0,"low",406.4,0,0.01,71.92,11.46,578.567,0
"Rainbow",2011-07-15,2011,196,41.6,0,"low",65.3,0,0,75.39,6.29,578.524,0
"Rainbow",2011-07-20,2011,201,653.8,1,"exceed",1420.8,0,0,83.12,2.98,578.506,0
"Rainbow",2011-07-21,2011,202,27.7,0,"low",653.8,0,0,97.98,5.93,578.262,0
"Rainbow",2011-07-22,2011,203,851.9,1,"exceed",27.7,0.01,0.01,98.7,3.54,578.262,0
"Rainbow",2011-07-23,2011,204,81.6,0,"low",851.9,0.689,0.699,88.46,3.48,578.352,0
"Rainbow",2011-07-24,2011,205,242.7,1,"exceed",81.6,0.16,0.849,81.72,0.93,578.388,0
"Rainbow",2011-07-25,2011,206,103.5,0,"low",242.7,0.219,0.379,83.48,1.11,578.48,0
"Rainbow",2011-07-26,2011,207,25.5,0,"low",103.5,0.02,0.239,76.71,3.23,578.434,1
"Rainbow",2011-07-27,2011,208,65.2,0,"low",25.5,0.01,0.03,78.39,4.3,578.367,0
"Rainbow",2011-07-28,2011,209,101.8,0,"low",65.2,0,0.01,89.2,5.93,578.342,0
"Rainbow",2011-07-29,2011,210,157.1,0,"moderate",101.8,0.557,0.557,83.25,3.1,578.504,0
"Rainbow",2011-08-03,2011,215,529.7,1,"exceed",39.1,0.28,0.28,91.15,7.22,578.36,0
"Rainbow",2011-08-04,2011,216,179.3,0,"moderate",529.7,0,0.28,79.35,7.84,578.64,0
"Rainbow",2011-08-05,2011,217,304.6,1,"exceed",179.3,0,0,77.37,6.19,578.494,0
"Rainbow",2011-08-06,2011,218,209.6,0,"moderate",304.6,0,0,78.85,5.22,578.483,0
"Rainbow",2011-08-10,2011,222,600.6,1,"exceed",50.8,0.01,0.26,81.57,7.95,578.409,0
"Rainbow",2011-08-11,2011,223,38.4,0,"low",600.6,0,0.01,73.29,4.38,578.37,0
"Rainbow",2011-08-12,2011,224,34,0,"low",38.4,0,0,76.76,1.54,578.252,0
"Rainbow",2011-08-17,2011,229,126.9,0,"moderate",214.8,0,0,79.78,2.28,578.422,0
"Rainbow",2011-08-18,2011,230,2047.7,1,"exceed",126.9,0,0,82.76,5.78,578.338,0
"Rainbow",2011-08-19,2011,231,131.1,0,"moderate",2047.7,0,0,77.47,3.67,578.409,0
"Rainbow",2011-08-24,2011,236,142.8,0,"moderate",246.1,0.301,0.301,76.9,9.05,577.898,0
"Rainbow",2011-08-25,2011,237,419,1,"exceed",142.8,0,0.301,91.02,8.29,578.087,0
"Rainbow",2011-08-26,2011,238,41.8,0,"low",419,0,0,75.26,5.62,578.259,0
"Rainbow",2011-08-31,2011,243,158.5,0,"moderate",135.9,0.01,0.01,78.38,6.29,578.113,0
"Rainbow",2011-09-01,2011,244,42.7,0,"low",158.5,0.06,0.07,87.76,5.9,578.181,0
"Rainbow",2011-09-02,2011,245,27.8,0,"low",42.7,0,0.06,92.43,4.92,578.263,0
"Rainbow",2012-05-24,2012,145,12.6,0,"low",595.9,0,0.012,71.04,3.78,577.847,0
"Rainbow",2012-05-25,2012,146,1203.3,1,"exceed",12.6,0,0,85.84,14.59,577.695,0
"Rainbow",2012-05-26,2012,147,1047.8,1,"exceed",1203.3,0,0,77.66,2.45,577.686,0
"Rainbow",2012-05-27,2012,148,11.2,0,"low",1047.8,0,0,72.59,7.23,577.856,0
"Rainbow",2012-05-31,2012,152,126.9,0,"moderate",29.6,0,0.006,68.21,6.01,577.868,0
"Rainbow",2012-06-01,2012,153,302.5,1,"exceed",126.9,0.563,0.563,54.75,12.57,577.991,0
"Rainbow",2012-06-02,2012,154,189.6,0,"moderate",302.5,0.071,0.634,57.69,10.78,578.112,0
"Rainbow",2012-06-06,2012,158,51,0,"low",102.1,0,0,62.95,8.75,578.029,0
"Rainbow",2012-06-07,2012,159,174.6,0,"moderate",51,0,0,67.47,6.41,577.873,0
"Rainbow",2012-06-08,2012,160,26,0,"low",174.6,0,0,70.28,3.13,577.767,0
"Rainbow",2012-06-13,2012,165,111.5,0,"low",410.4,0,0.029,76.81,6.31,577.847,0
"Rainbow",2012-06-14,2012,166,48.2,0,"low",111.5,0,0,66.58,7.31,577.781,0
"Rainbow",2012-06-15,2012,167,10.6,0,"low",48.2,0,0,76.45,6.11,577.847,0
"Rainbow",2012-06-20,2012,172,12.6,0,"low",102.4,0,0,89.54,13.21,577.656,0
"Rainbow",2012-06-21,2012,173,186.8,0,"moderate",12.6,0,0,89.5,12.45,577.635,0
"Rainbow",2012-06-22,2012,174,91.6,0,"low",186.8,0.034,0.034,81.3,5.23,577.678,0
"Rainbow",2012-06-27,2012,179,14,0,"low",67.7,0,0,72.76,6.19,577.866,0
"Rainbow",2012-06-28,2012,180,336.3,1,"exceed",14,0,0,87.45,10.28,577.697,0
"Rainbow",2012-06-29,2012,181,1367.1,1,"exceed",336.3,0.108,0.108,98.9,6.35,577.777,0
"Rainbow",2012-06-30,2012,182,579.1,1,"exceed",1367.1,0.477,0.585,84.46,2.46,577.622,0
"Rainbow",2012-07-01,2012,183,40.9,0,"low",579.1,0.489,0.966,87.67,4.84,577.713,0
"Rainbow",2012-07-02,2012,184,91,0,"low",40.9,0.43,0.918,82.18,1.92,577.805,0
"Rainbow",2012-07-03,2012,185,39.9,0,"low",91,0,0.43,92.76,2.85,577.769,0
"Rainbow",2012-07-07,2012,189,1326.4,1,"exceed",262.7,0,0,90.17,1.6,577.785,0
"Rainbow",2012-07-08,2012,190,198.4,0,"moderate",1326.4,0,0,91.8,6.65,577.941,0
"Rainbow",2012-07-09,2012,191,65.9,0,"low",198.4,0.086,0.086,77.04,12.59,577.964,0
"Rainbow",2012-07-10,2012,192,117.4,0,"low",65.9,0,0.086,79.42,4.76,577.932,0
"Rainbow",2012-07-11,2012,193,50.5,0,"low",117.4,0,0,76.18,10.59,577.973,0
"Rainbow",2012-07-12,2012,194,95.3,0,"low",50.5,0,0,79.17,6.37,577.899,0
"Rainbow",2012-07-13,2012,195,22.7,0,"low",95.3,0,0,82.94,5.99,577.818,0
"Rainbow",2012-07-18,2012,200,708.5,1,"exceed",108,0,0,98,7.17,577.557,0
"Rainbow",2012-07-19,2012,201,230.5,0,"moderate",708.5,0.008,0.008,83.37,5.86,577.851,0
"Rainbow",2012-07-20,2012,202,55,0,"low",230.5,1.025,1.033,79.5,3.27,578.002,0
"Rainbow",2012-07-25,2012,207,56.5,0,"low",1546,0.228,0.239,87.59,5.31,577.691,0
"Rainbow",2012-07-26,2012,208,217.1,0,"moderate",56.5,0.004,0.232,97.9,7.8,577.568,0
"Rainbow",2012-07-27,2012,209,118.9,0,"low",217.1,0.09,0.094,88.53,6.18,577.626,0
"Rainbow",2012-08-01,2012,214,30.5,0,"low",120.8,0.511,0.511,81.35,4.19,577.69,0
"Rainbow",2012-08-02,2012,215,37.9,0,"low",30.5,0,0.511,80.79,5.22,577.611,0
"Rainbow",2012-08-03,2012,216,26.2,0,"low",37.9,0,0,86.27,3.21,577.487,0
"Rainbow",2012-08-08,2012,221,387.9,1,"exceed",21.7,0,0,91.01,5.91,577.429,0
"Rainbow",2012-08-09,2012,222,283,1,"exceed",387.9,0.03,0.03,80.38,7.5,577.633,0
"Rainbow",2012-08-10,2012,223,338.2,1,"exceed",283,0.004,0.035,74.07,8.14,577.712,0
"Rainbow",2012-08-11,2012,224,22.2,0,"low",338.2,0.312,0.316,72.33,14.87,578.254,0
"Rainbow",2012-08-15,2012,228,446.7,1,"exceed",567.2,0.059,0.328,75.64,0.9,577.66,0
"Rainbow",2012-08-16,2012,229,434.7,1,"exceed",446.7,0,0.059,84.28,5.04,577.546,0
"Rainbow",2012-08-17,2012,230,144.4,0,"moderate",434.7,0.244,0.244,75.41,6.97,577.427,0
"Rainbow",2012-08-22,2012,235,27.2,0,"low",139,0,0.35,73.14,2.27,577.366,0
"Rainbow",2012-08-23,2012,236,205.6,0,"moderate",27.2,0,0,78.52,3.97,577.252,0
"Rainbow",2012-08-24,2012,237,91,0,"low",205.6,0,0,87.77,7.11,577.205,0
"Rainbow",2012-08-29,2012,242,31.8,0,"low",106.3,0,0.008,77.29,4.51,577.305,0
"Rainbow",2012-08-30,2012,243,43.4,0,"low",31.8,0,0,76.73,5.55,577.268,0
"Rainbow",2012-08-31,2012,244,1047.8,1,"exceed",43.4,0,0,87.98,9.11,576.952,0
"Rainbow",2012-09-01,2012,245,214.2,0,"moderate",1047.8,0,0,90.03,6.83,577.051,0
"Rainbow",2013-05-23,2013,143,731,1,"exceed",23.8,0.291,0.587,72.15,5.94,577.623,0
"Rainbow",2013-05-24,2013,144,59,0,"low",731,0.058,0.349,54.52,18.51,578.166,0
"Rainbow",2013-05-30,2013,150,40.3,0,"low",11.5,0.032,1.141,81.22,5.93,577.632,0
"Rainbow",2013-05-31,2013,151,15.7,0,"low",40.3,0.364,0.396,81.7,13.63,577.582,0
"Rainbow",2013-06-05,2013,156,63.8,0,"low",82.4,0,0,63.64,3.77,577.762,0
"Rainbow",2013-06-06,2013,157,62.3,0,"low",63.8,0,0,67.89,4.77,577.928,0
"Rainbow",2013-06-07,2013,158,33,0,"low",62.3,0.06,0.06,59.12,8.72,577.971,0
"Rainbow",2013-06-12,2013,163,868.7,1,"exceed",34.5,0.308,0.458,79.86,1.17,577.747,0
"Rainbow",2013-06-13,2013,164,199.5,0,"moderate",868.7,0.734,1.042,82.12,1.07,577.887,0
"Rainbow",2013-06-14,2013,165,37.1,0,"low",199.5,0.064,0.797,64.01,11.54,578.018,0
"Rainbow",2013-06-19,2013,170,6.9,0,"low",97.5,0,0.059,62.9,12.39,578.197,0
"Rainbow",2013-06-20,2013,171,6,0,"low",6.9,0,0,67.64,6.11,577.927,0
"Rainbow",2013-06-21,2013,172,7.3,0,"low",6,0,0,77.92,5.45,577.877,0
"Rainbow",2013-06-26,2013,177,346.5,1,"exceed",1481.9,0.004,0.17,85.16,4.67,577.835,0
"Rainbow",2013-06-27,2013,178,40.4,0,"low",346.5,0.174,0.178,79.93,3.53,577.893,0
"Rainbow",2013-06-28,2013,179,24.9,0,"low",40.4,0.716,0.89,88.72,2.08,577.911,0
"Rainbow",2013-07-03,2013,184,11.7,0,"low",8.9,0,0,65.27,11.26,578.215,0
"Rainbow",2013-07-10,2013,191,81.5,0,"low",421.7,0.006,0.267,83.34,5.63,577.957,0
"Rainbow",2013-07-11,2013,192,134.4,0,"moderate",81.5,0,0.006,80.07,3.2,577.85,0
"Rainbow",2013-07-12,2013,193,234.6,0,"moderate",134.4,0,0,74.05,4.36,577.914,0
"Rainbow",2013-07-17,2013,198,59.9,0,"low",15,0.006,0.018,90.18,5.35,577.91,0
"Rainbow",2013-07-18,2013,199,77.1,0,"low",59.9,0,0.006,89.17,1.79,577.791,0
"Rainbow",2013-07-19,2013,200,17.6,0,"low",77.1,0,0,92.75,6.17,577.741,0
"Rainbow",2013-07-24,2013,205,102.9,0,"low",80,0.025,0.025,78.87,7.83,578.108,0
"Rainbow",2013-07-25,2013,206,67,0,"low",102.9,0,0.025,68.5,10.98,577.943,0
"Rainbow",2013-07-26,2013,207,32.6,0,"low",67,0,0,74.7,2.19,577.821,0
"Rainbow",2013-07-31,2013,212,47,0,"low",20,0.004,0.004,72.55,4.95,577.825,0
"Rainbow",2013-08-01,2013,213,50.8,0,"low",47,0.135,0.139,72.78,0.93,577.864,0
"Rainbow",2013-08-02,2013,214,651.6,1,"exceed",50.8,0.004,0.139,77.87,2.41,577.818,0
"Rainbow",2013-08-03,2013,215,164.7,0,"moderate",651.6,0.744,0.748,82.89,3.88,577.869,0
"Rainbow",2013-08-07,2013,219,381.1,1,"exceed",244.2,0,0.012,80.86,7.34,577.758,0
"Rainbow",2013-08-08,2013,220,351,1,"exceed",381.1,0.01,0.01,85.29,2.64,577.949,0
"Rainbow",2013-08-09,2013,221,57.5,0,"low",351,0,0.01,72.52,9.62,577.943,0
"Rainbow",2013-08-14,2013,226,80.6,0,"low",1128.7,0,0.441,70.52,11.51,578.078,0
"Rainbow",2013-08-15,2013,227,39.9,0,"low",80.6,0,0,66.09,6.03,577.859,0
"Rainbow",2013-08-16,2013,228,18,0,"low",39.9,0,0,73.14,3.02,577.698,0
"Rainbow",2013-08-21,2013,233,97.3,0,"low",307,0,0,85.15,5.56,577.648,0
"Rainbow",2013-08-22,2013,234,918.5,1,"exceed",97.3,0.018,0.018,87.67,7.88,577.654,0
"Rainbow",2013-08-23,2013,235,92,0,"low",918.5,0.183,0.201,77.49,2.57,577.695,0
"Rainbow",2013-08-28,2013,240,793.5,1,"exceed",31.7,0,0,92.2,9.72,577.68,0
"Rainbow",2013-08-29,2013,241,11,0,"low",793.5,0,0,84.31,6.05,577.875,0
"Rainbow",2013-08-30,2013,242,139.8,0,"moderate",11,0,0,78.01,3.34,577.822,0
"Rainbow",2013-08-31,2013,243,164.2,0,"moderate",139.8,0.143,0.143,94.07,5.47,577.794,0
"Rainbow",2013-09-11,2013,254,20,0,"low",11.5,0,0,94.01,9.35,577.666,0
"Rainbow",2013-09-12,2013,255,7.8,0,"low",20,0,0,90.8,3.44,577.76,0
"Rainbow",2014-05-22,2014,142,460.7,1,"exceed",65,0.004,0.84,79.41,1.52,578.717,0
"Rainbow",2014-05-23,2014,143,78.4,0,"low",460.7,0,0.004,62.91,5.67,578.625,0
"Rainbow",2014-05-29,2014,149,91.9,0,"low",210.5,0.236,0.383,60.28,7.78,578.878,0
"Rainbow",2014-05-30,2014,150,76.9,0,"low",91.9,0,0.236,62.5,8.03,578.922,0
"Rainbow",2014-06-04,2014,155,314.1,1,"exceed",99.5,0,0.105,77.17,2.53,578.649,0
"Rainbow",2014-06-05,2014,156,108.7,0,"low",314.1,0.127,0.127,68.57,5.53,578.836,0
"Rainbow",2014-06-06,2014,157,52.2,0,"low",108.7,0,0.127,66.04,5.48,578.784,0
"Rainbow",2014-06-11,2014,162,85.5,0,"low",30.2,0.2,0.2,60.07,8.29,579.007,0
"Rainbow",2014-06-12,2014,163,4.5,0,"low",85.5,0.074,0.273,66.19,3.3,579.091,0
"Rainbow",2014-06-13,2014,164,2.8,0,"low",4.5,0.008,0.081,80.24,6.48,578.845,0
"Rainbow",2014-06-18,2014,169,16.6,0,"low",15,0,0,87.93,8.84,578.796,0
"Rainbow",2014-06-19,2014,170,1,0,"low",16.6,0.205,0.205,81.39,3.23,579.096,0
"Rainbow",2014-06-20,2014,171,13.6,0,"low",1,0.306,0.511,71.48,4.5,579.167,0
"Rainbow",2014-06-25,2014,176,249.6,1,"exceed",6.3,0.351,0.43,78.48,1.09,579.042,0
"Rainbow",2014-06-26,2014,177,1.7,0,"low",249.6,0.016,0.367,68.8,5.93,579.183,0
"Rainbow",2014-06-27,2014,178,62.7,0,"low",1.7,0,0.016,64.53,5.26,579.117,0
"Rainbow",2014-07-02,2014,183,205.1,0,"moderate",19,0.074,0.667,80.88,9.22,578.823,1
"Rainbow",2014-07-03,2014,184,283,1,"exceed",205.1,0.065,0.139,73.15,4.33,578.957,0
"Rainbow",2014-07-04,2014,185,21,0,"low",283,0.04,0.104,67.89,2.47,579.039,0
"Rainbow",2014-07-09,2014,190,307.4,1,"exceed",563,0.335,0.609,80.96,8.68,579.037,0
"Rainbow",2014-07-10,2014,191,88.7,0,"low",307.4,0,0.335,71.28,3.44,579.036,0
"Rainbow",2014-07-11,2014,192,10,0,"low",88.7,0,0,70.9,5.13,579.09,0
"Rainbow",2014-07-16,2014,197,36.5,0,"low",1855.2,0.016,0.186,68.02,7.33,579.219,0
"Rainbow",2014-07-17,2014,198,16.5,0,"low",36.5,0.004,0.019,66.15,3.59,579.122,0
"Rainbow",2014-07-18,2014,199,42.7,0,"low",16.5,0,0.004,71.68,2.69,579.121,0
"Rainbow",2014-07-23,2014,204,188,0,"moderate",7.9,0,0,87.23,10.01,578.974,0
"Rainbow",2014-07-24,2014,205,45.9,0,"low",188,0.068,0.068,74.2,14.79,579.474,0
"Rainbow",2014-07-25,2014,206,387.4,1,"exceed",45.9,0,0.068,68.36,6.95,579.242,0
"Rainbow",2014-07-26,2014,207,24.4,0,"low",387.4,0,0,73.28,7.53,579.039,0
"Rainbow",2014-07-30,2014,211,94.9,0,"low",793.5,0,0,73.07,1.18,579.144,0
"Rainbow",2014-07-31,2014,212,548,1,"exceed",94.9,0,0,69.78,2.37,579.143,0
"Rainbow",2014-08-01,2014,213,7.5,0,"low",548,0.027,0.027,82.56,6.17,579.062,0
"Rainbow",2014-08-06,2014,218,450.6,1,"exceed",39.7,0.293,0.592,73.52,3.05,579.265,0
"Rainbow",2014-08-07,2014,219,82.2,0,"low",450.6,0,0.293,72.65,5.89,579.249,0
"Rainbow",2014-08-08,2014,220,146,0,"moderate",82.2,0,0,75.09,6.68,579.216,0
"Rainbow",2014-08-13,2014,225,501.9,1,"exceed",299.4,0.041,0.897,69.46,7.2,579.486,0
"Rainbow",2014-08-14,2014,226,41.8,0,"low",501.9,0.016,0.058,78.82,1.88,579.225,0
"Rainbow",2014-08-15,2014,227,32,0,"low",41.8,0,0.016,67.33,7.96,579.275,0
"Rainbow",2014-08-20,2014,232,103.4,0,"low",31.2,0.083,0.083,82.6,8.84,579.32,0
"Rainbow",2014-08-21,2014,233,158.1,0,"moderate",103.4,0,0.083,85.11,6.16,579.33,0
"Rainbow",2014-08-22,2014,234,35.7,0,"low",158.1,0.649,0.649,78.21,4.29,579.35,0
"Rainbow",2014-08-27,2014,239,190.1,0,"moderate",271.7,0.041,0.829,79.33,0.27,579.28,0
"Rainbow",2014-08-28,2014,240,447.8,1,"exceed",190.1,0,0.041,73.91,6.33,579.262,0
"Rainbow",2014-08-29,2014,241,86.5,0,"low",447.8,0.008,0.008,73.12,7.69,579.322,0
"Rainbow",2014-09-04,2014,247,40.6,0,"low",21.9,0,0,81.86,4.87,579.106,0
"Rainbow",2014-09-05,2014,248,36.7,0,"low",40.6,0.065,0.065,84.13,10.26,578.948,0
"Rainbow",2015-05-21,2015,141,35.5,0,"low",1128.7,0.013,0.013,45.35,8.45,579.495,0
"Rainbow",2015-05-22,2015,142,11.2,0,"low",35.5,0,0.013,67.58,5.7,579.462,0
"Rainbow",2015-05-28,2015,148,24.5,0,"low",8.1,0.023,0.19,75.51,7.52,579.525,0
"Rainbow",2015-05-29,2015,149,4,0,"low",24.5,0,0.023,78.16,4.26,579.607,0
"Rainbow",2015-06-03,2015,154,32,0,"low",711.5,0,0,62.71,4.5,579.794,0
"Rainbow",2015-06-04,2015,155,198,0,"moderate",32,0,0,68.54,4.7,579.82,0
"Rainbow",2015-06-05,2015,156,1855.2,1,"exceed",198,0,0,78.84,5.98,579.79,0
"Rainbow",2015-06-06,2015,157,49.3,0,"low",1855.2,0,0,71.78,11.1,579.854,0
"Rainbow",2015-06-10,2015,161,6.7,0,"low",40.1,0,0.173,82.81,5.27,579.718,0
"Rainbow",2015-06-11,2015,162,149.6,0,"moderate",6.7,0.046,0.046,91.09,6.72,579.761,0
"Rainbow",2015-06-12,2015,163,28.9,0,"low",149.6,0.123,0.169,68.34,4.66,579.944,0
"Rainbow",2015-06-17,2015,168,134.6,0,"moderate",182.2,0.021,0.567,71.09,8.56,580.016,1
"Rainbow",2015-06-18,2015,169,28.5,0,"low",134.6,0.081,0.103,63.51,2.86,580.048,0
"Rainbow",2015-06-19,2015,170,41.4,0,"low",28.5,0,0.081,81.71,4.73,580.048,0
"Rainbow",2015-06-24,2015,175,105.2,0,"low",728.6,0,0.022,76.05,3.3,580.017,0
"Rainbow",2015-06-25,2015,176,25.3,0,"low",105.2,0,0,76.23,3.29,579.875,0
"Rainbow",2015-06-26,2015,177,358.5,1,"exceed",25.3,0.202,0.202,78.41,0.2,580.153,0
"Rainbow",2015-06-27,2015,178,93.4,0,"low",358.5,0.411,0.613,64.69,7.77,580.217,0
"Rainbow",2015-07-01,2015,182,106.7,0,"low",20.4,0,0.06,74.48,2.73,580.06,0
"Rainbow",2015-07-02,2015,183,18,0,"low",106.7,0,0,60.49,7.77,580.091,0
"Rainbow",2015-07-08,2015,189,188,0,"moderate",956.8,0.161,0.366,74.5,9.49,580.256,0
"Rainbow",2015-07-09,2015,190,101.4,0,"low",188,0,0.161,64.24,6.21,580.11,0
"Rainbow",2015-07-10,2015,191,32.1,0,"low",101.4,0.022,0.022,66.09,5.62,580.118,0
"Rainbow",2015-07-15,2015,196,366,1,"exceed",39.8,0,0.561,78.87,7.32,580.248,0
"Rainbow",2015-07-16,2015,197,290.5,1,"exceed",366,0,0,68.41,9.09,580.217,0
"Rainbow",2015-07-17,2015,198,162.9,0,"moderate",290.5,0.184,0.184,75.87,5.17,580.058,0
"Rainbow",2015-07-22,2015,203,198.7,0,"moderate",594.6,0,0.003,75.44,5.14,579.976,0
"Rainbow",2015-07-23,2015,204,122.9,0,"low",198.7,0,0,76.59,2.32,579.948,0
"Rainbow",2015-07-24,2015,205,115.7,0,"low",122.9,0,0,78.22,2.5,579.985,0
"Rainbow",2015-07-29,2015,210,87.6,0,"low",241.8,0,0,86.44,4.04,580.004,0
"Rainbow",2015-07-30,2015,211,50.4,0,"low",87.6,0.032,0.032,87.1,5,579.91,0
"Rainbow",2015-07-31,2015,212,105.8,0,"low",50.4,0.027,0.06,87.05,8.18,579.79,0
"Rainbow",2015-08-05,2015,217,26.1,0,"low",213,0,0.596,80.94,1.72,579.96,0
"Rainbow",2015-08-06,2015,218,1020.7,1,"exceed",26.1,0,0,77.08,4.26,580.036,0
"Rainbow",2015-08-07,2015,219,72.6,0,"low",1020.7,0,0,76.6,7.39,580.113,0
"Rainbow",2015-08-12,2015,224,392,1,"exceed",579.6,0,0.18,75.2,5.87,580.042,0
"Rainbow",2015-08-13,2015,225,100.5,0,"low",392,0,0,72.2,4.9,579.88,0
"Rainbow",2015-08-14,2015,226,83.3,0,"low",100.5,0,0,83.19,7.84,579.753,0
"Rainbow",2015-08-19,2015,231,2.8,0,"low",23.5,0.657,0.859,81.06,7.36,579.95,0
"Rainbow",2015-08-20,2015,232,25.8889938004551,0,"low",2.8,0,0.657,76.49,11.91,579.717,0
"Rainbow",2015-08-21,2015,233,11.5,0,"low",25.8889938004551,0,0,73.8,10.66,579.684,0
"Rainbow",2015-08-26,2015,238,36.8,0,"low",401.7,0,0,66.72,3.97,579.697,0
"Rainbow",2015-08-27,2015,239,93.1,0,"low",36.8,0,0,64.52,4.88,579.754,0
"Rainbow",2015-08-28,2015,240,106.5,0,"low",93.1,0,0,69.09,1.83,579.792,0
"Rainbow",2015-09-02,2015,245,285.9,1,"exceed",19.9,0,0,87.15,7.67,579.762,0
"Rainbow",2015-09-03,2015,246,252.5,1,"exceed",285.9,0,0,88.59,5.81,579.77,0
"Rainbow",2015-09-04,2015,247,1756.2,1,"exceed",252.5,0,0,90.23,4.8,579.905,0
"Rainbow",2015-09-05,2015,248,226.5,0,"moderate",1756.2,0,0,75.46,5.33,579.992,0
"Rainbow",2016-06-03,2016,155,148.8,0,"moderate",113.8,0,0.152,77.9,2.91,580.335,0
"Rainbow",2016-06-04,2016,156,2.4,0,"low",148.8,0,0,79.51,4.07,580.347,0
"Rainbow",2016-06-07,2016,159,1675.8,1,"exceed",988.5,0.037,0.123,82.19,7.97,580.213,0
"Rainbow",2016-06-08,2016,160,180.7,0,"moderate",1675.8,0,0.037,61.72,6.4,580.418,0
"Rainbow",2016-06-09,2016,161,37.9,0,"low",180.7,0,0,61.69,3.98,580.28,0
"Rainbow",2016-06-10,2016,162,821.9,1,"exceed",37.9,0.023,0.023,70.27,4.76,580.367,0
"Rainbow",2016-06-11,2016,163,55.6,0,"low",821.9,0,0.023,92.2,5.45,580.387,0
"Rainbow",2016-06-14,2016,166,175,0,"moderate",227.5,0,0,83.91,3.75,580.574,0
"Rainbow",2016-06-15,2016,167,19.2,0,"low",175,0,0,81.05,5.44,580.531,0
"Rainbow",2016-06-16,2016,168,108.5,0,"low",19.2,0.185,0.185,88.08,5.89,580.513,0
"Rainbow",2016-06-17,2016,169,435,1,"exceed",108.5,0,0.185,82.75,9.2,580.684,0
"Rainbow",2016-06-18,2016,170,16,0,"low",435,0,0,72.2,8.65,580.502,0
"Rainbow",2016-06-21,2016,173,124.4,0,"low",85.4,0,0,90.8,8.93,580.242,0
"Rainbow",2016-06-22,2016,174,57.9,0,"low",124.4,0,0,80.9,2.95,580.311,0
"Rainbow",2016-06-23,2016,175,492,1,"exceed",57.9,0.376,0.376,74.4,4.45,580.435,0
"Rainbow",2016-06-24,2016,176,517.3,1,"exceed",492,0,0.376,72.64,6.92,580.579,0
"Rainbow",2016-06-25,2016,177,4.9,0,"low",517.3,0,0,78.62,6.18,580.468,0
"Rainbow",2016-06-28,2016,180,727.3,1,"exceed",16,0,0.083,90.73,4.25,580.343,0
"Rainbow",2016-06-29,2016,181,24.7,0,"low",727.3,0,0,70.44,11.63,580.589,0
"Rainbow",2016-06-30,2016,182,25.7,0,"low",24.7,0,0,74.87,3.26,580.371,0
"Rainbow",2016-07-01,2016,183,312.8,1,"exceed",25.7,0,0,76.9,7.92,580.284,0
"Rainbow",2016-07-07,2016,189,152.7,0,"moderate",621.1,0.97,0.97,87.62,6.17,580.282,0
"Rainbow",2016-07-08,2016,190,1085.8,1,"exceed",152.7,0.048,1.018,82.01,2.77,580.371,0
"Rainbow",2016-07-09,2016,191,159.5,0,"moderate",1085.8,0,0.048,88.22,7.88,580.39,0
"Rainbow",2016-07-12,2016,194,26.5,0,"low",8.4,0,0,88.42,11.06,580.358,0
"Rainbow",2016-07-13,2016,195,64,0,"low",26.5,0,0,88.33,10.99,580.23,0
"Rainbow",2016-07-14,2016,196,792.7,1,"exceed",64,0.201,0.201,83.34,8.02,580.112,0
"Rainbow",2016-07-15,2016,197,2420,1,"exceed",792.7,0,0.201,86.19,11,580.105,0
"Rainbow",2016-07-16,2016,198,104.5,0,"low",2420,0.008,0.008,74.64,5.46,580.328,0
"Rainbow",2016-07-19,2016,201,126,0,"low",92.4,0.396,0.575,78.08,0.72,580.249,0
"Rainbow",2016-07-20,2016,202,1640.5,1,"exceed",126,0,0.396,80.39,2.55,580.308,0
"Rainbow",2016-07-21,2016,203,75.3,0,"low",1640.5,0,0,85.49,3.99,580.289,0
"Rainbow",2016-07-22,2016,204,146.5,0,"moderate",75.3,0.577,0.577,88.33,5.5,580.039,0
"Rainbow",2016-07-26,2016,208,122.1,0,"low",63.6,0,0.318,82.37,0.55,580.19,0
"Rainbow",2016-07-27,2016,209,50.5,0,"low",122.1,0,0,83.22,3.48,580.223,0
"Rainbow",2016-07-28,2016,210,171.9,0,"moderate",50.5,0,0,85.46,2.19,580.259,0
"Rainbow",2016-07-29,2016,211,161.4,0,"moderate",171.9,0.031,0.031,80.16,2.18,580.394,0
"Rainbow",2016-08-02,2016,215,24.8,0,"low",48.1,0,0,78,5.65,580.413,0
"Rainbow",2016-08-03,2016,216,29,0,"low",24.8,0,0,80.58,4.75,580.397,0
"Rainbow",2016-08-04,2016,217,160.9,0,"moderate",29,0,0,86.18,3.88,580.364,0
"Rainbow",2016-08-05,2016,218,88.9,0,"low",160.9,0,0,89.56,5.31,580.276,0
"Rainbow",2016-08-09,2016,222,28.9,0,"low",194.7,0,0,79.64,9.49,580.318,0
"Rainbow",2016-08-10,2016,223,13.3,0,"low",28.9,0,0,82.49,4.31,580.18,0
"Rainbow",2016-08-11,2016,224,51.2,0,"low",13.3,0,0,82.72,3.42,580.164,0
"Rainbow",2016-08-12,2016,225,73.3,0,"low",51.2,0,0,90.34,8.75,580.105,0
"Rainbow",2016-08-16,2016,229,323.4,1,"exceed",77.4,0.229,0.229,74.57,6.29,580.335,0
"Rainbow",2016-08-17,2016,230,57.5,0,"low",323.4,0.045,0.273,80.35,1.77,580.308,0
"Rainbow",2016-08-18,2016,231,2.2,0,"low",57.5,0.022,0.066,85.49,4.95,580.249,0
"Rainbow",2016-08-19,2016,232,87.6,0,"low",2.2,0.26,0.281,83.25,6.99,580.213,0
"Rainbow",2016-08-23,2016,236,22.8,0,"low",64.2,0,0,77.02,4.11,580.135,0
"Rainbow",2016-08-24,2016,237,9.9,0,"low",22.8,0,0,79.41,9.77,579.918,0
"Rainbow",2016-08-30,2016,243,345,1,"exceed",275.6,0,0,81.67,4.55,580.226,0
"Rainbow",2016-08-31,2016,244,1646.3,1,"exceed",345,0.047,0.047,83.57,1.07,580.223,0
"Rainbow",2016-09-01,2016,245,67.9,0,"low",1646.3,0,0.047,74.39,10.4,580.489,0
"Rainbow",2016-09-02,2016,246,69.5,0,"low",67.9,0,0,71.42,11.55,580.577,0
"Rogers",2006-05-25,2006,145,2.5,0,"low",1.7,0.358,0.358,77.53,11.47,577.846,0
"Rogers",2006-05-26,2006,146,12,0,"low",2.5,0.207,0.565,73.24,9.95,577.922,0
"Rogers",2006-06-01,2006,152,23.9,0,"low",8.3,0,0.43,73.2,6.69,578.078,0
"Rogers",2006-06-02,2006,153,2.4,0,"low",23.9,0,0,73.12,7.49,578.091,0
"Rogers",2006-06-07,2006,158,376.6,1,"exceed",34.2,0,0,81.76,10.3,577.94,0
"Rogers",2006-06-08,2006,159,1,0,"low",376.6,0,0,78.59,4.42,578.118,0
"Rogers",2006-06-09,2006,160,1,0,"low",1,0,0,80.07,5.48,578.066,0
"Rogers",2006-06-14,2006,165,21.4,0,"low",1,0,0,70.64,5.31,578.077,0
"Rogers",2006-06-15,2006,166,6.9,0,"low",21.4,0.007,0.007,77.73,7.03,578.113,0
"Rogers",2006-06-16,2006,167,19.9,0,"low",6.9,0,0.007,86.15,4.57,578.093,0
"Rogers",2006-06-21,2006,172,502.6,1,"exceed",79.1,0,0,80.16,3.55,578.005,0
"Rogers",2006-06-22,2006,173,92,0,"low",502.6,0.05,0.05,86,8.73,577.913,0
"Rogers",2006-06-23,2006,174,17.2,0,"low",92,0.152,0.201,80.34,3.95,578.022,0
"Rogers",2006-06-28,2006,179,3.8,0,"low",110.8,0.004,0.856,77.29,4.67,578.035,0
"Rogers",2006-06-29,2006,180,2.1,0,"low",3.8,0.419,0.422,75.53,6.06,578.013,0
"Rogers",2006-06-30,2006,181,63.6,0,"low",2.1,0,0.419,77.1,3.3,577.952,0
"Rogers",2006-07-12,2006,193,11.9,0,"low",6,0.182,0.238,74.17,5.28,578.091,0
"Rogers",2006-07-13,2006,194,35.4,0,"low",11.9,0.003,0.185,75.36,10.84,578.161,0
"Rogers",2006-07-14,2006,195,19.9,0,"low",35.4,0,0.003,81.15,6.07,578.034,0
"Rogers",2006-07-19,2006,200,36,0,"low",10.4,0.034,0.215,80.48,12.3,578.065,0
"Rogers",2006-07-20,2006,201,31.4,0,"low",36,0.004,0.037,87.57,6.71,578.016,0
"Rogers",2006-07-21,2006,202,97.3,0,"low",31.4,0.841,0.845,80.38,3.04,577.928,0
"Rogers",2006-07-26,2006,207,12,0,"low",18.2,0,0.004,89.33,10.84,577.764,0
"Rogers",2006-07-27,2006,208,4.9,0,"low",12,0.06,0.06,84.14,9.75,577.861,0
"Rogers",2006-07-28,2006,209,34.7,0,"low",4.9,0.006,0.065,85.83,4.23,577.947,0
"Rogers",2006-08-02,2006,214,37.9,0,"low",61,0.049,0.049,97.06,10.86,577.792,0
"Rogers",2006-08-03,2006,215,112.4,0,"low",37.9,0.252,0.301,95.95,11.89,577.893,0
"Rogers",2006-08-04,2006,216,12.5,0,"low",112.4,0.372,0.625,80.72,4.01,578.06,0
"Rogers",2006-08-09,2006,221,12.7,0,"low",83.9,0,0,79.48,9.3,578.109,0
"Rogers",2006-08-10,2006,222,14.6,0,"low",12.7,0.032,0.032,82.48,5.18,577.977,0
"Rogers",2006-08-11,2006,223,156,0,"moderate",14.6,0.132,0.164,76.87,6.02,578.171,0
"Rogers",2006-08-16,2006,228,8.5,0,"low",4.6,0,0,80.78,2.61,577.826,0
"Rogers",2006-08-17,2006,229,18.4,0,"low",8.5,0,0,80.64,5.78,577.919,0
"Rogers",2006-08-18,2006,230,11.9,0,"low",18.4,0.081,0.081,82.58,5.08,577.95,0
"Rogers",2006-08-23,2006,235,19.6,0,"low",6.9,0,0,83.67,2.71,577.883,0
"Rogers",2006-08-24,2006,236,65.9,0,"low",19.6,0,0,86.71,4.25,577.925,0
"Rogers",2006-08-25,2006,237,33.9,0,"low",65.9,0.698,0.698,82.53,7.19,577.945,0
"Rogers",2006-08-30,2006,242,100,0,"low",151.3,0.065,0.545,68.82,8.48,578.246,0
"Rogers",2006-08-31,2006,243,71.5,0,"low",100,0.009,0.074,72.15,10.35,578.4,0
"Rogers",2006-09-01,2006,244,148.9,0,"moderate",71.5,0,0.009,72.68,11.63,578.358,0
"Rogers",2007-05-30,2007,150,27.7,0,"low",2,0,0,83.58,7.12,577.877,0
"Rogers",2007-05-31,2007,151,1.7,0,"low",27.7,0,0,85.62,10,577.828,0
"Rogers",2007-06-01,2007,152,4.6,0,"low",1.7,0.068,0.068,76.55,8.89,577.775,0
"Rogers",2007-06-06,2007,157,40.3,0,"low",7.5,0.295,0.51,67.49,8.05,577.92,0
"Rogers",2007-06-07,2007,158,32.9,0,"low",40.3,0.004,0.299,84.68,9.52,577.75,0
"Rogers",2007-06-08,2007,159,2.7,0,"low",32.9,0,0.004,90.52,20.89,577.59,0
"Rogers",2007-06-13,2007,164,72,0,"low",42,0,0,78.25,7.51,577.911,0
"Rogers",2007-06-14,2007,165,10.4,0,"low",72,0,0,81.25,6.3,577.919,0
"Rogers",2007-06-15,2007,166,2.9,0,"low",10.4,0,0,83.92,5.26,577.939,0
"Rogers",2007-06-20,2007,171,2.5,0,"low",28.2,0.506,0.775,79.39,10.69,577.746,0
"Rogers",2007-06-21,2007,172,2,0,"low",2.5,0,0.506,81.72,3.93,577.675,0
"Rogers",2007-06-22,2007,173,77.9,0,"low",2,0,0,75.13,2.7,577.785,0
"Rogers",2007-06-27,2007,178,1,0,"low",1.4,0.088,0.088,88.41,6.4,577.738,0
"Rogers",2007-06-28,2007,179,167.2,0,"moderate",1,0.142,0.229,88.67,7.15,577.706,0
"Rogers",2007-06-29,2007,180,546.7,1,"exceed",167.2,0,0.142,73.96,11.65,578.045,0
"Rogers",2007-07-04,2007,185,9.7,0,"low",9.9,0.017,0.017,81.19,7.33,577.696,0
"Rogers",2007-07-05,2007,186,20.6,0,"low",9.7,0.334,0.351,81.72,4.32,577.806,0
"Rogers",2007-07-06,2007,187,28.5,0,"low",20.6,0,0.334,84.2,4.09,577.759,0
"Rogers",2007-07-11,2007,192,15.3,0,"low",180.9,0.25,0.349,87.2,7.86,577.716,0
"Rogers",2007-07-12,2007,193,11.3,0,"low",15.3,0,0.25,76.91,8.25,577.669,0
"Rogers",2007-07-13,2007,194,68.4,0,"low",11.3,0,0,78.02,10.81,577.625,0
"Rogers",2007-07-18,2007,199,110.9,0,"low",22,0.131,0.131,80.58,5.08,577.769,0
"Rogers",2007-07-19,2007,200,12,0,"low",110.9,0.368,0.498,83.68,8.48,577.683,0
"Rogers",2007-07-20,2007,201,232.4,0,"moderate",12,0.174,0.541,77.26,6.44,577.95,0
"Rogers",2007-07-25,2007,206,10.4,0,"low",7.7,0,0,79.53,2.09,577.688,0
"Rogers",2007-07-26,2007,207,31.4,0,"low",10.4,0,0,82.29,5.95,577.674,0
"Rogers",2007-07-27,2007,208,14,0,"low",31.4,0.345,0.345,80.17,7.34,577.661,0
"Rogers",2007-08-01,2007,213,10.2,0,"low",9.1,0,0,87.25,2.5,577.675,0
"Rogers",2007-08-02,2007,214,4.7,0,"low",10.2,0,0,89.11,2.55,577.682,0
"Rogers",2007-08-03,2007,215,24.5,0,"low",4.7,0,0,89.18,6.14,577.563,0
"Rogers",2007-08-08,2007,220,36.1,0,"low",65.3,0.802,0.931,91.24,5.32,577.645,0
"Rogers",2007-08-09,2007,221,78.4,0,"low",36.1,0.198,1,82.86,4.05,577.665,0
"Rogers",2007-08-10,2007,222,13.3,0,"low",78.4,0.066,0.264,83.24,1.65,577.71,0
"Rogers",2007-08-15,2007,227,111,0,"low",1274.7,0.311,0.311,83.21,7.13,577.495,0
"Rogers",2007-08-16,2007,228,31.8,0,"low",111,0.356,0.667,78.7,4.78,577.561,0
"Rogers",2007-08-17,2007,229,16.9,0,"low",31.8,0,0.356,74.56,4.71,577.507,0
"Rogers",2007-08-22,2007,234,17,0,"low",215.2,0.006,0.653,81.71,4.44,577.727,0
"Rogers",2007-08-23,2007,235,9.5,0,"low",17,0.448,0.454,88.25,4.98,577.464,0
"Rogers",2007-08-24,2007,236,55.9,0,"low",9.5,1.4,1.848,86.53,10.05,577.425,1
"Rogers",2007-08-25,2007,237,447.3,1,"exceed",55.9,0.216,1.617,78.62,6.23,577.509,1
"Rogers",2007-08-26,2007,238,48.7,0,"low",447.3,0.294,0.51,74.68,2.92,577.618,0
"Rogers",2007-08-27,2007,239,187.4,0,"moderate",48.7,0,0.294,74.46,1.75,577.588,0
"Rogers",2007-08-28,2007,240,10.2,0,"low",187.4,0,0,85.58,6.73,577.524,0
"Rogers",2007-08-29,2007,241,69.4,0,"low",10.2,0,0,90.71,7.67,577.484,0
"Rogers",2007-08-30,2007,242,447,1,"exceed",69.4,0,0,80.36,3.62,577.699,0
"Rogers",2007-08-31,2007,243,54.4,0,"low",447,0,0,71.96,11.52,577.78,0
"Rogers",2008-05-29,2008,150,15.2,0,"low",34.7,0,0,61.3,7.77,577.973,0
"Rogers",2008-05-30,2008,151,16.4,0,"low",15.2,0.042,0.042,73.06,2.9,577.753,0
"Rogers",2008-06-04,2008,156,79.1,0,"low",261.6,0.277,0.277,66.89,6.96,577.949,0
"Rogers",2008-06-05,2008,157,13.1,0,"low",79.1,0,0.277,74.4,5.81,578.065,0
"Rogers",2008-06-06,2008,158,11.5,0,"low",13.1,0.297,0.297,85.51,12.92,577.936,0
"Rogers",2008-06-11,2008,163,1.4,0,"low",11.5,0.003,0.764,78.82,9.93,577.908,0
"Rogers",2008-06-12,2008,164,36.1,0,"low",1.4,0,0.003,82.83,12.37,578.155,0
"Rogers",2008-06-13,2008,165,1.8,0,"low",36.1,0,0,86.56,18.8,578.215,0
"Rogers",2008-06-18,2008,170,2,0,"low",13.9,0,0,73.96,10.24,578.079,0
"Rogers",2008-06-19,2008,171,9.6,0,"low",2,0,0,67.88,4.55,578.15,0
"Rogers",2008-06-20,2008,172,9.6,0,"low",9.6,0.003,0.003,75.06,3.82,578.13,0
"Rogers",2008-06-25,2008,177,1,0,"low",2.4,0,0,76.2,4.63,578.148,0
"Rogers",2008-06-26,2008,178,1.4,0,"low",1,0.064,0.064,80.95,10,578.1,0
"Rogers",2008-06-27,2008,179,3,0,"low",1.4,0.004,0.067,84.89,7.02,578.16,0
"Rogers",2008-07-02,2008,184,16.9,0,"low",43.4,0.014,0.014,81.41,8.47,578.09,0
"Rogers",2008-07-03,2008,185,897.6,1,"exceed",16.9,0.19,0.204,84.83,12.46,578.098,0
"Rogers",2008-07-04,2008,186,87.6,0,"low",897.6,0,0.19,67.2,16.26,578.525,0
"Rogers",2008-07-09,2008,191,19.1,0,"low",1.7,0.187,0.262,82.61,9.14,578.235,0
"Rogers",2008-07-10,2008,192,12,0,"low",19.1,0.015,0.202,77.97,5.98,578.223,0
"Rogers",2008-07-11,2008,193,9.2,0,"low",12,0.225,0.241,81.21,10.7,578.145,0
"Rogers",2008-07-16,2008,198,4,0,"low",317.3,0,0,88.53,8.99,578.149,0
"Rogers",2008-07-17,2008,199,47.1,0,"low",4,0,0,87.91,6.52,578.227,0
"Rogers",2008-07-18,2008,200,34.1,0,"low",47.1,0.088,0.088,87.48,9.74,578.239,0
"Rogers",2008-07-23,2008,205,303.7,1,"exceed",306.4,0.018,0.088,72.1,9.68,578.575,0
"Rogers",2008-07-24,2008,206,23.4,0,"low",303.7,0,0.018,75.5,9.73,578.516,0
"Rogers",2008-07-25,2008,207,4.6,0,"low",23.4,0,0,78.17,1.72,578.37,0
"Rogers",2008-07-30,2008,212,10.3,0,"low",269.1,0.07,0.07,85.77,5.53,578.319,0
"Rogers",2008-07-31,2008,213,33,0,"low",10.3,0.012,0.082,83.79,5.88,578.298,0
"Rogers",2008-08-01,2008,214,86.3,0,"low",33,0.223,0.234,81.9,4.83,578.233,0
"Rogers",2008-08-06,2008,219,1489.1,1,"exceed",227.4,0.026,1.017,81.86,3.35,578.461,0
"Rogers",2008-08-07,2008,220,110.1,0,"low",1489.1,0.003,0.029,79.84,5.7,578.291,0
"Rogers",2008-08-08,2008,221,197.5,0,"moderate",110.1,0.003,0.006,76.35,8.65,578.517,0
"Rogers",2008-08-13,2008,226,44.5,0,"low",21.4,0.004,0.004,73.36,4.24,578.41,0
"Rogers",2008-08-14,2008,227,64.8,0,"low",44.5,0.151,0.155,73.66,2.51,578.427,0
"Rogers",2008-08-15,2008,228,69.2,0,"low",64.8,0,0.151,73.99,8.25,578.574,0
"Rogers",2008-08-20,2008,233,58.4,0,"low",36.1,0,0,76.55,6.7,578.565,0
"Rogers",2008-08-21,2008,234,47.7,0,"low",58.4,0,0,75.8,7.76,578.485,0
"Rogers",2008-08-22,2008,235,11,0,"low",47.7,0,0,78.7,8.07,578.367,0
"Rogers",2008-08-27,2008,240,27,0,"low",27,0,0,72.71,10.17,578.403,0
"Rogers",2008-08-28,2008,241,71.1,0,"low",27,0,0,76.62,5.47,578.309,0
"Rogers",2008-08-29,2008,242,11.4,0,"low",71.1,0.016,0.016,78.53,6.5,578.204,0
"Rogers",2009-05-28,2009,148,6.8,0,"low",14.6,0.285,1.022,62.44,1.98,579.11,0
"Rogers",2009-05-29,2009,149,1,0,"low",6.8,0,0.285,61.68,6.02,578.911,0
"Rogers",2009-06-03,2009,154,37.4,0,"low",195.1,0.052,0.61,58.25,9.78,579.017,0
"Rogers",2009-06-04,2009,155,16,0,"low",37.4,0,0.052,58.49,12,579.015,0
"Rogers",2009-06-05,2009,156,7.8,0,"low",16,0,0,73.35,6.26,578.901,0
"Rogers",2009-06-10,2009,161,42.3,0,"low",842.1,0.004,0.239,64.54,4.28,579.142,0
"Rogers",2009-06-11,2009,162,42.8,0,"low",42.3,0.015,0.019,63.68,8.02,579.027,0
"Rogers",2009-06-12,2009,163,17.9,0,"low",42.8,0.232,0.247,64.25,10.66,579.194,0
"Rogers",2009-06-17,2009,168,54.1,0,"low",49.1,0.483,0.738,68.53,11.78,579.153,0
"Rogers",2009-06-18,2009,169,2.9,0,"low",54.1,0.007,0.49,75.82,2.76,579.141,0
"Rogers",2009-06-24,2009,175,645.5,1,"exceed",6.6,0,0.111,86.41,5.1,579.09,0
"Rogers",2009-06-25,2009,176,105.2,0,"low",645.5,0.035,0.035,88.84,1.24,579.048,0
"Rogers",2009-06-26,2009,177,84.1,0,"low",105.2,0,0.035,85.25,1.4,579.084,0
"Rogers",2009-07-01,2009,182,38.6,0,"low",43.6,0,0,67.23,9.62,579.061,0
"Rogers",2009-07-02,2009,183,14,0,"low",38.6,0.007,0.007,69.15,7.01,579.068,0
"Rogers",2009-07-08,2009,189,20.2,0,"low",50.9,0.004,0.004,71.41,5.79,579.018,0
"Rogers",2009-07-09,2009,190,8.3,0,"low",20.2,0.082,0.085,69.9,6.91,579.049,0
"Rogers",2009-07-10,2009,191,8.7,0,"low",8.3,0,0.082,78.1,5.34,579.128,0
"Rogers",2009-07-15,2009,196,6.7,0,"low",18.3,0,0,77.18,7.07,578.959,0
"Rogers",2009-07-16,2009,197,9.6,0,"low",6.7,0.404,0.404,84.43,9.91,578.83,0
"Rogers",2009-07-17,2009,198,17.1,0,"low",9.6,0.05,0.453,79.9,9.25,578.827,0
"Rogers",2009-07-22,2009,203,15.7,0,"low",14.3,0.056,0.056,75.34,5.7,579.032,0
"Rogers",2009-07-23,2009,204,15,0,"low",15.7,0,0.056,72.63,2.84,579.107,0
"Rogers",2009-07-24,2009,205,12.2,0,"low",15,0.06,0.06,73.63,2.68,579.058,0
"Rogers",2009-07-29,2009,210,156.1,0,"moderate",6.6,0.022,0.022,81.92,4.82,578.877,0
"Rogers",2009-07-30,2009,211,4,0,"low",156.1,0.049,0.072,74.63,5.07,578.896,0
"Rogers",2009-07-31,2009,212,193.2,0,"moderate",4,0.042,0.091,77.04,4.98,578.84,0
"Rogers",2009-08-05,2009,217,128.8,0,"moderate",3.6,0,0.067,78.53,1.13,578.907,0
"Rogers",2009-08-06,2009,218,64,0,"low",128.8,0,0,73.28,4.95,578.799,0
"Rogers",2009-08-07,2009,219,76.5,0,"low",64,0.014,0.014,75.8,1.77,578.84,0
"Rogers",2009-08-12,2009,224,36.5,0,"low",190.3,0,0.004,75.3,6.36,579.043,0
"Rogers",2009-08-13,2009,225,10.2,0,"low",36.5,0,0,78.3,5.09,578.94,0
"Rogers",2009-08-14,2009,226,3.5,0,"low",10.2,0,0,80.16,4.21,578.885,0
"Rogers",2009-08-19,2009,231,90.7,0,"low",1.4,0.176,0.512,81.48,7.64,578.846,0
"Rogers",2009-08-20,2009,232,4.1,0,"low",90.7,0.185,0.362,77.85,4.53,578.865,0
"Rogers",2009-08-21,2009,233,1,0,"low",4.1,0.079,0.265,76.4,13.82,578.875,0
"Rogers",2009-08-26,2009,238,27,0,"low",29.3,0,0,79.44,10.47,578.733,0
"Rogers",2009-08-27,2009,239,86.3,0,"low",27,1.105,1.105,73.3,4.7,578.996,0
"Rogers",2009-09-02,2009,245,16.6,0,"low",13.4,0.004,0.004,67.08,5.64,578.965,0
"Rogers",2009-09-03,2009,246,52.5,0,"low",16.6,0,0.004,68.67,4.47,578.963,0
"Rogers",2010-05-27,2010,147,337.2,1,"exceed",9.6,0,0,77.51,3.84,578.118,0
"Rogers",2010-05-28,2010,148,24.5,0,"low",337.2,0,0,69.72,11.6,578.183,0
"Rogers",2010-06-03,2010,154,161.6,0,"moderate",17.2,0.729,0.729,74.68,2.3,578.187,0
"Rogers",2010-06-04,2010,155,28.1,0,"low",161.6,0,0.729,70.84,7.82,578.22,0
"Rogers",2010-06-09,2010,160,10.2,0,"low",77.5,0.272,0.275,71.93,9.77,578.131,0
"Rogers",2010-06-10,2010,161,1.4,0,"low",10.2,0,0.272,81.69,10.21,578.265,0
"Rogers",2010-06-11,2010,162,21,0,"low",1.4,0,0,77.43,4.11,578.175,0
"Rogers",2010-06-16,2010,167,3.5,0,"low",125.8,0.302,0.35,75.43,1.55,578.43,0
"Rogers",2010-06-17,2010,168,33.4,0,"low",3.5,0,0.302,79.25,6.31,578.48,0
"Rogers",2010-06-18,2010,169,13.3,0,"low",33.4,0,0,76.57,6.48,578.355,0
"Rogers",2010-06-23,2010,174,54.2,0,"low",1.4,0.322,0.492,85.2,7.5,578.446,0
"Rogers",2010-06-24,2010,175,65.3,0,"low",54.2,0.416,0.738,86.07,11.56,578.17,0
"Rogers",2010-06-25,2010,176,19.9,0,"low",65.3,0,0.416,76.73,3.65,578.34,0
"Rogers",2010-06-30,2010,181,6.8,0,"low",49.1,0,0.378,69.82,7.91,578.385,0
"Rogers",2010-07-01,2010,182,5.9,0,"low",6.8,0,0,70.29,4.69,578.399,0
"Rogers",2010-07-02,2010,183,7.3,0,"low",5.9,0,0,76.3,6.29,578.397,0
"Rogers",2010-07-08,2010,189,52,0,"low",1.8,0.121,0.159,89.08,4.46,578.271,0
"Rogers",2010-07-09,2010,190,126.2,0,"moderate",52,0.132,0.253,82.1,0.3,578.34,0
"Rogers",2010-07-14,2010,195,9.3,0,"low",11.4,0.066,0.069,82.7,5.61,578.445,0
"Rogers",2010-07-15,2010,196,52.1,0,"low",9.3,0,0.066,88.01,8.58,578.348,0
"Rogers",2010-07-16,2010,197,2.5,0,"low",52.1,0.004,0.004,88.95,6.35,578.358,0
"Rogers",2010-07-21,2010,202,8.5,0,"low",92.6,0,0.004,83.21,6.33,578.354,0
"Rogers",2010-07-22,2010,203,59.4,0,"low",8.5,0,0,84.42,2.44,578.33,0
"Rogers",2010-07-23,2010,204,4.1,0,"low",59.4,0.475,0.475,87.87,10.26,578.234,0
"Rogers",2010-07-28,2010,209,18.6,0,"low",28.8,0,0,87.04,6.47,578.336,0
"Rogers",2010-07-29,2010,210,59.1,0,"low",18.6,0,0,87.27,5.96,578.268,0
"Rogers",2010-07-30,2010,211,11.9,0,"low",59.1,0,0,77.92,5.55,578.413,0
"Rogers",2010-08-04,2010,216,29.5,0,"low",4.1,0.403,0.421,82.18,4.06,578.278,0
"Rogers",2010-08-05,2010,217,37.5,0,"low",29.5,0.481,0.885,79.88,2.9,578.327,0
"Rogers",2010-08-06,2010,218,770.1,1,"exceed",37.5,0,0.481,82,10.62,578.252,0
"Rogers",2010-08-07,2010,219,4.6,0,"low",770.1,0,0,79.12,4.65,578.307,0
"Rogers",2010-08-11,2010,223,57.8,0,"low",21,0,0.218,81.8,3.77,578.372,0
"Rogers",2010-08-12,2010,224,31.4,0,"low",57.8,0,0,88.17,2.21,578.417,0
"Rogers",2010-08-13,2010,225,28.4,0,"low",31.4,0,0,85.07,2.02,578.441,0
"Rogers",2010-08-25,2010,237,44.5,0,"low",22.1,0.004,0.004,79.96,3.07,578.324,0
"Rogers",2010-08-26,2010,238,36.7,0,"low",44.5,0,0.004,77.24,8.75,578.394,0
"Rogers",2010-08-27,2010,239,1.8,0,"low",36.7,0,0,80.25,2.03,578.22,0
"Rogers",2010-09-03,2010,246,116.5,0,"low",30.8,0.787,0.927,81.8,8.1,578.112,0
"Rogers",2011-05-28,2011,148,104.2,0,"low",257.6,0.006,0.826,54.09,9.06,578.391,0
"Rogers",2011-06-02,2011,153,55,0,"low",188,0,0.057,80.54,12.88,577.848,0
"Rogers",2011-06-03,2011,154,17.8,0,"low",55,0,0,70.14,7.25,578.122,0
"Rogers",2011-06-08,2011,159,4.4,0,"low",2.9,0,0,94.74,11.66,578.207,0
"Rogers",2011-06-09,2011,160,792.9,1,"exceed",4.4,0,0,93.84,13.58,578.026,0
"Rogers",2011-06-10,2011,161,297.7,1,"exceed",792.9,1.025,1.025,68.46,7.06,578.433,0
"Rogers",2011-06-11,2011,162,104,0,"low",297.7,0.524,1.55,62.21,8.81,578.504,0
"Rogers",2011-06-12,2011,163,1,0,"low",104,0.02,0.544,57.79,6.51,578.396,0
"Rogers",2011-06-13,2011,164,8.7,0,"low",1,0,0.02,61.64,8.71,578.248,0
"Rogers",2011-06-14,2011,165,10.9,0,"low",8.7,0,0,65.43,6.81,578.269,0
"Rogers",2011-06-22,2011,173,192,0,"moderate",2.3,0.344,0.56,85.92,13.77,578.507,0
"Rogers",2011-06-23,2011,174,3.8,0,"low",192,0.073,0.416,72.37,14.2,578.479,0
"Rogers",2011-06-24,2011,175,24.2,0,"low",3.8,0.018,0.091,70.17,12.55,578.452,0
"Rogers",2011-06-29,2011,180,11.3,0,"low",4.8,0,0.036,76.73,6.73,578.418,0
"Rogers",2011-06-30,2011,181,5.5,0,"low",11.3,0,0,74.26,2.88,578.346,0
"Rogers",2011-07-01,2011,182,188.8,0,"moderate",5.5,0,0,83.59,8.93,578.499,0
"Rogers",2011-07-07,2011,188,20.5,0,"low",35.9,0,0,80.47,6.21,578.427,0
"Rogers",2011-07-08,2011,189,6.3,0,"low",20.5,0.021,0.021,76.39,5.57,578.479,0
"Rogers",2011-07-13,2011,194,81.1,0,"low",10.2,0.006,0.426,80.84,5.55,578.425,0
"Rogers",2011-07-14,2011,195,32.7,0,"low",81.1,0,0.006,70.7,12.08,578.567,0
"Rogers",2011-07-15,2011,196,3.2,0,"low",32.7,0,0,75.98,7.4,578.524,0
"Rogers",2011-07-20,2011,201,2,0,"low",38.2,0,0.004,85.3,2.74,578.506,0
"Rogers",2011-07-21,2011,202,1,0,"low",2,0.092,0.092,97.33,7.04,578.262,0
"Rogers",2011-07-22,2011,203,111.2,0,"low",1,0.003,0.094,95.49,5.73,578.262,0
"Rogers",2011-07-23,2011,204,18.2,0,"low",111.2,0.577,0.58,85.46,3.47,578.352,0
"Rogers",2011-07-24,2011,205,15.2,0,"low",18.2,2.923,3.5,81.82,0.73,578.388,0
"Rogers",2011-07-25,2011,206,76.1,0,"low",15.2,0.078,3.001,82.86,1.48,578.48,0
"Rogers",2011-07-26,2011,207,11.2,0,"low",76.1,0.006,0.084,81.19,3.27,578.434,1
"Rogers",2011-07-27,2011,208,35.2,0,"low",11.2,0.003,0.009,79.93,4.9,578.367,0
"Rogers",2011-07-28,2011,209,16.1,0,"low",35.2,0.515,0.518,86.82,7.07,578.342,0
"Rogers",2011-07-29,2011,210,3.2,0,"low",16.1,0.42,0.935,82.03,3.2,578.504,0
"Rogers",2011-08-03,2011,215,186.4,0,"moderate",1,0.279,0.279,91.23,9.37,578.36,0
"Rogers",2011-08-04,2011,216,25.6,0,"low",186.4,0,0.279,80.91,8.51,578.64,0
"Rogers",2011-08-10,2011,222,25.3,0,"low",5.5,0.031,0.25,79.59,11.47,578.409,0
"Rogers",2011-08-11,2011,223,9.1,0,"low",25.3,0,0.031,74.69,6.39,578.37,0
"Rogers",2011-08-12,2011,224,2.3,0,"low",9.1,0,0,77.46,2.11,578.252,0
"Rogers",2011-08-17,2011,229,8.7,0,"low",13,0,0,79.73,3.06,578.422,0
"Rogers",2011-08-18,2011,230,63,0,"low",8.7,0,0,81.84,7.24,578.338,0
"Rogers",2011-08-19,2011,231,17.1,0,"low",63,0,0,79.29,3.33,578.409,0
"Rogers",2011-08-24,2011,236,2.9,0,"low",34.3,0.207,0.207,79.34,11.66,577.898,0
"Rogers",2011-08-25,2011,237,37,0,"low",2.9,0,0.207,90.76,10.02,578.087,0
"Rogers",2011-08-26,2011,238,34.3,0,"low",37,0,0,75.88,6.5,578.259,0
"Rogers",2011-08-31,2011,243,47.2,0,"low",16.9,0.006,0.006,80.21,7.48,578.113,0
"Rogers",2011-09-01,2011,244,26.8,0,"low",47.2,0.032,0.038,87.56,7.02,578.181,0
"Rogers",2011-09-02,2011,245,115.7,0,"low",26.8,0,0.032,91.96,5.52,578.263,0
"Rogers",2012-05-24,2012,145,10.3,0,"low",1,0,0,73.84,5.78,577.847,0
"Rogers",2012-05-25,2012,146,3,0,"low",10.3,0,0,84.83,17.96,577.695,0
"Rogers",2012-05-31,2012,152,30.6,0,"low",1.4,0,0.003,66.4,7.01,577.868,0
"Rogers",2012-06-01,2012,153,150.4,0,"moderate",30.6,0.763,0.763,53.74,12.48,577.991,0
"Rogers",2012-06-06,2012,158,5.5,0,"low",15.6,0,0,63.75,9.37,578.029,0
"Rogers",2012-06-07,2012,159,1.7,0,"low",5.5,0,0,68.75,6.62,577.873,0
"Rogers",2012-06-08,2012,160,1,0,"low",1.7,0,0,72.71,2.33,577.767,0
"Rogers",2012-06-13,2012,165,6.3,0,"low",47,0,0,77.12,8.1,577.847,0
"Rogers",2012-06-14,2012,166,13.3,0,"low",6.3,0,0,66.33,8.16,577.781,0
"Rogers",2012-06-15,2012,167,4,0,"low",13.3,0,0,77.62,8.6,577.847,0
"Rogers",2012-06-20,2012,172,1.4,0,"low",1.4,0,0,90.11,16.96,577.656,0
"Rogers",2012-06-21,2012,173,1,0,"low",1.4,0,0,90.11,17.02,577.635,0
"Rogers",2012-06-22,2012,174,19.8,0,"low",1,0.012,0.012,82.46,7.43,577.678,0
"Rogers",2012-06-27,2012,179,4.1,0,"low",44.6,0,0,75.04,6.93,577.866,0
"Rogers",2012-06-28,2012,180,8.5,0,"low",4.1,0,0,87.99,13.02,577.697,0
"Rogers",2012-06-29,2012,181,54.5,0,"low",8.5,0.022,0.022,96.11,7.88,577.777,0
"Rogers",2012-07-11,2012,193,10,0,"low",44.9,0,0,77.57,11.12,577.973,0
"Rogers",2012-07-12,2012,194,13.4,0,"low",10,0,0,80.38,7.84,577.899,0
"Rogers",2012-07-13,2012,195,24.5,0,"low",13.4,0,0,86.72,7.7,577.818,0
"Rogers",2012-07-18,2012,200,107.4,0,"low",48,0,0,97.13,9.99,577.557,0
"Rogers",2012-07-19,2012,201,60.4,0,"low",107.4,0.347,0.347,84.02,6.53,577.851,0
"Rogers",2012-07-20,2012,202,163.9,0,"moderate",60.4,0.601,0.948,79.08,4,578.002,0
"Rogers",2012-07-25,2012,207,37.1,0,"low",268.3,0.571,0.576,86.78,6.14,577.691,0
"Rogers",2012-07-26,2012,208,29.9,0,"low",37.1,0.004,0.574,97.65,9.85,577.568,0
"Rogers",2012-07-27,2012,209,4.8,0,"low",29.9,0.29,0.293,89.83,7,577.626,0
"Rogers",2012-08-01,2012,214,5.5,0,"low",6.3,0.238,0.259,82.31,3.36,577.69,0
"Rogers",2012-08-02,2012,215,4,0,"low",5.5,0,0.238,83.07,5.29,577.611,0
"Rogers",2012-08-03,2012,216,3.1,0,"low",4,0,0,87.27,4.07,577.487,0
"Rogers",2012-08-08,2012,221,39.1,0,"low",2.3,0,0,90.92,6.94,577.429,0
"Rogers",2012-08-09,2012,222,31.1,0,"low",39.1,0.003,0.003,80.42,9.19,577.633,0
"Rogers",2012-08-10,2012,223,344.9,1,"exceed",31.1,0.313,0.316,74.15,9.06,577.712,0
"Rogers",2012-08-11,2012,224,91.6,0,"low",344.9,0.191,0.504,72.12,16.66,578.254,0
"Rogers",2012-08-15,2012,228,7.9,0,"low",3.2,0.003,0.289,76.9,1.02,577.66,0
"Rogers",2012-08-16,2012,229,9.9,0,"low",7.9,0,0.003,84.4,5.28,577.546,0
"Rogers",2012-08-17,2012,230,96.8,0,"low",9.9,0.283,0.283,75.1,8.56,577.427,0
"Rogers",2012-08-22,2012,235,4,0,"low",1,0,0.244,74.66,1.76,577.366,0
"Rogers",2012-08-23,2012,236,6.7,0,"low",4,0,0,80.12,7.03,577.252,0
"Rogers",2012-08-24,2012,237,11.2,0,"low",6.7,0.018,0.018,87.1,9.31,577.205,0
"Rogers",2012-08-29,2012,242,29.3,0,"low",2.9,0,0.007,78.78,3.97,577.305,0
"Rogers",2012-08-30,2012,243,5.9,0,"low",29.3,0,0,78.77,6.27,577.268,0
"Rogers",2012-08-31,2012,244,9.5,0,"low",5.9,0,0,88.16,11.87,576.952,0
"Rogers",2013-05-23,2013,143,472.8,1,"exceed",1.7,0.866,1.072,71.36,4.54,577.623,0
"Rogers",2013-05-24,2013,144,125.2,0,"low",472.8,0.05,0.916,53.55,19.72,578.166,0
"Rogers",2013-05-30,2013,150,3.5,0,"low",2.9,0.013,0.352,79.94,7.66,577.632,0
"Rogers",2013-05-31,2013,151,2.4,0,"low",3.5,0.343,0.356,79.88,16.27,577.582,0
"Rogers",2013-06-05,2013,156,14.7,0,"low",1,0,0,64.74,5.29,577.762,0
"Rogers",2013-06-06,2013,157,42.3,0,"low",14.7,0.007,0.007,65.62,6.93,577.928,0
"Rogers",2013-06-07,2013,158,15.7,0,"low",42.3,0.176,0.184,58.84,9.36,577.971,0
"Rogers",2013-06-12,2013,163,57.9,0,"low",12.7,0.129,0.279,78.47,3.12,577.747,0
"Rogers",2013-06-13,2013,164,112.9,0,"low",57.9,0.394,0.523,75.74,2.41,577.887,0
"Rogers",2013-06-14,2013,165,77.5,0,"low",112.9,0.03,0.425,66.13,12.57,578.018,0
"Rogers",2013-06-19,2013,170,13.9,0,"low",72.3,0,0.04,63.92,13.65,578.197,0
"Rogers",2013-06-20,2013,171,1,0,"low",13.9,0,0,68.39,6.03,577.927,0
"Rogers",2013-06-21,2013,172,1.4,0,"low",1,0,0,78.82,7.37,577.877,0
"Rogers",2013-06-26,2013,177,74,0,"low",2.6,0.046,0.328,83.78,5.58,577.835,0
"Rogers",2013-06-27,2013,178,1.4,0,"low",74,1.241,1.287,77.91,4.28,577.893,0
"Rogers",2013-06-28,2013,179,1.4,0,"low",1.4,0.551,1.792,86.07,4.41,577.911,0
"Rogers",2013-07-03,2013,184,16.5,0,"low",42,0,0,64.27,12.06,578.215,0
"Rogers",2013-07-10,2013,191,31.4,0,"low",30.9,0.01,0.247,83.71,7.06,577.957,0
"Rogers",2013-07-11,2013,192,25.5,0,"low",31.4,0,0.01,80.71,4.35,577.85,0
"Rogers",2013-07-12,2013,193,34.3,0,"low",25.5,0,0,75.75,5.23,577.914,0
"Rogers",2013-07-17,2013,198,2,0,"low",32.9,0.003,0.044,88.39,5.9,577.91,0
"Rogers",2013-07-18,2013,199,2.4,0,"low",2,0,0.003,89.2,4.52,577.791,0
"Rogers",2013-07-19,2013,200,1.4,0,"low",2.4,0,0,93.35,7.7,577.741,0
"Rogers",2013-07-24,2013,205,60,0,"low",5.5,0.025,0.028,79.96,8.58,578.108,0
"Rogers",2013-07-25,2013,206,12.2,0,"low",60,0,0.025,68.52,10.94,577.943,0
"Rogers",2013-07-26,2013,207,8.1,0,"low",12.2,0,0,75.81,1.62,577.821,0
"Rogers",2013-07-31,2013,212,10.5,0,"low",2.2,0.028,0.028,72.13,6.17,577.825,0
"Rogers",2013-08-01,2013,213,33.2,0,"low",10.5,0.156,0.184,74.35,1.13,577.864,0
"Rogers",2013-08-02,2013,214,10,0,"low",33.2,0.004,0.159,76.11,5.55,577.818,0
"Rogers",2013-08-07,2013,219,4.2,0,"low",4,0.021,0.048,81.11,8.4,577.758,0
"Rogers",2013-08-08,2013,220,77,0,"low",4.2,0.01,0.031,84.23,2.43,577.949,0
"Rogers",2013-08-09,2013,221,11.8,0,"low",77,0,0.01,73.86,10.4,577.943,0
"Rogers",2013-08-14,2013,226,65.9,0,"low",614.5,0,0.529,69.73,12.27,578.078,0
"Rogers",2013-08-15,2013,227,21,0,"low",65.9,0,0,67.21,6.06,577.859,0
"Rogers",2013-08-16,2013,228,5,0,"low",21,0,0,72.66,4.9,577.698,0
"Rogers",2013-08-21,2013,233,3.5,0,"low",1,0,0,85.52,7.63,577.648,0
"Rogers",2013-08-22,2013,234,16.5,0,"low",3.5,0.009,0.009,88.35,10.22,577.654,0
"Rogers",2013-08-23,2013,235,77.6,0,"low",16.5,0.213,0.222,78.17,2.85,577.695,0
"Rogers",2013-08-28,2013,240,63.1,0,"low",1,0,0,93.02,12.79,577.68,0
"Rogers",2013-08-29,2013,241,2,0,"low",63.1,0,0,84.67,6.93,577.875,0
"Rogers",2013-08-30,2013,242,2.4,0,"low",2,0,0,80.01,3.07,577.822,0
"Rogers",2014-05-22,2014,142,52.6,0,"low",8.1,0.274,0.518,77.21,1.36,578.717,0
"Rogers",2014-05-23,2014,143,1.4,0,"low",52.6,0,0.274,63.21,5.21,578.625,0
"Rogers",2014-05-29,2014,149,45.5,0,"low",120.2,0.186,0.309,61.03,8.75,578.878,0
"Rogers",2014-05-30,2014,150,3.2,0,"low",45.5,0,0.186,64.7,8.17,578.922,0
"Rogers",2014-06-04,2014,155,25.1,0,"low",1.4,0,0.128,75.79,5.75,578.649,0
"Rogers",2014-06-05,2014,156,28.7,0,"low",25.1,0.124,0.124,67.46,7.06,578.836,0
"Rogers",2014-06-06,2014,157,2.8,0,"low",28.7,0,0.124,67.74,5.21,578.784,0
"Rogers",2014-06-11,2014,162,106.5,0,"low",14.9,0.622,0.622,59.83,9.79,579.007,0
"Rogers",2014-06-18,2014,169,5.5,0,"low",200.4,0.004,0.004,85.13,11.08,578.796,0
"Rogers",2014-06-19,2014,170,149.9,0,"moderate",5.5,0.203,0.206,80.84,3.21,579.096,0
"Rogers",2014-06-20,2014,171,17.5,0,"low",149.9,0.279,0.482,71.22,6.01,579.167,0
"Rogers",2014-06-25,2014,176,144.7,0,"moderate",68.4,0.694,0.826,78.82,1.42,579.042,0
"Rogers",2014-06-26,2014,177,71.5,0,"low",144.7,0.009,0.703,68.9,7.44,579.183,0
"Rogers",2014-06-27,2014,178,13.9,0,"low",71.5,0,0.009,67.79,5.77,579.117,0
"Rogers",2014-07-02,2014,183,12,0,"low",42.3,0.052,2.09,79.69,12.4,578.823,1
"Rogers",2014-07-03,2014,184,75.9,0,"low",12,0.101,0.153,72.02,6.63,578.957,0
"Rogers",2014-07-09,2014,190,1.7,0,"low",8.9,0.298,0.706,80.26,10.71,579.037,0
"Rogers",2014-07-10,2014,191,4.9,0,"low",1.7,0,0.298,73.53,3.84,579.036,0
"Rogers",2014-07-11,2014,192,6.9,0,"low",4.9,0,0,72.42,5.95,579.09,0
"Rogers",2014-07-16,2014,197,5,0,"low",46.3,0.061,0.357,67.99,11.02,579.219,0
"Rogers",2014-07-17,2014,198,4,0,"low",5,0.003,0.064,67.67,4.12,579.122,0
"Rogers",2014-07-18,2014,199,4.5,0,"low",4,0,0.003,72.5,4.55,579.121,0
"Rogers",2014-07-23,2014,204,1047.7,1,"exceed",4.8,0.007,0.007,87.52,11.9,578.974,0
"Rogers",2014-07-24,2014,205,74.5,0,"low",1047.7,0.009,0.016,74.94,18.02,579.474,0
"Rogers",2014-07-25,2014,206,43.2,0,"low",74.5,0,0.009,69.55,7.28,579.242,0
"Rogers",2014-07-30,2014,211,11.6,0,"low",29.5,0.077,0.077,73.76,3.57,579.144,0
"Rogers",2014-07-31,2014,212,12.6,0,"low",11.6,0,0.077,71.96,2.53,579.143,0
"Rogers",2014-08-01,2014,213,1.7,0,"low",12.6,0.011,0.011,82.16,8.35,579.062,0
"Rogers",2014-08-06,2014,218,171.2,0,"moderate",37.4,0.228,1.738,74.55,3.06,579.265,0
"Rogers",2014-08-07,2014,219,20.4,0,"low",171.2,0,0.228,74.53,6.31,579.249,0
"Rogers",2014-08-08,2014,220,31.4,0,"low",20.4,0,0,75.86,7.83,579.216,0
"Rogers",2014-08-13,2014,225,73,0,"low",654.5,0.026,0.858,69.76,11.57,579.486,0
"Rogers",2014-08-14,2014,226,50.1,0,"low",73,0,0.026,78,4,579.225,0
"Rogers",2014-08-15,2014,227,12.6,0,"low",50.1,0,0,67.35,8.59,579.275,0
"Rogers",2014-08-20,2014,232,3.5,0,"low",9.9,0.236,0.236,84.57,11.18,579.32,0
"Rogers",2014-08-21,2014,233,3,0,"low",3.5,0,0.236,84.89,7.83,579.33,0
"Rogers",2014-08-22,2014,234,70,0,"low",3,0.987,0.987,76.93,5.61,579.35,0
"Rogers",2014-08-27,2014,239,26.5,0,"low",11.5,0.028,0.51,79.59,0.76,579.28,0
"Rogers",2014-08-28,2014,240,50,0,"low",26.5,0,0.028,75.78,6.81,579.262,0
"Rogers",2014-08-29,2014,241,17.5,0,"low",50,0.006,0.006,72.67,8.98,579.322,0
"Rogers",2015-05-21,2015,141,4.5,0,"low",10.2,0.045,0.045,45.72,8.43,579.495,0
"Rogers",2015-05-22,2015,142,1,0,"low",4.5,0,0.045,66.51,7.92,579.462,0
"Rogers",2015-05-28,2015,148,1.7,0,"low",2,0.116,0.607,71.03,8.66,579.525,0
"Rogers",2015-05-29,2015,149,1,0,"low",1.7,0,0.116,76.25,6.42,579.607,0
"Rogers",2015-06-03,2015,154,4.5,0,"low",19.5,0,0,63.32,4.38,579.794,0
"Rogers",2015-06-04,2015,155,1.4,0,"low",4.5,0,0,70.77,7.1,579.82,0
"Rogers",2015-06-05,2015,156,19.2,0,"low",1.4,0,0,77.42,8.02,579.79,0
"Rogers",2015-06-10,2015,161,1.4,0,"low",1.7,0,0.114,82.93,7.23,579.718,0
"Rogers",2015-06-11,2015,162,61.8,0,"low",1.4,0.026,0.026,91.19,7.7,579.761,0
"Rogers",2015-06-12,2015,163,36.7,0,"low",61.8,0.129,0.155,67.91,6.06,579.944,0
"Rogers",2015-06-17,2015,168,387.4,1,"exceed",59,0.006,1.072,70.62,9.42,580.016,1
"Rogers",2015-06-18,2015,169,2.2,0,"low",387.4,0.146,0.152,65.21,2.84,580.048,0
"Rogers",2015-06-19,2015,170,542.4,1,"exceed",2.2,0.171,0.317,79.82,5.85,580.048,0
"Rogers",2015-06-20,2015,171,48.6,0,"low",542.4,0,0.171,60.31,11.09,580.139,0
"Rogers",2015-06-24,2015,175,3,0,"low",7.7,0,0.026,76.28,4.65,580.017,0
"Rogers",2015-06-25,2015,176,37.8,0,"low",3,0,0,76.47,5.1,579.875,0
"Rogers",2015-06-26,2015,177,130,0,"moderate",37.8,0.545,0.545,75.92,0.57,580.153,0
"Rogers",2015-07-01,2015,182,222,0,"moderate",1,0.124,0.364,72.05,3.85,580.06,0
"Rogers",2015-07-02,2015,183,20.4,0,"low",222,0,0.124,61.86,7.96,580.091,0
"Rogers",2015-07-08,2015,189,387,1,"exceed",981.5,0.349,0.717,72.16,11.87,580.256,0
"Rogers",2015-07-09,2015,190,130.9,0,"moderate",387,0.039,0.388,63.21,6.98,580.11,0
"Rogers",2015-07-10,2015,191,57.7,0,"low",130.9,0.015,0.053,68.85,5.99,580.118,0
"Rogers",2015-07-15,2015,196,422,1,"exceed",1.4,0,0.482,76.51,9.8,580.248,0
"Rogers",2015-07-16,2015,197,81.2,0,"low",422,0,0,68.89,9.64,580.217,0
"Rogers",2015-07-17,2015,198,19.5,0,"low",81.2,0.612,0.612,73.18,6.53,580.058,0
"Rogers",2015-07-22,2015,203,3,0,"low",139.9,0,0,75.63,6.45,579.976,0
"Rogers",2015-07-23,2015,204,11.2,0,"low",3,0,0,76.89,1.45,579.948,0
"Rogers",2015-07-24,2015,205,25.3,0,"low",11.2,0,0,79.1,2.98,579.985,0
"Rogers",2015-07-29,2015,210,1.7,0,"low",9.9,0,0,84.63,5.29,580.004,0
"Rogers",2015-07-30,2015,211,7.3,0,"low",1.7,0.02,0.02,85.66,7.67,579.91,0
"Rogers",2015-07-31,2015,212,1,0,"low",7.3,0,0.02,86.46,11.39,579.79,0
"Rogers",2015-08-05,2015,217,6.9,0,"low",8.5,0,0.67,79.74,4.01,579.96,0
"Rogers",2015-08-06,2015,218,32.6,0,"low",6.9,0,0,77.78,4.38,580.036,0
"Rogers",2015-08-07,2015,219,20,0,"low",32.6,0,0,77.27,8.51,580.113,0
"Rogers",2015-08-12,2015,224,35.5,0,"low",68.6,0,0.279,76.22,6.07,580.042,0
"Rogers",2015-08-13,2015,225,7.1,0,"low",35.5,0,0,74.79,4.64,579.88,0
"Rogers",2015-08-14,2015,226,139.4,0,"moderate",7.1,0,0,83.08,10.26,579.753,0
"Rogers",2015-08-19,2015,231,3.5,0,"low",1.7,0.515,0.761,81.13,9.73,579.95,0
"Rogers",2015-08-20,2015,232,1,0,"low",3.5,0.021,0.537,75.18,14.42,579.717,0
"Rogers",2015-08-21,2015,233,1,0,"low",1,0,0.021,73.02,14.66,579.684,0
"Rogers",2015-08-26,2015,238,11.5,0,"low",4.5,0,0,67.19,5.51,579.697,0
"Rogers",2015-08-27,2015,239,108.8,0,"low",11.5,0,0,64.4,5.18,579.754,0
"Rogers",2015-08-28,2015,240,3.5,0,"low",108.8,0,0,70.22,1.3,579.792,0
"Rogers",2015-09-02,2015,245,1,0,"low",11.8,0,0,87.91,9.61,579.762,0
"Rogers",2015-09-03,2015,246,5,0,"low",1,0,0,88.95,6.94,579.77,0
"Rogers",2015-09-04,2015,247,114.7,0,"low",5,0,0,89.54,5.45,579.905,0
"Rogers",2016-06-02,2016,154,1,0,"low",11,0.312,0.752,75.06,1.73,580.465,0
"Rogers",2016-06-03,2016,155,1.4,0,"low",1,0,0.312,75.78,3.25,580.335,0
"Rogers",2016-06-08,2016,160,6.3,0,"low",43.1,0,0.018,63.07,8.17,580.418,0
"Rogers",2016-06-09,2016,161,6,0,"low",6.3,0,0,62.78,3.33,580.28,0
"Rogers",2016-06-10,2016,162,30,0,"low",6,0.124,0.124,69.82,6.34,580.367,0
"Rogers",2016-06-15,2016,167,4.5,0,"low",10.1,0,0.007,79.16,7.08,580.531,0
"Rogers",2016-06-16,2016,168,88.4,0,"low",4.5,0.304,0.304,84.91,6.36,580.513,0
"Rogers",2016-06-17,2016,169,130.5,0,"moderate",88.4,0,0.304,82.14,10.82,580.684,0
"Rogers",2016-06-22,2016,174,1.4,0,"low",6.9,0,0.004,78.98,4.33,580.311,0
"Rogers",2016-06-23,2016,175,101.2,0,"low",1.4,0.807,0.807,74.95,3.85,580.435,0
"Rogers",2016-06-24,2016,176,53.9,0,"low",101.2,0,0.807,72.06,7.68,580.579,0
"Rogers",2016-06-29,2016,181,30.5,0,"low",360.2,0,0,70.68,12.03,580.589,0
"Rogers",2016-06-30,2016,182,2.4,0,"low",30.5,0,0,74.03,2.55,580.371,0
"Rogers",2016-07-01,2016,183,262.3,1,"exceed",2.4,0,0,76.82,8.8,580.284,0
"Rogers",2016-07-07,2016,189,1,0,"low",12.1,0.952,0.952,84.8,6.98,580.282,0
"Rogers",2016-07-08,2016,190,3.5,0,"low",1,0.175,1.128,79.75,1.98,580.371,0
"Rogers",2016-07-13,2016,195,12.4,0,"low",1,0,0,87.68,13.39,580.23,0
"Rogers",2016-07-14,2016,196,1,0,"low",12.4,0.155,0.155,83.62,9.97,580.112,0
"Rogers",2016-07-15,2016,197,22.3,0,"low",1,0,0.155,85.99,14.05,580.105,0
"Rogers",2016-07-20,2016,202,18.4,0,"low",2.4,0,0.133,82.05,3.04,580.308,0
"Rogers",2016-07-21,2016,203,2,0,"low",18.4,0,0,85.41,5.89,580.289,0
"Rogers",2016-07-22,2016,204,15.1,0,"low",2,0.498,0.498,88.43,6.38,580.039,0
"Rogers",2016-07-26,2016,208,8.5,0,"low",1,0,0.46,82.42,1.07,580.19,0
"Rogers",2016-07-27,2016,209,2.2,0,"low",8.5,0,0,83.24,3.11,580.223,0
"Rogers",2016-07-28,2016,210,19.3,0,"low",2.2,0,0,84.66,2.75,580.259,0
"Rogers",2016-07-29,2016,211,80.3,0,"low",19.3,0.183,0.183,79.81,3.42,580.394,0
"Rogers",2016-08-03,2016,216,4.2,0,"low",7.9,0,0,81.98,5.66,580.397,0
"Rogers",2016-08-04,2016,217,14,0,"low",4.2,0,0,85.42,5.16,580.364,0
"Rogers",2016-08-05,2016,218,6.3,0,"low",14,0,0,88.34,6.25,580.276,0
"Rogers",2016-08-10,2016,223,108.4,0,"low",32,0,0,83.95,5.69,580.18,0
"Rogers",2016-08-11,2016,224,4.2,0,"low",108.4,0,0,84.76,3.79,580.164,0
"Rogers",2016-08-12,2016,225,23.9,0,"low",4.2,0,0,90.99,10.55,580.105,0
"Rogers",2016-08-17,2016,230,2.4,0,"low",37,0.045,0.077,81.67,2.43,580.308,0
"Rogers",2016-08-18,2016,231,17.3,0,"low",2.4,0.018,0.062,85.4,5.18,580.249,0
"Rogers",2016-08-19,2016,232,4.2,0,"low",17.3,0.609,0.627,84.52,7.79,580.213,0
"Rogers",2016-08-24,2016,237,220,0,"moderate",3.5,0,0,79.44,12.2,579.918,0
"Rogers",2016-08-31,2016,244,981.5,1,"exceed",19.8,0.107,0.292,81.75,1.23,580.223,0
"Rogers",2016-09-01,2016,245,164.1,0,"moderate",981.5,0,0.107,74.45,12.48,580.489,0
"Rogers",2016-09-02,2016,246,133.3,0,"moderate",164.1,0,0,71.52,13.71,580.577,0
"South Shore",2006-05-25,2006,145,113.1,0,"low",167.4,0.841,0.841,77.01,14.66,577.846,0
"South Shore",2006-05-26,2006,146,14,0,"low",113.1,0.166,1.008,74.79,12.68,577.922,0
"South Shore",2006-06-01,2006,152,13.4,0,"low",4.1,0,0.32,73.22,9.29,578.078,0
"South Shore",2006-06-02,2006,153,1.4,0,"low",13.4,0,0,67.43,10.62,578.091,0
"South Shore",2006-06-07,2006,158,501.7,1,"exceed",36.1,0,0,81.68,13.79,577.94,0
"South Shore",2006-06-08,2006,159,19.8,0,"low",501.7,0,0,73.76,5.49,578.118,0
"South Shore",2006-06-09,2006,160,1,0,"low",19.8,0,0,76.33,7.64,578.066,0
"South Shore",2006-06-14,2006,165,30.2,0,"low",1,0,0,65.59,8.26,578.077,0
"South Shore",2006-06-15,2006,166,3.5,0,"low",30.2,0,0,71.15,7.63,578.113,0
"South Shore",2006-06-16,2006,167,19.5,0,"low",3.5,0,0,82.83,5.43,578.093,0
"South Shore",2006-06-21,2006,172,2.3,0,"low",47.8,0,0,74.75,4.7,578.005,0
"South Shore",2006-06-22,2006,173,104.4,0,"low",2.3,0.06,0.06,88.22,10.37,577.913,0
"South Shore",2006-06-23,2006,174,9.9,0,"low",104.4,0.3,0.36,77.46,2.69,578.022,0
"South Shore",2006-06-28,2006,179,5.2,0,"low",137.3,0,0.31,76.23,3.01,578.035,0
"South Shore",2006-06-29,2006,180,1.4,0,"low",5.2,0.04,0.04,77.57,6.93,578.013,0
"South Shore",2006-06-30,2006,181,34.1,0,"low",1.4,0,0.04,75.53,3.83,577.952,0
"South Shore",2006-07-12,2006,193,12.8,0,"low",226.1,0.526,0.526,75.64,1.6,578.091,0
"South Shore",2006-07-13,2006,194,198.2,0,"moderate",12.8,0.098,0.624,73.86,10.64,578.161,0
"South Shore",2006-07-14,2006,195,86.5,0,"low",198.2,0,0.098,78.57,6.41,578.034,0
"South Shore",2006-07-19,2006,200,123.6,0,"low",775.3,0.09,0.09,78.84,10.48,578.065,0
"South Shore",2006-07-20,2006,201,279.5,1,"exceed",123.6,0,0.09,87.99,6.3,578.016,0
"South Shore",2006-07-21,2006,202,473.3,1,"exceed",279.5,0.733,0.733,80.95,4.79,577.928,0
"South Shore",2006-07-22,2006,203,92.2,0,"low",473.3,0.03,0.763,75.91,14.57,578.108,0
"South Shore",2006-07-26,2006,207,162.6,0,"moderate",31.5,0,0,88.97,14.45,577.764,0
"South Shore",2006-07-27,2006,208,749.7,1,"exceed",162.6,0.13,0.13,82.42,13.75,577.861,0
"South Shore",2006-07-28,2006,209,225.9,0,"moderate",749.7,0.02,0.15,85.65,5.82,577.947,0
"South Shore",2006-08-02,2006,214,33.1,0,"low",37,0,0,94.28,14.7,577.792,0
"South Shore",2006-08-03,2006,215,487.8,1,"exceed",33.1,0.374,0.374,93.97,17.19,577.893,0
"South Shore",2006-08-04,2006,216,41.5,0,"low",487.8,0.675,1.049,76.78,5.15,578.06,0
"South Shore",2006-08-09,2006,221,10.1,0,"low",21.9,0,0,75.88,12.45,578.109,0
"South Shore",2006-08-10,2006,222,183.4,0,"moderate",10.1,0.11,0.11,80.59,7.97,577.977,0
"South Shore",2006-08-11,2006,223,134.3,0,"moderate",183.4,0.518,0.628,76.28,4.39,578.171,0
"South Shore",2006-08-16,2006,228,23.3,0,"low",29,0,0,76.15,3.2,577.826,0
"South Shore",2006-08-17,2006,229,18.7,0,"low",23.3,0,0,77.32,7.33,577.919,0
"South Shore",2006-08-18,2006,230,96.2,0,"low",18.7,0,0,78.97,6.32,577.95,0
"South Shore",2006-08-23,2006,235,268.6,1,"exceed",11.4,0,0,81.24,1.37,577.883,0
"South Shore",2006-08-24,2006,236,249.5,1,"exceed",268.6,0,0,85.48,4.53,577.925,0
"South Shore",2006-08-25,2006,237,371.6,1,"exceed",249.5,0.57,0.57,82.71,6.27,577.945,0
"South Shore",2006-08-30,2006,242,91.7,0,"low",236.1,0.093,1.521,67.93,11.83,578.246,0
"South Shore",2006-08-31,2006,243,55.6,0,"low",91.7,0.095,0.188,73.22,11.89,578.4,0
"South Shore",2006-09-01,2006,244,184.5,0,"moderate",55.6,0,0.095,72.68,13.25,578.358,0
"South Shore",2007-05-30,2007,150,11.3,0,"low",10,0,0,85.49,6.35,577.877,0
"South Shore",2007-05-31,2007,151,150.5,0,"moderate",11.3,0,0,87.07,8.86,577.828,0
"South Shore",2007-06-01,2007,152,218.3,0,"moderate",150.5,0.22,0.22,78.22,7.27,577.775,0
"South Shore",2007-06-06,2007,157,103.5,0,"low",166.8,0.27,0.52,60.21,9.37,577.92,0
"South Shore",2007-06-07,2007,158,79.2,0,"low",103.5,0,0.27,78.27,7.65,577.75,0
"South Shore",2007-06-08,2007,159,586.4,1,"exceed",79.2,0,0,91.3,18.34,577.59,0
"South Shore",2007-06-13,2007,164,93.2,0,"low",195.2,0,0,74.16,7.36,577.911,0
"South Shore",2007-06-14,2007,165,48.7,0,"low",93.2,0,0,75.85,6.79,577.919,0
"South Shore",2007-06-15,2007,166,44.2,0,"low",48.7,0,0,76.55,5.24,577.939,0
"South Shore",2007-06-20,2007,171,135.4,0,"moderate",770.1,0.54,0.54,79.84,7.68,577.746,0
"South Shore",2007-06-21,2007,172,132.3,0,"moderate",135.4,0,0.54,80.08,0.87,577.675,0
"South Shore",2007-06-22,2007,173,435.2,1,"exceed",132.3,0,0,78.72,3.76,577.785,0
"South Shore",2007-06-27,2007,178,25.7,0,"low",10.5,0,0,85.56,6.55,577.738,0
"South Shore",2007-06-28,2007,179,2419.6,1,"exceed",25.7,0.35,0.35,87.07,6.92,577.706,0
"South Shore",2007-06-29,2007,180,142.5,0,"moderate",2419.6,0,0.35,74.47,10.29,578.045,0
"South Shore",2007-07-04,2007,185,820.5,1,"exceed",37,0.01,0.01,80.57,6.19,577.696,0
"South Shore",2007-07-05,2007,186,144.9,0,"moderate",820.5,0.55,0.56,78.45,2.29,577.806,0
"South Shore",2007-07-06,2007,187,858.2,1,"exceed",144.9,0,0.55,78.67,2.42,577.759,0
"South Shore",2007-07-11,2007,192,300.7,1,"exceed",97,0.15,0.28,86.14,7.33,577.716,0
"South Shore",2007-07-12,2007,193,41.8,0,"low",300.7,0,0.15,75.99,5.48,577.669,0
"South Shore",2007-07-13,2007,194,126.2,0,"moderate",41.8,0,0,79.32,8.19,577.625,0
"South Shore",2007-07-18,2007,199,252.2,1,"exceed",596,0.11,0.11,82.03,4.99,577.769,0
"South Shore",2007-07-19,2007,200,515.4,1,"exceed",252.2,0.666,0.776,84.44,7.67,577.683,0
"South Shore",2007-07-20,2007,201,246.6,1,"exceed",515.4,0.116,0.782,78.26,6.52,577.95,0
"South Shore",2007-07-25,2007,206,73.8,0,"low",89.6,0,0,76.49,1.32,577.688,0
"South Shore",2007-07-26,2007,207,2419.6,1,"exceed",73.8,0,0,81.11,5.93,577.674,0
"South Shore",2007-07-27,2007,208,793.6,1,"exceed",2419.6,0.688,0.688,83.06,6.68,577.661,0
"South Shore",2007-07-28,2007,209,137,0,"moderate",793.6,0.06,0.748,77.83,1.83,577.755,0
"South Shore",2007-08-01,2007,213,163.6,0,"moderate",92.5,0,0,84.06,2.56,577.675,0
"South Shore",2007-08-02,2007,214,71.9,0,"low",163.6,0,0,85.16,2.48,577.682,0
"South Shore",2007-08-03,2007,215,422.7,1,"exceed",71.9,0,0,89.31,5.74,577.563,0
"South Shore",2007-08-04,2007,216,191.4,0,"moderate",422.7,0,0,80.97,4.03,577.671,0
"South Shore",2007-08-08,2007,220,54.8,0,"low",44.3,0.14,0.16,91.44,5.4,577.645,0
"South Shore",2007-08-09,2007,221,83.9,0,"low",54.8,0.322,0.462,83.49,3.03,577.665,0
"South Shore",2007-08-10,2007,222,118,0,"low",83.9,0.2,0.522,85.38,1.89,577.71,0
"South Shore",2007-08-15,2007,227,39.3,0,"low",67.5,0.42,0.42,83.65,6.76,577.495,0
"South Shore",2007-08-16,2007,228,20.8,0,"low",39.3,1.18,1.6,78.86,4.58,577.561,0
"South Shore",2007-08-17,2007,229,105.4,0,"low",20.8,0,1.18,75.27,4.11,577.507,0
"South Shore",2007-08-22,2007,234,20.7,0,"low",16.5,0.024,0.858,83.39,2.79,577.727,0
"South Shore",2007-08-23,2007,235,162.4,0,"moderate",20.7,1.074,1.098,89.53,5.13,577.464,0
"South Shore",2007-08-24,2007,236,299.1,1,"exceed",162.4,1.226,2.299,87.79,7.85,577.425,1
"South Shore",2007-08-25,2007,237,625.8,1,"exceed",299.1,0.29,1.516,80.9,5.83,577.509,1
"South Shore",2007-08-26,2007,238,560.7,1,"exceed",625.8,0.231,0.521,72.82,2.76,577.618,0
"South Shore",2007-08-27,2007,239,22.1,0,"low",560.7,0,0.231,74.58,1.99,577.588,0
"South Shore",2007-08-28,2007,240,27.8,0,"low",22.1,0,0,81.63,5.22,577.524,0
"South Shore",2007-08-29,2007,241,90.9,0,"low",27.8,0,0,91.59,7.25,577.484,0
"South Shore",2007-08-30,2007,242,15,0,"low",90.9,0,0,83.33,3.51,577.699,0
"South Shore",2007-08-31,2007,243,54.9,0,"low",15,0,0,71.24,11.56,577.78,0
"South Shore",2008-05-29,2008,150,50.4,0,"low",40.9,0,0,54.97,9.29,577.973,0
"South Shore",2008-05-30,2008,151,58.5,0,"low",50.4,0.13,0.13,62.31,3.28,577.753,0
"South Shore",2008-06-04,2008,156,159.9,0,"moderate",902.3,0.56,0.56,69.72,3.78,577.949,0
"South Shore",2008-06-05,2008,157,15.3,0,"low",159.9,0.133,0.693,70.29,4.1,578.065,0
"South Shore",2008-06-06,2008,158,2.5,0,"low",15.3,0.509,0.642,87.05,12.37,577.936,0
"South Shore",2008-06-11,2008,163,26.2,0,"low",7.2,0.01,0.38,80.51,7.33,577.908,0
"South Shore",2008-06-12,2008,164,351.4,1,"exceed",26.2,0,0.01,84.05,12.15,578.155,0
"South Shore",2008-06-13,2008,165,2419.6,1,"exceed",351.4,0,0,89.72,19.81,578.215,0
"South Shore",2008-06-14,2008,166,7.8,0,"low",2419.6,0.23,0.23,81.88,12.55,578.211,0
"South Shore",2008-06-18,2008,170,20.4,0,"low",99.3,0,0,75.79,8.61,578.079,0
"South Shore",2008-06-19,2008,171,49.6,0,"low",20.4,0,0,67.72,6.66,578.15,0
"South Shore",2008-06-20,2008,172,3.6,0,"low",49.6,0.01,0.01,73.56,3.49,578.13,0
"South Shore",2008-06-25,2008,177,19.7,0,"low",25.1,0,0,75.63,4.99,578.148,0
"South Shore",2008-06-26,2008,178,27,0,"low",19.7,0.22,0.22,80.69,10.84,578.1,0
"South Shore",2008-06-27,2008,179,98.3,0,"low",27,0,0.22,85.36,7.39,578.16,0
"South Shore",2008-07-02,2008,184,24.4,0,"low",130.4,0,0,82.07,8.15,578.09,0
"South Shore",2008-07-03,2008,185,106.1,0,"low",24.4,0.01,0.01,86.31,13.66,578.098,0
"South Shore",2008-07-09,2008,191,366.8,1,"exceed",751.4,0.629,0.845,83.71,9.05,578.235,0
"South Shore",2008-07-10,2008,192,55.1,0,"low",366.8,0.139,0.768,76.86,2.86,578.223,0
"South Shore",2008-07-11,2008,193,530.6,1,"exceed",55.1,0.343,0.482,82.49,11.52,578.145,0
"South Shore",2008-07-12,2008,194,48.4,0,"low",530.6,0.043,0.386,82.26,5.6,578.464,0
"South Shore",2008-07-16,2008,198,10.4,0,"low",14.6,0,0,89.19,8.28,578.149,0
"South Shore",2008-07-17,2008,199,516.9,1,"exceed",10.4,0,0,88.09,5.96,578.227,0
"South Shore",2008-07-18,2008,200,10.3,0,"low",516.9,0,0,88.14,8.71,578.239,0
"South Shore",2008-07-23,2008,205,172.3,0,"moderate",211.6,0.06,0.139,71.4,9.58,578.575,0
"South Shore",2008-07-24,2008,206,33.8,0,"low",172.3,0,0.06,74.65,9.43,578.516,0
"South Shore",2008-07-25,2008,207,56,0,"low",33.8,0,0,78.92,0.74,578.37,0
"South Shore",2008-07-30,2008,212,8.4,0,"low",140,0.19,0.19,86.71,4.17,578.319,0
"South Shore",2008-07-31,2008,213,16.7,0,"low",8.4,0.04,0.23,83.38,4.81,578.298,0
"South Shore",2008-08-01,2008,214,74,0,"low",16.7,0.7,0.74,81.58,3.29,578.233,0
"South Shore",2008-08-06,2008,219,235.3,1,"exceed",1546.2,0.09,0.648,79.43,1.46,578.461,0
"South Shore",2008-08-07,2008,220,124.5,0,"low",235.3,0.01,0.1,79.98,3.34,578.291,0
"South Shore",2008-08-08,2008,221,517.2,1,"exceed",124.5,0.01,0.02,76.52,7.05,578.517,0
"South Shore",2008-08-09,2008,222,55.9,0,"low",517.2,0,0.01,73.69,7.26,578.385,0
"South Shore",2008-08-13,2008,226,47.4,0,"low",13,0,0,73.26,3.33,578.41,0
"South Shore",2008-08-14,2008,227,42.7,0,"low",47.4,0,0,73.13,2.81,578.427,0
"South Shore",2008-08-15,2008,228,70.7,0,"low",42.7,0,0,73.36,8.1,578.574,0
"South Shore",2008-08-20,2008,233,24,0,"low",139.1,0,0,76.88,5.79,578.565,0
"South Shore",2008-08-21,2008,234,3,0,"low",24,0,0,75.73,6.4,578.485,0
"South Shore",2008-08-22,2008,235,10.8,0,"low",3,0,0,79.24,6.35,578.367,0
"South Shore",2008-08-27,2008,240,15.7,0,"low",16.3,0,0,71.98,9.53,578.403,0
"South Shore",2008-08-28,2008,241,15.3,0,"low",15.7,0,0,74.54,4.69,578.309,0
"South Shore",2008-08-29,2008,242,169.5,0,"moderate",15.3,0.02,0.02,79.65,6.17,578.204,0
"South Shore",2009-05-28,2009,148,24.9,0,"low",76.8,0.044,1.048,72.31,1.53,579.11,0
"South Shore",2009-05-29,2009,149,3.6,0,"low",24.9,0,0.044,60.88,4.75,578.911,0
"South Shore",2009-06-03,2009,154,43.9,0,"low",57.3,0.01,1.089,54.86,9.66,579.017,0
"South Shore",2009-06-04,2009,155,61.7,0,"low",43.9,0,0.01,56.28,11.52,579.015,0
"South Shore",2009-06-05,2009,156,22.4,0,"low",61.7,0,0,64.38,6.75,578.901,0
"South Shore",2009-06-10,2009,161,7.1,0,"low",43.8,0,0.08,62.96,5.54,579.142,0
"South Shore",2009-06-11,2009,162,345.2,1,"exceed",7.1,0.086,0.086,60.04,7.9,579.027,0
"South Shore",2009-06-12,2009,163,10.9,0,"low",345.2,0.868,0.953,58.56,9.54,579.194,0
"South Shore",2009-06-17,2009,168,280.5,1,"exceed",142.3,0.876,1.156,67.66,9.16,579.153,0
"South Shore",2009-06-18,2009,169,26.8,0,"low",280.5,0,0.876,68.93,2.33,579.141,0
"South Shore",2009-06-19,2009,170,434.5,1,"exceed",26.8,0.137,0.137,80.19,4.01,579.036,0
"South Shore",2009-06-20,2009,171,17,0,"low",434.5,1,1.137,87.29,6.72,578.927,0
"South Shore",2009-06-24,2009,175,2,0,"low",50,0,0.08,85.14,3.41,579.09,0
"South Shore",2009-06-25,2009,176,32.2,0,"low",2,0.07,0.07,88.34,0.79,579.048,0
"South Shore",2009-06-26,2009,177,516.5,1,"exceed",32.2,0,0.07,82.38,1.68,579.084,0
"South Shore",2009-07-01,2009,182,23.9,0,"low",269.1,0,0,68.49,6.99,579.061,0
"South Shore",2009-07-02,2009,183,89.6,0,"low",23.9,0,0,64.25,4.83,579.068,0
"South Shore",2009-07-08,2009,189,149.9,0,"moderate",118.4,0,0,71.26,5.48,579.018,0
"South Shore",2009-07-09,2009,190,101,0,"low",149.9,0.17,0.17,67.58,6.3,579.049,0
"South Shore",2009-07-10,2009,191,144,0,"moderate",101,0,0.17,74.53,5.17,579.128,0
"South Shore",2009-07-15,2009,196,106.9,0,"low",111.3,0,0,78.36,6.23,578.959,0
"South Shore",2009-07-16,2009,197,37.1,0,"low",106.9,0.7,0.7,85.24,7.57,578.83,0
"South Shore",2009-07-17,2009,198,80.9,0,"low",37.1,0.17,0.87,81.07,7,578.827,0
"South Shore",2009-07-22,2009,203,270.7,1,"exceed",30.2,0,0,76.14,4.28,579.032,0
"South Shore",2009-07-23,2009,204,35.5,0,"low",270.7,0,0,73.45,2.4,579.107,0
"South Shore",2009-07-24,2009,205,143.9,0,"moderate",35.5,0.17,0.17,73.93,2.34,579.058,0
"South Shore",2009-07-29,2009,210,596,1,"exceed",31.1,0.04,0.04,83.49,4.69,578.877,0
"South Shore",2009-07-30,2009,211,27.6,0,"low",596,0,0.04,72.83,4.9,578.896,0
"South Shore",2009-07-31,2009,212,49.5,0,"low",27.6,0,0,77.45,5.51,578.84,0
"South Shore",2009-08-05,2009,217,260.8,1,"exceed",71.6,0,0.06,77.42,1.25,578.907,0
"South Shore",2009-08-06,2009,218,105.8,0,"low",260.8,0,0,72.77,5.33,578.799,0
"South Shore",2009-08-07,2009,219,291.6,1,"exceed",105.8,0,0,74.38,2.38,578.84,0
"South Shore",2009-08-12,2009,224,190,0,"moderate",35.2,0,0,75.2,5.53,579.043,0
"South Shore",2009-08-13,2009,225,93.2,0,"low",190,0,0,74.68,5.26,578.94,0
"South Shore",2009-08-14,2009,226,12.6,0,"low",93.2,0,0,79.89,2.99,578.885,0
"South Shore",2009-08-19,2009,231,447.3,1,"exceed",20.8,0.06,0.589,83.46,6.04,578.846,0
"South Shore",2009-08-20,2009,232,34.9,0,"low",447.3,0.28,0.34,78.69,4.07,578.865,0
"South Shore",2009-08-21,2009,233,7.7,0,"low",34.9,0.086,0.367,76.48,12.33,578.875,0
"South Shore",2009-08-26,2009,238,26.1,0,"low",58.1,0,0,79.8,9.01,578.733,0
"South Shore",2009-08-27,2009,239,107.3,0,"low",26.1,0.513,0.513,71.44,3.39,578.996,0
"South Shore",2009-08-28,2009,240,142.1,0,"moderate",107.3,0.805,1.318,67.6,10.51,579.078,0
"South Shore",2009-09-02,2009,245,40.4,0,"low",126,0,0,67.42,4.59,578.965,0
"South Shore",2009-09-03,2009,246,17.8,0,"low",40.4,0,0,68.47,4.23,578.963,0
"South Shore",2010-05-27,2010,147,2419.6,1,"exceed",467,0,0,77,3.28,578.118,0
"South Shore",2010-05-28,2010,148,24.8,0,"low",2419.6,0,0,67.3,11.34,578.183,0
"South Shore",2010-06-03,2010,154,41.2,0,"low",201.5,1.28,1.28,75.59,2.53,578.187,0
"South Shore",2010-06-04,2010,155,155.6,0,"moderate",41.2,0,1.28,67.42,7.86,578.22,0
"South Shore",2010-06-09,2010,160,41.4,0,"low",114.1,0.306,0.306,69.88,8.12,578.131,0
"South Shore",2010-06-10,2010,161,48.5,0,"low",41.4,0,0.306,82.58,7.37,578.265,0
"South Shore",2010-06-11,2010,162,143.1,0,"moderate",48.5,0,0,79.79,3.86,578.175,0
"South Shore",2010-06-16,2010,167,2.6,0,"low",36.2,0.572,0.712,77.41,0.7,578.43,0
"South Shore",2010-06-17,2010,168,98.6,0,"low",2.6,0,0.572,80.15,5.07,578.48,0
"South Shore",2010-06-18,2010,169,164.4,0,"moderate",98.6,0,0,76.35,4.94,578.355,0
"South Shore",2010-06-23,2010,174,276.3,1,"exceed",379.9,0.922,1.297,85.95,6.68,578.446,0
"South Shore",2010-06-24,2010,175,20.3,0,"low",276.3,1.244,2.166,86.67,8.67,578.17,0
"South Shore",2010-06-25,2010,176,97.2,0,"low",20.3,0.118,1.362,75.86,1.69,578.34,0
"South Shore",2010-06-30,2010,181,26.8,0,"low",122.8,0,1.28,69.69,7.87,578.385,0
"South Shore",2010-07-01,2010,182,45.7,0,"low",26.8,0,0,70.03,4.39,578.399,0
"South Shore",2010-07-02,2010,183,59.3,0,"low",45.7,0,0,73.95,5.85,578.397,0
"South Shore",2010-07-08,2010,189,748.2,1,"exceed",84.8,0.111,0.141,90.2,3.41,578.271,0
"South Shore",2010-07-09,2010,190,760.1,1,"exceed",748.2,0.255,0.366,79.44,0.93,578.34,0
"South Shore",2010-07-14,2010,195,19,0,"low",251,0.07,0.083,80.39,4.88,578.445,0
"South Shore",2010-07-15,2010,196,1250.6,1,"exceed",19,0,0.07,88.71,7.68,578.348,0
"South Shore",2010-07-16,2010,197,9.7,0,"low",1250.6,0,0,90.81,6.3,578.358,0
"South Shore",2010-07-21,2010,202,56.5,0,"low",19.4,0,0,82.13,5.81,578.354,0
"South Shore",2010-07-22,2010,203,287,1,"exceed",56.5,0,0,82.43,0.06,578.33,0
"South Shore",2010-07-23,2010,204,83.6,0,"low",287,1.56,1.56,87.78,7.82,578.234,0
"South Shore",2010-07-28,2010,209,170.3,0,"moderate",614,0,0,86.83,5.33,578.336,0
"South Shore",2010-07-29,2010,210,1938.5,1,"exceed",170.3,0,0,89.03,4.83,578.268,0
"South Shore",2010-07-30,2010,211,448,1,"exceed",1938.5,0,0,77.82,5.46,578.413,0
"South Shore",2010-07-31,2010,212,33.1,0,"low",448,0,0,77.55,4.83,578.436,0
"South Shore",2010-08-04,2010,216,254.5,1,"exceed",8.3,1.27,1.342,82.39,2.92,578.278,0
"South Shore",2010-08-05,2010,217,34.3,0,"low",254.5,0.57,1.84,79.31,2.87,578.327,0
"South Shore",2010-08-06,2010,218,66.8,0,"low",34.3,0,0.57,84.52,7.51,578.252,0
"South Shore",2010-08-11,2010,223,268.6,1,"exceed",77.7,0,0,82.04,3.75,578.372,0
"South Shore",2010-08-12,2010,224,66.5,0,"low",268.6,0,0,89.82,3.41,578.417,0
"South Shore",2010-08-13,2010,225,97.1,0,"low",66.5,0,0,84,2.85,578.441,0
"South Shore",2010-08-18,2010,230,23.2,0,"low",11.3,0.015,0.015,75.31,2.47,578.056,0
"South Shore",2010-08-19,2010,231,116.5,0,"low",23.2,0.07,0.085,79.65,2.2,578.04,0
"South Shore",2010-08-20,2010,232,1184,1,"exceed",116.5,0,0.07,86.2,4.2,578.133,0
"South Shore",2010-08-21,2010,233,603.8,1,"exceed",1184,0,0,90.11,10.03,578.218,0
"South Shore",2010-08-25,2010,237,65.3,0,"low",62.1,0,0,77.43,4.37,578.324,0
"South Shore",2010-08-26,2010,238,251.6,1,"exceed",65.3,0,0,75.86,8.31,578.394,0
"South Shore",2010-08-27,2010,239,25.2,0,"low",251.6,0,0,74.51,3.7,578.22,0
"South Shore",2010-09-01,2010,244,88.8,0,"low",4,0,0,90.34,11.4,577.888,0
"South Shore",2010-09-02,2010,245,149.2,0,"moderate",88.8,0.17,0.17,80.67,5.2,578.083,0
"South Shore",2010-09-03,2010,246,26.4,0,"low",149.2,0.636,0.806,81.87,7.06,578.112,0
"South Shore",2011-06-02,2011,153,141.4,0,"moderate",1.4,0,0,81.62,10.04,577.848,0
"South Shore",2011-06-03,2011,154,33.7,0,"low",141.4,0,0,70.79,6.35,578.122,0
"South Shore",2011-06-08,2011,159,511.4,1,"exceed",37.1,0,0,95.45,9.31,578.207,0
"South Shore",2011-06-09,2011,160,697.7,1,"exceed",511.4,0,0,94.09,10.83,578.026,0
"South Shore",2011-06-10,2011,161,58.6,0,"low",697.7,2.745,2.745,73.74,5.84,578.433,0
"South Shore",2011-06-14,2011,165,572.5,1,"exceed",14.5,0,0,63.86,6.43,578.269,0
"South Shore",2011-06-15,2011,166,86.8,0,"low",572.5,0.053,0.053,69.96,6.18,578.393,0
"South Shore",2011-06-16,2011,167,44.1,0,"low",86.8,0.532,0.585,70.14,9.33,578.392,0
"South Shore",2011-06-17,2011,168,474.4,1,"exceed",44.1,0.095,0.626,79.07,4.19,578.404,0
"South Shore",2011-06-18,2011,169,194.6,0,"moderate",474.4,0,0.095,73.43,2.76,578.358,0
"South Shore",2011-06-22,2011,173,41.5,0,"low",67.2,0.08,0.539,87.64,11.93,578.507,0
"South Shore",2011-06-23,2011,174,4.4,0,"low",41.5,0.02,0.1,73.37,12.17,578.479,0
"South Shore",2011-06-24,2011,175,4.4,0,"low",4.4,0.05,0.07,71.15,10.59,578.452,0
"South Shore",2011-06-29,2011,180,49.2,0,"low",19.8,0,0.1,76.58,3.81,578.418,0
"South Shore",2011-06-30,2011,181,149,0,"moderate",49.2,0,0,74.15,2.78,578.346,0
"South Shore",2011-07-01,2011,182,1166.1,1,"exceed",149,0.282,0.282,85.32,6.51,578.499,0
"South Shore",2011-07-02,2011,183,16.3,0,"low",1166.1,0.238,0.52,82.24,10.29,578.269,0
"South Shore",2011-07-07,2011,188,263.8,1,"exceed",32,0,0,81.26,5.52,578.427,0
"South Shore",2011-07-08,2011,189,25.1,0,"low",263.8,0.07,0.07,73.59,4.72,578.479,0
"South Shore",2011-07-13,2011,194,88.4,0,"low",47.3,0.01,0.13,81.72,4.57,578.425,0
"South Shore",2011-07-14,2011,195,39.7,0,"low",88.4,0,0.01,71.89,11.44,578.567,0
"South Shore",2011-07-15,2011,196,22.9,0,"low",39.7,0,0,75.7,6.35,578.524,0
"South Shore",2011-07-20,2011,201,1090.9,1,"exceed",816.5,0,0,83.18,2.86,578.506,0
"South Shore",2011-07-21,2011,202,8,0,"low",1090.9,0,0,97.93,6.07,578.262,0
"South Shore",2011-07-22,2011,203,743.1,1,"exceed",8,0.01,0.01,98.26,3.85,578.262,0
"South Shore",2011-07-23,2011,204,1252.9,1,"exceed",743.1,0.648,0.658,88.26,3.51,578.352,0
"South Shore",2011-07-24,2011,205,83.7,0,"low",1252.9,0.16,0.808,81.77,0.92,578.388,0
"South Shore",2011-07-25,2011,206,93.3,0,"low",83.7,0.21,0.37,83.35,1.1,578.48,0
"South Shore",2011-07-26,2011,207,24.6,0,"low",93.3,0.02,0.23,77.29,3.18,578.434,1
"South Shore",2011-07-27,2011,208,59.4,0,"low",24.6,0.01,0.03,79.48,4.24,578.367,0
"South Shore",2011-07-28,2011,209,28.7,0,"low",59.4,0,0.01,89.25,6.07,578.342,0
"South Shore",2011-07-29,2011,210,43.9,0,"low",28.7,0.549,0.549,83.3,3.23,578.504,0
"South Shore",2011-08-03,2011,215,255.4,1,"exceed",27.5,0.28,0.28,91.18,7.34,578.36,0
"South Shore",2011-08-04,2011,216,112.8,0,"low",255.4,0,0.28,79.74,7.99,578.64,0
"South Shore",2011-08-05,2011,217,170.9,0,"moderate",112.8,0,0,77.69,6.19,578.494,0
"South Shore",2011-08-10,2011,222,139.5,0,"moderate",45.9,0.01,0.26,81.39,8.43,578.409,0
"South Shore",2011-08-11,2011,223,62.5,0,"low",139.5,0,0.01,73.85,4.55,578.37,0
"South Shore",2011-08-12,2011,224,40.1,0,"low",62.5,0,0,76.94,1.43,578.252,0
"South Shore",2011-08-17,2011,229,39.2,0,"low",45.1,0,0,79.94,2.41,578.422,0
"South Shore",2011-08-18,2011,230,135,0,"moderate",39.2,0,0,82.69,5.84,578.338,0
"South Shore",2011-08-19,2011,231,28.5,0,"low",135,0,0,78.1,3.59,578.409,0
"South Shore",2011-08-24,2011,236,761.9,1,"exceed",101.9,0.298,0.298,78.11,9.26,577.898,0
"South Shore",2011-08-25,2011,237,560.3,1,"exceed",761.9,0,0.298,91,8.54,578.087,0
"South Shore",2011-08-26,2011,238,31.9,0,"low",560.3,0,0,75.02,5.62,578.259,0
"South Shore",2011-08-31,2011,243,56.4,0,"low",52.9,0.01,0.01,79.04,6.48,578.113,0
"South Shore",2011-09-01,2011,244,43.3,0,"low",56.4,0.06,0.07,87.68,6.09,578.181,0
"South Shore",2011-09-02,2011,245,21.4,0,"low",43.3,0,0.06,92.52,4.99,578.263,0
"South Shore",2012-05-24,2012,145,7.9,0,"low",33,0,0.011,71.05,3.96,577.847,0
"South Shore",2012-05-25,2012,146,22.3,0,"low",7.9,0,0,85.77,14.84,577.695,0
"South Shore",2012-05-31,2012,152,43,0,"low",86.7,0,0.006,67.98,6.08,577.868,0
"South Shore",2012-06-01,2012,153,168.2,0,"moderate",43,0.583,0.583,54.67,12.63,577.991,0
"South Shore",2012-06-06,2012,158,23.5,0,"low",29.3,0,0,63.2,8.84,578.029,0
"South Shore",2012-06-07,2012,159,6.9,0,"low",23.5,0,0,67.86,6.43,577.873,0
"South Shore",2012-06-08,2012,160,15.6,0,"low",6.9,0,0,70.86,3.08,577.767,0
"South Shore",2012-06-13,2012,165,59.6,0,"low",1013.7,0,0.027,76.78,6.48,577.847,0
"South Shore",2012-06-14,2012,166,49.5,0,"low",59.6,0,0,66.72,7.32,577.781,0
"South Shore",2012-06-15,2012,167,80.9,0,"low",49.5,0,0,76.53,6.35,577.847,0
"South Shore",2012-06-20,2012,172,230.9,0,"moderate",27.6,0,0,89.69,13.54,577.656,0
"South Shore",2012-06-21,2012,173,26.1,0,"low",230.9,0,0,89.63,12.95,577.635,0
"South Shore",2012-06-22,2012,174,316.7,1,"exceed",26.1,0.034,0.034,81.05,5.54,577.678,0
"South Shore",2012-06-23,2012,175,107.8,0,"low",316.7,0,0.034,75.47,2.84,577.778,0
"South Shore",2012-06-27,2012,179,165.4,0,"moderate",116.4,0,0,73.45,6.15,577.866,0
"South Shore",2012-06-28,2012,180,53.3,0,"low",165.4,0,0,87.55,10.54,577.697,0
"South Shore",2012-06-29,2012,181,383.5,1,"exceed",53.3,0.103,0.103,98.57,6.7,577.777,0
"South Shore",2012-06-30,2012,182,67.6,0,"low",383.5,0.452,0.556,84.34,2.5,577.622,0
"South Shore",2012-07-11,2012,193,194.1,0,"moderate",121.5,0,0,76.49,10.56,577.973,0
"South Shore",2012-07-12,2012,194,8.4,0,"low",194.1,0,0,79.48,6.5,577.899,0
"South Shore",2012-07-13,2012,195,24.8,0,"low",8.4,0,0,83.42,6.23,577.818,0
"South Shore",2012-07-18,2012,200,728.8,1,"exceed",47.7,0,0,97.96,7.57,577.557,0
"South Shore",2012-07-19,2012,201,175.9,0,"moderate",728.8,0.008,0.008,83.23,5.78,577.851,0
"South Shore",2012-07-20,2012,202,65.5,0,"low",175.9,1.022,1.029,79.59,3.31,578.002,0
"South Shore",2012-07-25,2012,207,27.9,0,"low",162,0.223,0.236,87.51,5.35,577.691,0
"South Shore",2012-07-26,2012,208,83.8,0,"low",27.9,0.004,0.227,97.89,8.02,577.568,0
"South Shore",2012-07-27,2012,209,15.7,0,"low",83.8,0.09,0.094,88.44,6.38,577.626,0
"South Shore",2012-08-01,2012,214,32.7,0,"low",236.6,0.486,0.486,81.22,4.05,577.69,0
"South Shore",2012-08-02,2012,215,43.6,0,"low",32.7,0,0.486,81.27,5.14,577.611,0
"South Shore",2012-08-03,2012,216,56,0,"low",43.6,0,0,86.47,3.36,577.487,0
"South Shore",2012-08-08,2012,221,37.8,0,"low",23.9,0,0,91.01,6,577.429,0
"South Shore",2012-08-09,2012,222,62,0,"low",37.8,0.029,0.029,80.29,7.59,577.633,0
"South Shore",2012-08-10,2012,223,516.9,1,"exceed",62,0.004,0.033,74.32,8.19,577.712,0
"South Shore",2012-08-11,2012,224,52.9,0,"low",516.9,0.306,0.31,72.45,15.03,578.254,0
"South Shore",2012-08-15,2012,228,28.8,0,"low",7.1,0.056,0.322,76.05,0.76,577.66,0
"South Shore",2012-08-16,2012,229,298.7,1,"exceed",28.8,0,0.056,84.36,5.02,577.546,0
"South Shore",2012-08-17,2012,230,88.2,0,"low",298.7,0.244,0.244,75.3,7.18,577.427,0
"South Shore",2012-08-22,2012,235,134.1,0,"moderate",15.5,0,0.367,73.45,2.22,577.366,0
"South Shore",2012-08-23,2012,236,24.5,0,"low",134.1,0,0,78.91,4.24,577.252,0
"South Shore",2012-08-24,2012,237,30.5,0,"low",24.5,0,0,87.7,7.27,577.205,0
"South Shore",2012-08-29,2012,242,30.9,0,"low",204.7,0,0.008,77.9,4.47,577.305,0
"South Shore",2012-08-30,2012,243,16.1,0,"low",30.9,0,0,77.18,5.48,577.268,0
"South Shore",2012-08-31,2012,244,9,0,"low",16.1,0,0,87.98,9.26,576.952,0
"South Shore",2013-05-23,2013,143,2420,1,"exceed",59.1,0.3,0.595,72.03,6.01,577.623,0
"South Shore",2013-05-24,2013,144,78.4,0,"low",2420,0.058,0.357,55.01,18.61,578.166,0
"South Shore",2013-05-30,2013,150,33.9,0,"low",148.1,0.031,1.106,80.96,6.21,577.632,0
"South Shore",2013-05-31,2013,151,292,1,"exceed",33.9,0.337,0.369,81.57,13.86,577.582,0
"South Shore",2013-06-01,2013,152,37.5,0,"low",292,0.181,0.519,76.29,11.51,577.641,0
"South Shore",2013-06-05,2013,156,35.1,0,"low",41.6,0,0,64.04,3.93,577.762,0
"South Shore",2013-06-06,2013,157,70.4,0,"low",35.1,0,0,68.33,4.93,577.928,0
"South Shore",2013-06-07,2013,158,14,0,"low",70.4,0.06,0.06,59.15,8.68,577.971,0
"South Shore",2013-06-12,2013,163,114.9,0,"low",3.5,0.318,0.468,79.78,1.46,577.747,0
"South Shore",2013-06-13,2013,164,133.6,0,"moderate",114.9,0.696,1.014,81.8,1.06,577.887,0
"South Shore",2013-06-14,2013,165,21.4,0,"low",133.6,0.065,0.761,64.07,11.64,578.018,0
"South Shore",2013-06-19,2013,170,56.1,0,"low",169.5,0,0.062,63.17,12.43,578.197,0
"South Shore",2013-06-20,2013,171,92,0,"low",56.1,0,0,68.04,6.03,577.927,0
"South Shore",2013-06-21,2013,172,14.5,0,"low",92,0,0,78.37,5.59,577.877,0
"South Shore",2013-06-26,2013,177,93.5,0,"low",670.4,0.004,0.175,85.17,4.74,577.835,0
"South Shore",2013-06-27,2013,178,117.3,0,"low",93.5,0.174,0.178,79.87,3.64,577.893,0
"South Shore",2013-06-28,2013,179,35.5,0,"low",117.3,0.75,0.923,88.6,2.47,577.911,0
"South Shore",2013-07-03,2013,184,58,0,"low",6,0,0,65.36,11.33,578.215,0
"South Shore",2013-07-10,2013,191,56.1,0,"low",613.3,0.006,0.27,83.44,5.96,577.957,0
"South Shore",2013-07-11,2013,192,118.9,0,"low",56.1,0,0.006,80.09,3.22,577.85,0
"South Shore",2013-07-12,2013,193,44.5,0,"low",118.9,0,0,74.36,4.46,577.914,0
"South Shore",2013-07-17,2013,198,64.4,0,"low",348.6,0.006,0.019,90.01,5.49,577.91,0
"South Shore",2013-07-18,2013,199,980.2,1,"exceed",64.4,0,0.006,88.99,2.19,577.791,0
"South Shore",2013-07-19,2013,200,18.7,0,"low",980.2,0,0,92.94,6.38,577.741,0
"South Shore",2013-07-24,2013,205,33.8,0,"low",96.5,0.023,0.023,78.9,7.88,578.108,0
"South Shore",2013-07-25,2013,206,45.9,0,"low",33.8,0,0.023,68.63,11.02,577.943,0
"South Shore",2013-07-26,2013,207,50.6,0,"low",45.9,0,0,75.13,1.92,577.821,0
"South Shore",2013-07-31,2013,212,235.6,1,"exceed",15.5,0.004,0.004,72.42,5.11,577.825,0
"South Shore",2013-08-01,2013,213,279.2,1,"exceed",235.6,0.138,0.142,72.84,0.97,577.864,0
"South Shore",2013-08-02,2013,214,243.4,1,"exceed",279.2,0.004,0.142,77.82,2.81,577.818,0
"South Shore",2013-08-03,2013,215,260.5,1,"exceed",243.4,0.732,0.736,82.83,3.91,577.869,0
"South Shore",2013-08-04,2013,216,46,0,"low",260.5,0,0.732,73.42,7.15,577.91,0
"South Shore",2013-08-05,2013,217,43,0,"low",46,0,0,70.1,5.31,577.867,0
"South Shore",2013-08-06,2013,218,288,1,"exceed",43,0.012,0.012,73.32,6.68,577.747,0
"South Shore",2013-08-07,2013,219,2420,1,"exceed",288,0,0.012,80.83,7.45,577.758,0
"South Shore",2013-08-08,2013,220,48,0,"low",2420,0.01,0.01,84.93,2.62,577.949,0
"South Shore",2013-08-09,2013,221,49.1,0,"low",48,0,0.01,72.95,9.73,577.943,0
"South Shore",2013-08-14,2013,226,70.7,0,"low",1355.8,0,0.443,70.39,11.63,578.078,0
"South Shore",2013-08-15,2013,227,71.5,0,"low",70.7,0,0,66.15,5.92,577.859,0
"South Shore",2013-08-16,2013,228,153.5,0,"moderate",71.5,0,0,72.89,3.28,577.698,0
"South Shore",2013-08-21,2013,233,447.8,1,"exceed",547.3,0,0,85.21,5.72,577.648,0
"South Shore",2013-08-22,2013,234,808.3,1,"exceed",447.8,0.019,0.019,87.84,8.05,577.654,0
"South Shore",2013-08-23,2013,235,143.1,0,"moderate",808.3,0.186,0.204,77.58,2.75,577.695,0
"South Shore",2013-08-28,2013,240,2047.9,1,"exceed",931,0,0,92.25,10.1,577.68,0
"South Shore",2013-08-29,2013,241,99.9,0,"low",2047.9,0,0,84.14,6.15,577.875,0
"South Shore",2013-08-30,2013,242,135.5,0,"moderate",99.9,0,0,78.53,3.3,577.822,0
"South Shore",2013-08-31,2013,243,573.8,1,"exceed",135.5,0.139,0.139,94.09,5.58,577.794,0
"South Shore",2013-09-01,2013,244,154.3,0,"moderate",573.8,0.593,0.732,73.72,5.35,577.938,0
"South Shore",2013-09-11,2013,254,32.2,0,"low",29.7,0,0,94,9.78,577.666,0
"South Shore",2013-09-12,2013,255,243.4,1,"exceed",32.2,0,0,90.41,3.67,577.76,0
"South Shore",2014-05-22,2014,142,23.9,0,"low",95,0.004,0.823,79.27,1.45,578.717,0
"South Shore",2014-05-23,2014,143,990.8,1,"exceed",23.9,0,0.004,63.42,5.7,578.625,0
"South Shore",2014-05-24,2014,144,13.4,0,"low",990.8,0,0,57.28,5.58,578.604,0
"South Shore",2014-05-29,2014,149,174.4,0,"moderate",121.8,0.256,0.404,60.37,7.76,578.878,0
"South Shore",2014-05-30,2014,150,63.5,0,"low",174.4,0,0.256,63.31,7.95,578.922,0
"South Shore",2014-06-04,2014,155,453.9,1,"exceed",210.4,0,0.114,77.16,2.86,578.649,0
"South Shore",2014-06-05,2014,156,100.7,0,"low",453.9,0.127,0.127,68.48,5.75,578.836,0
"South Shore",2014-06-06,2014,157,26.6,0,"low",100.7,0,0.127,66.58,5.44,578.784,0
"South Shore",2014-06-11,2014,162,33.4,0,"low",14.4,0.21,0.21,60.61,8.24,579.007,0
"South Shore",2014-06-12,2014,163,1.4,0,"low",33.4,0.071,0.281,65.87,3.22,579.091,0
"South Shore",2014-06-13,2014,164,5.7,0,"low",1.4,0.008,0.08,80.31,6.84,578.845,0
"South Shore",2014-06-18,2014,169,22,0,"low",2420,0,0,87.86,9.29,578.796,0
"South Shore",2014-06-19,2014,170,18.9,0,"low",22,0.213,0.213,81.26,3.32,579.096,0
"South Shore",2014-06-20,2014,171,1,0,"low",18.9,0.322,0.535,71.7,4.55,579.167,0
"South Shore",2014-06-25,2014,176,55.6,0,"low",5.7,0.37,0.453,78.66,1.2,579.042,0
"South Shore",2014-06-26,2014,177,2.4,0,"low",55.6,0.017,0.386,69.03,6.02,579.183,0
"South Shore",2014-06-27,2014,178,51.6,0,"low",2.4,0,0.017,65.24,5.27,579.117,0
"South Shore",2014-07-02,2014,183,98.6,0,"low",707.3,0.077,0.706,80.86,9.64,578.823,1
"South Shore",2014-07-03,2014,184,178.6,0,"moderate",98.6,0.069,0.146,72.92,4.71,578.957,0
"South Shore",2014-07-09,2014,190,147.5,0,"moderate",793.5,0.355,0.635,80.96,9.16,579.037,0
"South Shore",2014-07-10,2014,191,66.1,0,"low",147.5,0,0.355,71.7,3.36,579.036,0
"South Shore",2014-07-11,2014,192,3,0,"low",66.1,0,0,71.39,5.18,579.09,0
"South Shore",2014-07-16,2014,197,23.4,0,"low",1773.7,0.017,0.199,68.02,7.79,579.219,0
"South Shore",2014-07-17,2014,198,20.9,0,"low",23.4,0.004,0.021,66.48,3.64,579.122,0
"South Shore",2014-07-18,2014,199,41.4,0,"low",20.9,0,0.004,72.09,2.77,579.121,0
"South Shore",2014-07-23,2014,204,204.6,0,"moderate",9.5,0,0,87.31,10.21,578.974,0
"South Shore",2014-07-24,2014,205,42.4,0,"low",204.6,0.065,0.065,74.47,15.04,579.474,0
"South Shore",2014-07-25,2014,206,293.3,1,"exceed",42.4,0,0.065,68.72,6.97,579.242,0
"South Shore",2014-07-26,2014,207,30.2,0,"low",293.3,0,0,73.38,7.76,579.039,0
"South Shore",2014-07-30,2014,211,96,0,"low",921,0,0,73.11,1.42,579.144,0
"South Shore",2014-07-31,2014,212,630.7,1,"exceed",96,0,0,70.52,2.31,579.143,0
"South Shore",2014-08-01,2014,213,4.5,0,"low",630.7,0.026,0.026,82.46,6.47,579.062,0
"South Shore",2014-08-06,2014,218,355.2,1,"exceed",31.8,0.295,0.62,73.91,2.97,579.265,0
"South Shore",2014-08-07,2014,219,21,0,"low",355.2,0,0.295,73.11,5.84,579.249,0
"South Shore",2014-08-08,2014,220,52,0,"low",21,0,0,75.59,6.76,579.216,0
"South Shore",2014-08-13,2014,225,131.2,0,"moderate",411,0.041,0.967,69.65,7.76,579.486,0
"South Shore",2014-08-14,2014,226,61.4,0,"low",131.2,0.016,0.057,78.73,2.15,579.225,0
"South Shore",2014-08-15,2014,227,5.7,0,"low",61.4,0,0.016,67.25,8,579.275,0
"South Shore",2014-08-20,2014,232,20.4,0,"low",140.2,0.089,0.089,82.52,9.13,579.32,0
"South Shore",2014-08-21,2014,233,24.3,0,"low",20.4,0,0.089,85.15,6.38,579.33,0
"South Shore",2014-08-22,2014,234,597.3,1,"exceed",24.3,0.676,0.676,78.25,4.43,579.35,0
"South Shore",2014-08-27,2014,239,36.3,0,"low",890.9,0.039,0.87,79.17,0.28,579.28,0
"South Shore",2014-08-28,2014,240,145.5,0,"moderate",36.3,0,0.039,74.42,6.34,579.262,0
"South Shore",2014-08-29,2014,241,1938.6,1,"exceed",145.5,0.008,0.008,72.89,7.69,579.322,0
"South Shore",2014-08-30,2014,242,48.4,0,"low",1938.6,0.017,0.025,82.34,9.38,579.173,0
"South Shore",2015-05-21,2015,141,76.3,0,"low",12.7,0.014,0.014,45.54,8.47,579.495,0
"South Shore",2015-05-22,2015,142,53.6,0,"low",76.3,0,0.014,67.48,6,579.462,0
"South Shore",2015-05-28,2015,148,398.5,1,"exceed",224.9,0.025,0.203,75.33,7.84,579.525,0
"South Shore",2015-05-29,2015,149,6.9,0,"low",398.5,0,0.025,78.14,4.54,579.607,0
"South Shore",2015-06-03,2015,154,85.5,0,"low",308.9,0,0,63.14,4.43,579.794,0
"South Shore",2015-06-04,2015,155,207.1,0,"moderate",85.5,0,0,69.45,4.89,579.82,0
"South Shore",2015-06-05,2015,156,488.2,1,"exceed",207.1,0,0,78.77,6.21,579.79,0
"South Shore",2015-06-06,2015,157,23.7,0,"low",488.2,0,0,71.57,11.31,579.854,0
"South Shore",2015-06-10,2015,161,12,0,"low",15.5,0,0.17,82.78,5.5,579.718,0
"South Shore",2015-06-11,2015,162,258,1,"exceed",12,0.048,0.048,91.16,6.96,579.761,0
"South Shore",2015-06-12,2015,163,61.7,0,"low",258,0.126,0.174,68.47,4.62,579.944,0
"South Shore",2015-06-17,2015,168,10.4,0,"low",104.3,0.021,0.595,71.14,8.64,580.016,1
"South Shore",2015-06-18,2015,169,183.6,0,"moderate",10.4,0.089,0.11,63.92,2.8,580.048,0
"South Shore",2015-06-19,2015,170,324.4,1,"exceed",183.6,0,0.089,81.62,5.03,580.048,0
"South Shore",2015-06-20,2015,171,13.4,0,"low",324.4,0,0,60.16,10.29,580.139,0
"South Shore",2015-06-24,2015,175,32.2,0,"low",82.3,0,0.023,76.08,3.32,580.017,0
"South Shore",2015-06-25,2015,176,47.4,0,"low",32.2,0,0,76.32,3.44,579.875,0
"South Shore",2015-06-26,2015,177,295,1,"exceed",47.4,0.219,0.219,78.21,0.2,580.153,0
"South Shore",2015-06-27,2015,178,90.5,0,"low",295,0.437,0.656,64.95,7.82,580.217,0
"South Shore",2015-07-01,2015,182,150,0,"moderate",208.5,0,0.059,74.31,2.88,580.06,0
"South Shore",2015-07-02,2015,183,44.6,0,"low",150,0,0,60.89,7.81,580.091,0
"South Shore",2015-07-08,2015,189,75.5,0,"low",2420,0.173,0.392,74.31,9.74,580.256,0
"South Shore",2015-07-09,2015,190,214.1,0,"moderate",75.5,0,0.173,63.99,6.22,580.11,0
"South Shore",2015-07-10,2015,191,68.8,0,"low",214.1,0.024,0.024,66.46,5.65,580.118,0
"South Shore",2015-07-15,2015,196,111.3,0,"low",109.2,0,0.602,78.8,7.58,580.248,0
"South Shore",2015-07-16,2015,197,126.1,0,"moderate",111.3,0,0,68.78,9.13,580.217,0
"South Shore",2015-07-17,2015,198,28.5,0,"low",126.1,0.19,0.19,75.83,5.39,580.058,0
"South Shore",2015-07-22,2015,203,46.9,0,"low",956,0,0.003,75.27,5.24,579.976,0
"South Shore",2015-07-23,2015,204,49.8,0,"low",46.9,0,0,77,2.3,579.948,0
"South Shore",2015-07-24,2015,205,97.5,0,"low",49.8,0,0,78.64,2.44,579.985,0
"South Shore",2015-07-29,2015,210,11.7,0,"low",35.1,0,0,86.28,4.15,580.004,0
"South Shore",2015-07-30,2015,211,198.2,0,"moderate",11.7,0.035,0.035,87.15,5.28,579.91,0
"South Shore",2015-07-31,2015,212,114.3,0,"low",198.2,0.026,0.061,87.06,8.58,579.79,0
"South Shore",2015-08-05,2015,217,175.7,0,"moderate",109.5,0,0.624,80.93,2,579.96,0
"South Shore",2015-08-06,2015,218,75,0,"low",175.7,0,0,77.38,4.21,580.036,0
"South Shore",2015-08-07,2015,219,35.3,0,"low",75,0,0,76.86,7.45,580.113,0
"South Shore",2015-08-12,2015,224,247.2,1,"exceed",143.7,0,0.195,75.52,5.9,580.042,0
"South Shore",2015-08-13,2015,225,30,0,"low",247.2,0,0,72.55,4.86,579.88,0
"South Shore",2015-08-14,2015,226,230.3,0,"moderate",30,0,0,83.26,8.12,579.753,0
"South Shore",2015-08-19,2015,231,5.5,0,"low",15,0.679,0.89,81.11,7.55,579.95,0
"South Shore",2015-08-20,2015,232,32.9,0,"low",5.5,0,0.679,76.59,12.2,579.717,0
"South Shore",2015-08-21,2015,233,44,0,"low",32.9,0,0,73.74,11.29,579.684,0
"South Shore",2015-08-26,2015,238,37.5,0,"low",22.8,0,0,66.61,4.12,579.697,0
"South Shore",2015-08-27,2015,239,14.9,0,"low",37.5,0,0,64.61,4.86,579.754,0
"South Shore",2015-08-28,2015,240,21.4,0,"low",14.9,0,0,69.38,1.7,579.792,0
"South Shore",2015-09-02,2015,245,11.3,0,"low",169.8,0,0,87.2,7.9,579.762,0
"South Shore",2015-09-03,2015,246,45.4,0,"low",11.3,0,0,88.74,5.96,579.77,0
"South Shore",2015-09-04,2015,247,487.8,1,"exceed",45.4,0,0,90.31,4.97,579.905,0
"South Shore",2015-09-05,2015,248,366.4,1,"exceed",487.8,0,0,76.12,5.31,579.992,0
"South Shore",2015-09-06,2015,249,6.9,0,"low",366.4,0.018,0.018,82.76,5.34,579.877,0
"South Shore",2016-06-02,2016,154,20.4,0,"low",58.6,0.155,0.514,77.42,1.14,580.465,0
"South Shore",2016-06-03,2016,155,227.7,0,"moderate",20.4,0,0.155,77.82,3.06,580.335,0
"South Shore",2016-06-07,2016,159,149.4,0,"moderate",51.4,0.038,0.127,82.21,8.25,580.213,0
"South Shore",2016-06-08,2016,160,24.1,0,"low",149.4,0,0.038,61.98,6.43,580.418,0
"South Shore",2016-06-09,2016,161,24.3,0,"low",24.1,0,0,62.15,3.88,580.28,0
"South Shore",2016-06-10,2016,162,45.5,0,"low",24.3,0.025,0.025,70.31,4.89,580.367,0
"South Shore",2016-06-14,2016,166,33.4,0,"low",7.7,0,0,83.79,3.72,580.574,0
"South Shore",2016-06-15,2016,167,48.9,0,"low",33.4,0,0,81.05,5.64,580.531,0
"South Shore",2016-06-16,2016,168,18,0,"low",48.9,0.18,0.18,87.76,6.1,580.513,0
"South Shore",2016-06-17,2016,169,14,0,"low",18,0,0.18,82.7,9.34,580.684,0
"South Shore",2016-06-21,2016,173,38.7,0,"low",97.3,0,0,90.87,9.21,580.242,0
"South Shore",2016-06-22,2016,174,17.3,0,"low",38.7,0,0,80.86,3.12,580.311,0
"South Shore",2016-06-23,2016,175,215.1,0,"moderate",17.3,0.394,0.394,74.53,4.37,580.435,0
"South Shore",2016-06-24,2016,176,66.5,0,"low",215.1,0,0.394,72.89,6.89,580.579,0
"South Shore",2016-06-28,2016,180,143,0,"moderate",5.9,0,0.09,90.62,4.54,580.343,0
"South Shore",2016-06-29,2016,181,28,0,"low",143,0,0,70.59,11.65,580.589,0
"South Shore",2016-06-30,2016,182,18,0,"low",28,0,0,74.87,3.26,580.371,0
"South Shore",2016-07-01,2016,183,219.3,0,"moderate",18,0,0,76.93,8.09,580.284,0
"South Shore",2016-07-07,2016,189,4,0,"low",24.5,1.028,1.028,87.48,6.31,580.282,0
"South Shore",2016-07-08,2016,190,36,0,"low",4,0.048,1.076,81.97,2.86,580.371,0
"South Shore",2016-07-12,2016,194,14.8,0,"low",51.5,0,0,88.53,11.13,580.358,0
"South Shore",2016-07-13,2016,195,667.7,1,"exceed",14.8,0,0,88.4,11.23,580.23,0
"South Shore",2016-07-14,2016,196,58.9,0,"low",667.7,0.216,0.216,83.44,8.21,580.112,0
"South Shore",2016-07-15,2016,197,15.9,0,"low",58.9,0,0.216,86.21,11.38,580.105,0
"South Shore",2016-07-19,2016,201,31.1,0,"low",121.4,0.394,0.587,78.37,0.73,580.249,0
"South Shore",2016-07-20,2016,202,40.4,0,"low",31.1,0,0.394,80.98,2.52,580.308,0
"South Shore",2016-07-21,2016,203,66.5,0,"low",40.4,0,0,85.57,4.24,580.289,0
"South Shore",2016-07-22,2016,204,95.2,0,"low",66.5,0.562,0.562,88.4,5.58,580.039,0
"South Shore",2016-07-26,2016,208,962.4,1,"exceed",11.4,0,0.321,82.37,0.38,580.19,0
"South Shore",2016-07-27,2016,209,1082.4,1,"exceed",962.4,0,0,83.25,3.4,580.223,0
"South Shore",2016-07-28,2016,210,138.9,0,"moderate",1082.4,0,0,85.46,2.14,580.259,0
"South Shore",2016-07-29,2016,211,19.1,0,"low",138.9,0.034,0.034,80.44,2.17,580.394,0
"South Shore",2016-08-02,2016,215,11.7,0,"low",37.1,0,0,78.3,5.74,580.413,0
"South Shore",2016-08-03,2016,216,80,0,"low",11.7,0,0,81.01,4.76,580.397,0
"South Shore",2016-08-04,2016,217,387.3,1,"exceed",80,0,0,86.21,3.91,580.364,0
"South Shore",2016-08-05,2016,218,77.9,0,"low",387.3,0,0,89.42,5.42,580.276,0
"South Shore",2016-08-09,2016,222,5.7,0,"low",37.9,0,0,80.08,9.5,580.318,0
"South Shore",2016-08-10,2016,223,93.2,0,"low",5.7,0,0,82.93,4.24,580.18,0
"South Shore",2016-08-11,2016,224,283.1,1,"exceed",93.2,0,0,83.43,3.38,580.164,0
"South Shore",2016-08-12,2016,225,94.5,0,"low",283.1,0,0,90.47,8.9,580.105,0
"South Shore",2016-08-16,2016,229,49.9,0,"low",115.2,0.223,0.223,74.52,6.34,580.335,0
"South Shore",2016-08-17,2016,230,46.5,0,"low",49.9,0.046,0.27,80.36,1.77,580.308,0
"South Shore",2016-08-18,2016,231,53.3,0,"low",46.5,0.021,0.067,85.13,5.02,580.249,0
"South Shore",2016-08-19,2016,232,24.5,0,"low",53.3,0.264,0.285,83.34,6.98,580.213,0
"South Shore",2016-08-23,2016,236,27,0,"low",6.6,0,0,77.02,4.14,580.135,0
"South Shore",2016-08-24,2016,237,14.5,0,"low",27,0,0,79.53,9.82,579.918,0
"South Shore",2016-08-30,2016,243,278.3,1,"exceed",20.4,0,0,82.16,4.56,580.226,0
"South Shore",2016-08-31,2016,244,97,0,"low",278.3,0.05,0.05,83.41,1.02,580.223,0
"South Shore",2016-09-01,2016,245,79.8,0,"low",97,0,0.05,74.5,10.61,580.489,0
"South Shore",2016-09-02,2016,246,33.9,0,"low",79.8,0,0,71.54,11.61,580.577,0
